County Code,County Name,Constituency Code,Constituency Name,Ward Code,Ward Name,Polling Station Name
1,MOMBASA,1,CHANGAMWE,1,PORT REITZ,BOMU PRIMARY SCHOOL
1,MOMBASA,1,CHANGAMWE,1,PORT REITZ,MWIJABU PRIMARY SCHOOL
1,MOMBASA,1,CHANGAMWE,1,PORT REITZ,LILONGWE GARDEN
1,MOMBASA,1,CHANGAMWE,1,PORT REITZ,BOMU STADIUM
1,MOMBASA,1,CHANGAMWE,1,PORT REITZ,BOMU SECONDARY SCHOOL
1,MOMBASA,1,CHANGAMWE,1,PORT REITZ,FULL GOSPEL CHURCH GROUND
1,MOMBASA,1,CHANGAMWE,2,KIPEVU,UMOJA PRIMARY SCHOOL
1,MOMBASA,1,CHANGAMWE,2,KIPEVU,KISUMU NDOGO GROUND
1,MOMBASA,1,CHANGAMWE,2,KIPEVU,KWA HOLA PRIMARY SCHOOL
1,MOMBASA,1,CHANGAMWE,2,KIPEVU,CAPE TOWN GROUND
1,MOMBASA,1,CHANGAMWE,2,KIPEVU,KALOLENI GROUND
1,MOMBASA,1,CHANGAMWE,2,KIPEVU,AKAMBA HANDCRAFT COOP. SOCIETY HALL
1,MOMBASA,1,CHANGAMWE,3,AIRPORT,BOKOLE NURSERY SCHOOL
1,MOMBASA,1,CHANGAMWE,3,AIRPORT,BARAKA VILLAGE
1,MOMBASA,1,CHANGAMWE,3,AIRPORT,AL-IRSHADI NURSERY SCHOOL
1,MOMBASA,1,CHANGAMWE,3,AIRPORT,MWIDANI SOCIAL HALL
1,MOMBASA,1,CHANGAMWE,3,AIRPORT,PORTREITZ NURSERY SCHOOL
1,MOMBASA,1,CHANGAMWE,4,CHANGAMWE,CHANGAMWE SOCIAL HALL
1,MOMBASA,1,CHANGAMWE,4,CHANGAMWE,CHANGAMWE PRIMARY SCHOOL
1,MOMBASA,1,CHANGAMWE,4,CHANGAMWE,ST. LWANGA PRIMARY SCHOOL
1,MOMBASA,1,CHANGAMWE,4,CHANGAMWE,CHANGAMWE SECONDARY SCHOOL
1,MOMBASA,1,CHANGAMWE,4,CHANGAMWE,GOME PRIMARY SCHOOL
1,MOMBASA,1,CHANGAMWE,4,CHANGAMWE,MAGONGO PRIMARY SCHOOL
1,MOMBASA,1,CHANGAMWE,4,CHANGAMWE,BAPTIST CHURCH PRIMARY SCHOOL
1,MOMBASA,1,CHANGAMWE,4,CHANGAMWE,BISHOP MKALA ACADEMY
1,MOMBASA,1,CHANGAMWE,4,CHANGAMWE,KIMBILIO ACADEMY
1,MOMBASA,1,CHANGAMWE,4,CHANGAMWE,AIC CHURCH HALL
1,MOMBASA,1,CHANGAMWE,5,CHAANI,CHAANI SOCIAL HALL
1,MOMBASA,1,CHANGAMWE,5,CHAANI,KIPEVU PRIMARY SCHOOL
1,MOMBASA,1,CHANGAMWE,5,CHAANI,MIKADINI PRIMARY SCHOOL
1,MOMBASA,1,CHANGAMWE,5,CHAANI,CHAANI PRIMARY SCHOOL
1,MOMBASA,1,CHANGAMWE,5,CHAANI,CHAANI SECONDARY SCHOOL
1,MOMBASA,1,CHANGAMWE,5,CHAANI,CHAANI CHIEF'S OFFICE
1,MOMBASA,1,CHANGAMWE,5,CHAANI,KASARANI GROUNDS
1,MOMBASA,2,JOMVU,6,JOMVU KUU,MIRITINI WORLD BANK PRIMARY SCHOOL
1,MOMBASA,2,JOMVU,6,JOMVU KUU,JOMVU KUU PRIMARY SCHOOL
1,MOMBASA,2,JOMVU,6,JOMVU KUU,TARATIBU SOCIAL HALL
1,MOMBASA,2,JOMVU,6,JOMVU KUU,MIRIRONI PRIMARY SCHOOL
1,MOMBASA,2,JOMVU,6,JOMVU KUU,JOMVU NARCOL NURSERY SCHOOL
1,MOMBASA,2,JOMVU,6,JOMVU KUU,SWALEH KHALID SOCIAL HALL
1,MOMBASA,2,JOMVU,6,JOMVU KUU,BADI TWALIB PRIMARY SCHOOL
1,MOMBASA,2,JOMVU,6,JOMVU KUU,ALDINNAH OPEN GROUNDS
1,MOMBASA,2,JOMVU,6,JOMVU KUU,MISUFINI OPEN GROUNDS
1,MOMBASA,2,JOMVU,7,MIRITINI,ABU-UBAIDA PRIMARY SCHOOL
1,MOMBASA,2,JOMVU,7,MIRITINI,MIRITINI PRIMARY SCHOOL
1,MOMBASA,2,JOMVU,7,MIRITINI,BAMAKO INNITIATIVE MIRITINI
1,MOMBASA,2,JOMVU,7,MIRITINI,RAILWAY STATION HALL
1,MOMBASA,2,JOMVU,7,MIRITINI,MWAMLAI PRIMARY SCHOOL
1,MOMBASA,2,JOMVU,7,MIRITINI,CHABEAT OPEN GROUND - CHAMUNYU
1,MOMBASA,2,JOMVU,7,MIRITINI,MAGANDA PRIMARY SCHOOL
1,MOMBASA,2,JOMVU,8,MIKINDANI,MINISTRY OF WATER TANKS
1,MOMBASA,2,JOMVU,8,MIKINDANI,OWINO UHURU NURSERY SCHOOL
1,MOMBASA,2,JOMVU,8,MIKINDANI,KWA SHEE PRIMARY SCHOOL
1,MOMBASA,2,JOMVU,8,MIKINDANI,AMANI PRIMARY SCHOOL
1,MOMBASA,2,JOMVU,8,MIKINDANI,ST. MARY'S BANGLADESH PRIMARY SCHOOL
1,MOMBASA,2,JOMVU,8,MIKINDANI,MIKINDANI PRIMARY SCHOOL
1,MOMBASA,2,JOMVU,8,MIKINDANI,NEW KIBARANI PRIMARY SCHOOL
1,MOMBASA,2,JOMVU,8,MIKINDANI,KAJEMBE HIGH SCHOOL
1,MOMBASA,2,JOMVU,8,MIKINDANI,NAZARENE NURSERY SCHOOL
1,MOMBASA,2,JOMVU,8,MIKINDANI,MWEMBENI OPEN GROUNDS
1,MOMBASA,3,KISAUNI,9,MJAMBERE,KISAUNI BAPTIST PRIMARY SCHOOL
1,MOMBASA,3,KISAUNI,9,MJAMBERE,KISAUNI WATER & SEWERAGE OFFICES
1,MOMBASA,3,KISAUNI,9,MJAMBERE,KADONGO GROUNDS - MISHOMORONI
1,MOMBASA,3,KISAUNI,9,MJAMBERE,PALANI GROUNDS
1,MOMBASA,3,KISAUNI,10,JUNDA,MANYANI GROUNDS
1,MOMBASA,3,KISAUNI,10,JUNDA,IFC CHURCH
1,MOMBASA,3,KISAUNI,10,JUNDA,EMMAS ACADEMY
1,MOMBASA,3,KISAUNI,10,JUNDA,NEW HOPE SECONDARY SCHOOL - MAKUMBA
1,MOMBASA,3,KISAUNI,10,JUNDA,ASSISTANT CHIEF'S CAMP - MACHAFUKO
1,MOMBASA,3,KISAUNI,10,JUNDA,JUNDA ASSISTANT CHIEF'S CAMP-WANGWANI
1,MOMBASA,3,KISAUNI,11,BAMBURI,KASHANI PRIMARY SCHOOL
1,MOMBASA,3,KISAUNI,11,BAMBURI,MAJAONI PRIMARY SCHOOL
1,MOMBASA,3,KISAUNI,11,BAMBURI,KIEMBENI PRIMARY SCHOOL
1,MOMBASA,3,KISAUNI,11,BAMBURI,ST. ELIZABETH ACADEMY
1,MOMBASA,3,KISAUNI,11,BAMBURI,MDENGEREKENI PRIMARY SCHOOL
1,MOMBASA,3,KISAUNI,12,MWAKIRUNGE,MARIMANI PRIMARY SCHOOL
1,MOMBASA,3,KISAUNI,12,MWAKIRUNGE,COLORADO PRIMARY SCHOOL
1,MOMBASA,3,KISAUNI,12,MWAKIRUNGE,VORONI COMMUNITY PRIMARY SCHOOL
1,MOMBASA,3,KISAUNI,12,MWAKIRUNGE,MAUNGUJA PRIMARY SCHOOL
1,MOMBASA,3,KISAUNI,12,MWAKIRUNGE,MWAKIRUNGE PRIMARY SCHOOL
1,MOMBASA,3,KISAUNI,13,MTOPANGA,KIEMBENI BAPTIST PRIMARY SCHOOL
1,MOMBASA,3,KISAUNI,13,MTOPANGA,MTOPANGA PRIMARY SCHOOL
1,MOMBASA,3,KISAUNI,13,MTOPANGA,CONCORDIA PRIMARY SCHOOL
1,MOMBASA,3,KISAUNI,13,MTOPANGA,COMMUNITY OF CHRIST CHURCH-MTOPANGA
1,MOMBASA,3,KISAUNI,13,MTOPANGA,ST.JOSEPHS HERMAN PRIMARY SCHOOL
1,MOMBASA,3,KISAUNI,13,MTOPANGA,PERMA SHARP GROUNDS
1,MOMBASA,3,KISAUNI,14,MAGOGONI,MISHOMORONI JUNIOR ACADEMY
1,MOMBASA,3,KISAUNI,14,MAGOGONI,MWANDONI (KISHADA) PLAY GROUNDS
1,MOMBASA,3,KISAUNI,14,MAGOGONI,BARSHEBA SOKONI GROUNDS
1,MOMBASA,3,KISAUNI,14,MAGOGONI,MWANDONI BLUE BENCH GROUNDS
1,MOMBASA,3,KISAUNI,14,MAGOGONI,MWANDONI KWA MTUMWA GROUNDS
1,MOMBASA,3,KISAUNI,14,MAGOGONI,MJAHIDINA MUSLIM SCHOOL
1,MOMBASA,3,KISAUNI,15,SHANZU,MIKOROSHONI PRIMARY SCHOOL
1,MOMBASA,3,KISAUNI,15,SHANZU,UTANGE PRIMARY SCHOOL
1,MOMBASA,3,KISAUNI,15,SHANZU,ZIMLAT PRIMARY SCHOOL
1,MOMBASA,3,KISAUNI,15,SHANZU,BAMBURI PRIMARY SCHOOL
1,MOMBASA,3,KISAUNI,15,SHANZU,SHANZU TEACHERS TRAINING COLLEGE
1,MOMBASA,3,KISAUNI,15,SHANZU,SHIMO LA TEWA PRIMARY SCHOOL
1,MOMBASA,3,KISAUNI,15,SHANZU,MWEMBELEGEZA PRIMARY SCHOOL
1,MOMBASA,4,NYALI,16,FRERE TOWN,KHADIJA PRIMARY SCHOOL
1,MOMBASA,4,NYALI,16,FRERE TOWN,FADHIL-ADHYM PRIMARY SCHOOL
1,MOMBASA,4,NYALI,16,FRERE TOWN,MLALEO PRIMARY SCHOOL
1,MOMBASA,4,NYALI,16,FRERE TOWN,FRERE TOWN PRIMARY SCHOOL
1,MOMBASA,4,NYALI,16,FRERE TOWN,MWANDONI KADIRIA GROUNDS
1,MOMBASA,4,NYALI,16,FRERE TOWN,VICTORIA BAPTIST PRIMARY SCHOOL
1,MOMBASA,4,NYALI,16,FRERE TOWN,SARAJEVO GROUNDS
1,MOMBASA,4,NYALI,16,FRERE TOWN,FRERETOWN SECONDARY SCHOOL
1,MOMBASA,4,NYALI,16,FRERE TOWN,KHADIJA SECONDARY SCHOOL
1,MOMBASA,4,NYALI,17,ZIWA LA NG'OMBE,ZIWA LA NG'OMBE PRIMARY SCHOOL
1,MOMBASA,4,NYALI,17,ZIWA LA NG'OMBE,OLIVE REHABILITATION CENTRE - MKUNGUNI
1,MOMBASA,4,NYALI,17,ZIWA LA NG'OMBE,TUMAINI ACADEMY/CHURCH OF CHRIST
1,MOMBASA,4,NYALI,17,ZIWA LA NG'OMBE,KICODEP HALL
1,MOMBASA,4,NYALI,17,ZIWA LA NG'OMBE,AZHAR PRIMARY SCHOOL
1,MOMBASA,4,NYALI,18,MKOMANI,MAWENI PRIMARY SCHOOL
1,MOMBASA,4,NYALI,18,MKOMANI,ASK GROUND - GATE 'A'
1,MOMBASA,4,NYALI,18,MKOMANI,MKOMANI GROUNDS
1,MOMBASA,4,NYALI,18,MKOMANI,PENTROSE COMMUNITY PRIMARY SCHOOL
1,MOMBASA,4,NYALI,18,MKOMANI,MAWENI MIXED SECONDARY SCHOOL
1,MOMBASA,4,NYALI,19,KONGOWEA,KONGOWEA PRIMARY SCHOOL
1,MOMBASA,4,NYALI,19,KONGOWEA,KWA KARAMA GROUNDS
1,MOMBASA,4,NYALI,19,KONGOWEA,KENGELENI PRIMARY SCHOOL
1,MOMBASA,4,NYALI,19,KONGOWEA,MUNICIPAL SOCIAL HALL - KONGOWEA
1,MOMBASA,4,NYALI,19,KONGOWEA,METHODIST CHURCH - KONGOWEA
1,MOMBASA,4,NYALI,19,KONGOWEA,KONGOWEA SECONDARY SCHOOL
1,MOMBASA,4,NYALI,20,KADZANDANI,BAHAWANI PRIMARY SCHOOL
1,MOMBASA,4,NYALI,20,KADZANDANI,BASHIR PRIMARY SCHOOL
1,MOMBASA,4,NYALI,20,KADZANDANI,KADZANDANI PRIMARY SCHOOL
1,MOMBASA,4,NYALI,20,KADZANDANI,MARIANIST POLYTECHNIC
1,MOMBASA,4,NYALI,20,KADZANDANI,SOWETO GROUNDS
1,MOMBASA,4,NYALI,20,KADZANDANI,MWATAMBA GROUNDS
1,MOMBASA,4,NYALI,20,KADZANDANI,KWA BULLO PRIMARY/SECONDARY SCHOOL
1,MOMBASA,4,NYALI,20,KADZANDANI,TEMAN JUNIOR ACADEMY
1,MOMBASA,5,LIKONI,21,MTONGWE,MTONGWE PRIMARY SCHOOL
1,MOMBASA,5,LIKONI,21,MTONGWE,LONGO PRIMARY SCHOOL
1,MOMBASA,5,LIKONI,21,MTONGWE,MTONGWE SOCIAL HALL
1,MOMBASA,5,LIKONI,21,MTONGWE,VIJIWENI PRIMARY SCHOOL
1,MOMBASA,5,LIKONI,21,MTONGWE,MWANGALA PRIMARY SCHOOL
1,MOMBASA,5,LIKONI,21,MTONGWE,MWEZA PRIMARY SCHOOL
1,MOMBASA,5,LIKONI,21,MTONGWE,MKWAJUNI MARKET
1,MOMBASA,5,LIKONI,21,MTONGWE,ST. JOSEPH NURSERY SCHOOL
1,MOMBASA,5,LIKONI,21,MTONGWE,MTONGWE VOCATIONAL TRAINING CENTER
1,MOMBASA,5,LIKONI,22,SHIKA ADABU,SHIKA ADABU PRIMARY SCHOOL
1,MOMBASA,5,LIKONI,22,SHIKA ADABU,CONSOLATA PRIMARY SCHOOL
1,MOMBASA,5,LIKONI,22,SHIKA ADABU,VYEMANI PRIMARY SCHOOL
1,MOMBASA,5,LIKONI,22,SHIKA ADABU,VIJIWENI GROUNDS
1,MOMBASA,5,LIKONI,22,SHIKA ADABU,UJAMAA GROUNDS
1,MOMBASA,5,LIKONI,22,SHIKA ADABU,MISHI MBOKO GIRLS SECONDARY SCHOOL
1,MOMBASA,5,LIKONI,22,SHIKA ADABU,INSPIRATIONS PRIMARY SCHOOL
1,MOMBASA,5,LIKONI,22,SHIKA ADABU,SHIKA ADABU SECONDARY SCHOOL
1,MOMBASA,5,LIKONI,23,BOFU,DARU ULUM MADRASA
1,MOMBASA,5,LIKONI,23,BOFU,JAMVI LA WAGENI PRIMARY SCHOOL
1,MOMBASA,5,LIKONI,23,BOFU,PELELEZA PRIMARY SCHOOL
1,MOMBASA,5,LIKONI,23,BOFU,LIKONI MUSLIM PRIMARY SCHOOL
1,MOMBASA,5,LIKONI,23,BOFU,BOMANI FOOTBALL GROUND
1,MOMBASA,5,LIKONI,24,LIKONI,LIKONI PRIMARY SCHOOL
1,MOMBASA,5,LIKONI,24,LIKONI,JESUS CELEBRATION CENTER (SOWETO)
1,MOMBASA,5,LIKONI,24,LIKONI,LIKONI SECONDARY SCHOOL
1,MOMBASA,5,LIKONI,25,TIMBWANI,LIKONI FLATS SOCIAL HALL
1,MOMBASA,5,LIKONI,25,TIMBWANI,CONSOLATA NURSERY SCHOOL
1,MOMBASA,5,LIKONI,25,TIMBWANI,TIMBWANI PRIMARY SCHOOL
1,MOMBASA,5,LIKONI,25,TIMBWANI,MRIMA PRIMARY SCHOOL
1,MOMBASA,5,LIKONI,25,TIMBWANI,USHINDI BAPTIST PRIMARY SCHOOL
1,MOMBASA,5,LIKONI,25,TIMBWANI,MAJI SAFI PRIMARY SCHOOL
1,MOMBASA,5,LIKONI,25,TIMBWANI,LICODEP
1,MOMBASA,5,LIKONI,25,TIMBWANI,TIMBWANI SECONDARY SCHOOL
1,MOMBASA,5,LIKONI,25,TIMBWANI,CALTEX GROUNDS
1,MOMBASA,5,LIKONI,25,TIMBWANI,TIMBWANI BABTIST PRIMARY SCHOOL
1,MOMBASA,6,MVITA,26,MJI WA KALE/MAKADARA,KADERBHOY OLD TOWN DISPENSARY
1,MOMBASA,6,MVITA,26,MJI WA KALE/MAKADARA,FORT JESUS MUSEUM
1,MOMBASA,6,MVITA,26,MJI WA KALE/MAKADARA,COAST GIRLS SECONDARY SCHOOL
1,MOMBASA,6,MVITA,26,MJI WA KALE/MAKADARA,STAR OF THE SEA PRIMARY SCHOOL
1,MOMBASA,6,MVITA,26,MJI WA KALE/MAKADARA,MBARAKI PRIMARY SCHOOL
1,MOMBASA,6,MVITA,26,MJI WA KALE/MAKADARA,SONARA SOCIAL HALL
1,MOMBASA,6,MVITA,26,MJI WA KALE/MAKADARA,ALLIDINA VISRAM HIGH SCHOOL
1,MOMBASA,6,MVITA,26,MJI WA KALE/MAKADARA,HAJAM JAMAAT HALL
1,MOMBASA,6,MVITA,26,MJI WA KALE/MAKADARA,SERANI PRIMARY SCHOOL
1,MOMBASA,6,MVITA,26,MJI WA KALE/MAKADARA,MOMBASA PRIMARY SCHOOL
1,MOMBASA,6,MVITA,26,MJI WA KALE/MAKADARA,KENYA SCHOOL OF GOVERNMENT
1,MOMBASA,6,MVITA,26,MJI WA KALE/MAKADARA,TIJARA GARDENS
1,MOMBASA,6,MVITA,27,TUDOR,TUDOR VILLAGE HALL
1,MOMBASA,6,MVITA,27,TUDOR,ST. AUGUSTINE PRIMARY SCHOOL
1,MOMBASA,6,MVITA,27,TUDOR,TUDOR PRIMARY SCHOOL
1,MOMBASA,6,MVITA,27,TUDOR,R. G. NGALA PRIMARY SCHOOL
1,MOMBASA,6,MVITA,27,TUDOR,FAHARI PRIMARY SCHOOL
1,MOMBASA,6,MVITA,27,TUDOR,SPARKI PRIMARY SCHOOL
1,MOMBASA,6,MVITA,27,TUDOR,BURHANIA PRIMARY SCHOOL
1,MOMBASA,6,MVITA,27,TUDOR,MUNICIPAL INSPECTORATE OFFICES
1,MOMBASA,6,MVITA,27,TUDOR,TUDOR DAY SECONDARY SCHOOL
1,MOMBASA,6,MVITA,27,TUDOR,KPA HALL MAKANDE
1,MOMBASA,6,MVITA,27,TUDOR,KHAMISI SECONDARY SCHOOL
1,MOMBASA,6,MVITA,28,TONONOKA,MWEMBE-TAYARI PUBLIC HEALTH CLINIC (PHC)
1,MOMBASA,6,MVITA,28,TONONOKA,KUMBAR PRIMARY SCHOOL
1,MOMBASA,6,MVITA,28,TONONOKA,AL-AMANI SOCIAL HALL - FLORINGI
1,MOMBASA,6,MVITA,28,TONONOKA,SHARIFF NASSIR SECONDARY SCHOOL
1,MOMBASA,6,MVITA,28,TONONOKA,CHANDARIA HALL
1,MOMBASA,6,MVITA,28,TONONOKA,KIKOWANI PRIMARY SCHOOL
1,MOMBASA,6,MVITA,28,TONONOKA,TONONOKA SOCIAL HALL
1,MOMBASA,6,MVITA,28,TONONOKA,TONONOKA NURSERY SCHOOL
1,MOMBASA,6,MVITA,28,TONONOKA,MUNICIPAL STADIUM
1,MOMBASA,6,MVITA,28,TONONOKA,CENTRAL GIRLS PRIMARY SCHOOL
1,MOMBASA,6,MVITA,28,TONONOKA,BUXTON ESTATE HALL
1,MOMBASA,6,MVITA,29,SHIMANZI/GANJONI,PUBLIC WORKS OFFICES
1,MOMBASA,6,MVITA,29,SHIMANZI/GANJONI,MAKANDE KPA NURSERY SCHOOL
1,MOMBASA,6,MVITA,29,SHIMANZI/GANJONI,MAKUPA PRIMARY SCHOOL
1,MOMBASA,6,MVITA,29,SHIMANZI/GANJONI,MAKANDE PRIMARY SCHOOL
1,MOMBASA,6,MVITA,29,SHIMANZI/GANJONI,SHIMANZI KPA NURSERY SCHOOL
1,MOMBASA,6,MVITA,29,SHIMANZI/GANJONI,KPA HALL HIGH LEVEL
1,MOMBASA,6,MVITA,29,SHIMANZI/GANJONI,LITTLE THEATRE CLUB
1,MOMBASA,6,MVITA,29,SHIMANZI/GANJONI,SACRED HEART PRIMARY SCHOOL
1,MOMBASA,6,MVITA,29,SHIMANZI/GANJONI,KPA SOCIAL HALL
1,MOMBASA,6,MVITA,29,SHIMANZI/GANJONI,BANDARI COLLEGE
1,MOMBASA,6,MVITA,29,SHIMANZI/GANJONI,GANJONI MUNICIPAL CLINIC
1,MOMBASA,6,MVITA,29,SHIMANZI/GANJONI,MAJENGO PRIMARY SCHOOL
1,MOMBASA,6,MVITA,29,SHIMANZI/GANJONI,KING'ORANI PRISON (JELA BARIDI)
1,MOMBASA,6,MVITA,30,MAJENGO,PATEL SAMAJ HALL
1,MOMBASA,6,MVITA,30,MAJENGO,GURU NANAK PRIMARY SCHOOL
1,MOMBASA,6,MVITA,30,MAJENGO,KOBLENZ HALL
1,MOMBASA,6,MVITA,30,MAJENGO,UHURU GARDENS
1,MOMBASA,6,MVITA,30,MAJENGO,LOHANA HALL
1,MOMBASA,6,MVITA,30,MAJENGO,LASCO SOCIAL HALL (KPA)
1,MOMBASA,6,MVITA,30,MAJENGO,MAJENGO VILLAGE HALL
1,MOMBASA,6,MVITA,30,MAJENGO,SAKINA HALL
1,MOMBASA,6,MVITA,30,MAJENGO,MVITA PRIMARY SCHOOL
1,MOMBASA,6,MVITA,30,MAJENGO,MVITA BOYS SECONDARY SCHOOL
2,KWALE,7,MSAMBWENI,31,GOMBATO BONGWE,MWARONI PRIMARY SCHOOL
2,KWALE,7,MSAMBWENI,31,GOMBATO BONGWE,MWAKAMBA NURSERYSCHOOL
2,KWALE,7,MSAMBWENI,31,GOMBATO BONGWE,SHAMU PRIMARY SCHOOL
2,KWALE,7,MSAMBWENI,31,GOMBATO BONGWE,MWAMANGA PRIMARY SCHOOL
2,KWALE,7,MSAMBWENI,31,GOMBATO BONGWE,MABOKONI PRIMAR SCHOOL
2,KWALE,7,MSAMBWENI,31,GOMBATO BONGWE,BONGWE PRIMARY SCHOOL
2,KWALE,7,MSAMBWENI,31,GOMBATO BONGWE,MBUWANI PRIMARY SCHOOL
2,KWALE,7,MSAMBWENI,31,GOMBATO BONGWE,MWAMAMBI PRIMARY SCHOOL
2,KWALE,7,MSAMBWENI,31,GOMBATO BONGWE,JOGOO FOOTBALL GROUNDS
2,KWALE,7,MSAMBWENI,31,GOMBATO BONGWE,MINISTRY OF WORKS QUARTERS
2,KWALE,7,MSAMBWENI,31,GOMBATO BONGWE,MLUNGU NIPA PRIMARY SCHOOL
2,KWALE,7,MSAMBWENI,31,GOMBATO BONGWE,MWANJAMBA PRIMARY SCHOOL
2,KWALE,7,MSAMBWENI,31,GOMBATO BONGWE,VUKANI PRIMARY SCHOOL
2,KWALE,7,MSAMBWENI,31,GOMBATO BONGWE,NN'GORI PRIMARY SCHOOL
2,KWALE,7,MSAMBWENI,31,GOMBATO BONGWE,CHIDZANGONI NURSERY SCHOOL
2,KWALE,7,MSAMBWENI,32,UKUNDA,MWAKIGWENA PRIMARY SCHOOL
2,KWALE,7,MSAMBWENI,32,UKUNDA,MKWAKWANI PRIMARY SCHOOL
2,KWALE,7,MSAMBWENI,32,UKUNDA,MAGUTU PRIMARY SCHOOL
2,KWALE,7,MSAMBWENI,32,UKUNDA,MVINDENI PRIMARY SCHOOL
2,KWALE,7,MSAMBWENI,32,UKUNDA,UKUNDA SECONDARY SCHOOL
2,KWALE,7,MSAMBWENI,32,UKUNDA,MALALANI PRIMARY SCHOOL
2,KWALE,7,MSAMBWENI,32,UKUNDA,MAWENI RAINBOW SCHOOL
2,KWALE,7,MSAMBWENI,32,UKUNDA,CHILOLAPWA B NURSERY SCHOOL
2,KWALE,7,MSAMBWENI,33,KINONDO,GALU PRIMARY SCHOOL
2,KWALE,7,MSAMBWENI,33,KINONDO,MUHAKA PRIMARY SCHOOL
2,KWALE,7,MSAMBWENI,33,KINONDO,KINONDO PRIMARY SCHOOL
2,KWALE,7,MSAMBWENI,33,KINONDO,MAKONGENI PRIMARY SCHOOL
2,KWALE,7,MSAMBWENI,33,KINONDO,ZIGIRA PRIMARY SCHOOL
2,KWALE,7,MSAMBWENI,33,KINONDO,MKWAMBANI PRIMARY SCHOOL
2,KWALE,7,MSAMBWENI,33,KINONDO,GAZI PRIMARY SCHOOL
2,KWALE,7,MSAMBWENI,33,KINONDO,MAGAONI PRIMARY SCHOOL
2,KWALE,7,MSAMBWENI,33,KINONDO,MWAWECHE TRADING CENTRE
2,KWALE,7,MSAMBWENI,33,KINONDO,MADAGO PRIMARY SCHOOL
2,KWALE,7,MSAMBWENI,33,KINONDO,KILOLE PRIMARY SCHOOL
2,KWALE,7,MSAMBWENI,33,KINONDO,MWABUNGO PRIMARY SCHOOL
2,KWALE,7,MSAMBWENI,33,KINONDO,FIHONI PRIMARY SCHOOL
2,KWALE,7,MSAMBWENI,33,KINONDO,GANJA LA SIMBA PRIMARY SCHOOL
2,KWALE,7,MSAMBWENI,34,RAMISI,VINGUJINI PRIMARY SCHOOL
2,KWALE,7,MSAMBWENI,34,RAMISI,MSAMBWENI PRIMARY SCHOOL
2,KWALE,7,MSAMBWENI,34,RAMISI,JOMOKENYATTA PRIMARY SCHOOL
2,KWALE,7,MSAMBWENI,34,RAMISI,MILALANI PRIMARY SCHOOL
2,KWALE,7,MSAMBWENI,34,RAMISI,MWAGUNDU NURSERY SCHOOL
2,KWALE,7,MSAMBWENI,34,RAMISI,NYUMBA SITA NURSERY SCHOOL
2,KWALE,7,MSAMBWENI,34,RAMISI,GONJORA NURSERY SCHOOL
2,KWALE,7,MSAMBWENI,34,RAMISI,NGANJA PRIMARY SCHOOL
2,KWALE,7,MSAMBWENI,34,RAMISI,MIVUMONI PRIMARY SCHOOL
2,KWALE,7,MSAMBWENI,34,RAMISI,ESHU PRIMARY SCHOOL
2,KWALE,7,MSAMBWENI,34,RAMISI,MWACHANDE PRIMARY SCHOOL
2,KWALE,7,MSAMBWENI,34,RAMISI,FINGIRIKA NURSERYSCHOOL
2,KWALE,7,MSAMBWENI,34,RAMISI,MAFISINI PRIMARY SCHOOL
2,KWALE,7,MSAMBWENI,34,RAMISI,MAGODI PRIMARY SCHOOL
2,KWALE,7,MSAMBWENI,34,RAMISI,KIDZUMBANI PRIMARY SCHOOL
2,KWALE,7,MSAMBWENI,34,RAMISI,MAPHOMBE PRIMARY SCHOOL
2,KWALE,7,MSAMBWENI,34,RAMISI,KINGWEDE PRIMARY SCHOOL
2,KWALE,7,MSAMBWENI,34,RAMISI,MUNJE PRIMARY SCHOOL
2,KWALE,7,MSAMBWENI,34,RAMISI,FUNZI PRIMARY SCHOOL
2,KWALE,7,MSAMBWENI,34,RAMISI,RAMISI PRIMARY SCHOOL
2,KWALE,7,MSAMBWENI,34,RAMISI,BODO PRIMARY SCHOOL
2,KWALE,7,MSAMBWENI,34,RAMISI,SHIRAZI PRIMARY SCHOOL
2,KWALE,7,MSAMBWENI,34,RAMISI,FAHAMUNI PRIMARY SCHOOL
2,KWALE,7,MSAMBWENI,34,RAMISI,NDZOVUNI NURSERY SCHOOL
2,KWALE,7,MSAMBWENI,34,RAMISI,VIDUNGENI TRADING CENTRE
2,KWALE,7,MSAMBWENI,34,RAMISI,KILULU PRIMARY SCHOOL
2,KWALE,7,MSAMBWENI,34,RAMISI,DZIBWAGE PRIMARY SCHOOL
2,KWALE,7,MSAMBWENI,34,RAMISI,DARIGUBE NURSERY SCHOOL
2,KWALE,7,MSAMBWENI,34,RAMISI,MARIGIZA PRIMARY SCHOOL
2,KWALE,7,MSAMBWENI,34,RAMISI,MABATANI PRIMARY SCHOOL
2,KWALE,7,MSAMBWENI,34,RAMISI,MUNJE PWANI NURSERY
2,KWALE,7,MSAMBWENI,34,RAMISI,SAWA SAWA NURSERY SCHOOL
2,KWALE,7,MSAMBWENI,34,RAMISI,MCHINJIRINI PRIMARY SCHOOL
2,KWALE,7,MSAMBWENI,34,RAMISI,KIUNGANI NURSERY SCHOOL
2,KWALE,8,LUNGALUNGA,35,PONGWE/KIKONENI,SHIMONI PRIMARY SCHOOL
2,KWALE,8,LUNGALUNGA,35,PONGWE/KIKONENI,KICHAKA MKWAJU PRIMARY SCHOOL
2,KWALE,8,LUNGALUNGA,35,PONGWE/KIKONENI,WASINI PRIMARY SCHOOL
2,KWALE,8,LUNGALUNGA,35,PONGWE/KIKONENI,MKWIRO PRIMARY SCHOOL
2,KWALE,8,LUNGALUNGA,35,PONGWE/KIKONENI,KIDIMU PRIMARY SCHOOL
2,KWALE,8,LUNGALUNGA,35,PONGWE/KIKONENI,TSWAKA PRIMARY SCHOOL
2,KWALE,8,LUNGALUNGA,35,PONGWE/KIKONENI,MZIZIMA PRIMARY SCHOOL
2,KWALE,8,LUNGALUNGA,35,PONGWE/KIKONENI,MAJORENI PRIMARY SCHOOL
2,KWALE,8,LUNGALUNGA,35,PONGWE/KIKONENI,GANDA PRIMARY SCHOOL
2,KWALE,8,LUNGALUNGA,35,PONGWE/KIKONENI,MWANGWEI PRIMARY SCHOOL
2,KWALE,8,LUNGALUNGA,35,PONGWE/KIKONENI,CHIROMO NURSERY SCHOOL
2,KWALE,8,LUNGALUNGA,35,PONGWE/KIKONENI,MWAZARO NURSERY SCHOOL
2,KWALE,8,LUNGALUNGA,35,PONGWE/KIKONENI,MZIZIMA DISPENSARY
2,KWALE,8,LUNGALUNGA,35,PONGWE/KIKONENI,KIKONENI PRIMARY SCHOOL
2,KWALE,8,LUNGALUNGA,35,PONGWE/KIKONENI,MWANDEO PRIMARY SCHOOL
2,KWALE,8,LUNGALUNGA,35,PONGWE/KIKONENI,MABAFWENI PRIMARY SCHOOL
2,KWALE,8,LUNGALUNGA,35,PONGWE/KIKONENI,VWIVWINI PRIMARY SCHOOL
2,KWALE,8,LUNGALUNGA,35,PONGWE/KIKONENI,MWAMBALAZI PRIMARY SCHOOL
2,KWALE,8,LUNGALUNGA,35,PONGWE/KIKONENI,KIGOMBERO PRIMARY SCHOOL
2,KWALE,8,LUNGALUNGA,35,PONGWE/KIKONENI,MSHIU PRIMARY SCHOOL
2,KWALE,8,LUNGALUNGA,35,PONGWE/KIKONENI,KIRUKU PRIMARY SCHOOL
2,KWALE,8,LUNGALUNGA,35,PONGWE/KIKONENI,KANANA NURSERY SCHOOL
2,KWALE,8,LUNGALUNGA,35,PONGWE/KIKONENI,NIKAPHU NURSERY SCHOOL
2,KWALE,8,LUNGALUNGA,35,PONGWE/KIKONENI,MWAUGA NURSERY SCHOOL
2,KWALE,8,LUNGALUNGA,35,PONGWE/KIKONENI,BWITI PRIMARY SCHOOL
2,KWALE,8,LUNGALUNGA,35,PONGWE/KIKONENI,MWARUTSWA TRADING CENTRE
2,KWALE,8,LUNGALUNGA,35,PONGWE/KIKONENI,MAGOMA NURSERY SCHOOL
2,KWALE,8,LUNGALUNGA,35,PONGWE/KIKONENI,PONGWE PRIMARY SCHOOL
2,KWALE,8,LUNGALUNGA,35,PONGWE/KIKONENI,MKONO WA NDUGU PRIMARY SCHOOL
2,KWALE,8,LUNGALUNGA,35,PONGWE/KIKONENI,KAOGESWA MANGAWANI NURSERY SCHOOL
2,KWALE,8,LUNGALUNGA,35,PONGWE/KIKONENI,NGUZO NURSERY SCHOOL
2,KWALE,8,LUNGALUNGA,35,PONGWE/KIKONENI,KIVULENI PRIMARY SCHOOL
2,KWALE,8,LUNGALUNGA,35,PONGWE/KIKONENI,KIVINDO NURSERY SCHOOL
2,KWALE,8,LUNGALUNGA,36,DZOMBO,MWANANYAMALA PRIMARY SCHOOL
2,KWALE,8,LUNGALUNGA,36,DZOMBO,MAMBA PRIMARY SCHOOL
2,KWALE,8,LUNGALUNGA,36,DZOMBO,MGOME PRIMARY SCHOOL
2,KWALE,8,LUNGALUNGA,36,DZOMBO,MWANGUDA PRIMARY SCHOOL
2,KWALE,8,LUNGALUNGA,36,DZOMBO,VITSANGALAWENI PRIMARY SCHOOL
2,KWALE,8,LUNGALUNGA,36,DZOMBO,MENZA MWENYE PRIMARY SCHOOL
2,KWALE,8,LUNGALUNGA,36,DZOMBO,BENGO PRIMARY SCHOOL
2,KWALE,8,LUNGALUNGA,36,DZOMBO,KIRANZE PRIMARY SCHOOL
2,KWALE,8,LUNGALUNGA,36,DZOMBO,DZOMBO PRIMARY SCHOOL
2,KWALE,8,LUNGALUNGA,36,DZOMBO,KITUNGURE PRIMARY SCHOOL
2,KWALE,8,LUNGALUNGA,36,DZOMBO,KINYUNGU PRIMARY SCHOOL
2,KWALE,8,LUNGALUNGA,36,DZOMBO,NGULUKU PRIMARY SCHOOL
2,KWALE,8,LUNGALUNGA,36,DZOMBO,BANDU PRIMARY SCHOOL
2,KWALE,8,LUNGALUNGA,36,DZOMBO,KIKONDE PRIMARY SCHOOL
2,KWALE,8,LUNGALUNGA,36,DZOMBO,MAKAMBANI TRADING CENTRE
2,KWALE,8,LUNGALUNGA,37,MWERENI,PANGANI PRIMARY SCHOOL
2,KWALE,8,LUNGALUNGA,37,MWERENI,KASEMENI PRIMARY SCHOOL
2,KWALE,8,LUNGALUNGA,37,MWERENI,MZURI NURSERY SCHOOL
2,KWALE,8,LUNGALUNGA,37,MWERENI,MABAMBARANI PRIMARY SCHOOL
2,KWALE,8,LUNGALUNGA,37,MWERENI,MWENA PRIMARY SCHOOL
2,KWALE,8,LUNGALUNGA,37,MWERENI,MALEDI PRIMARY SCHOOL
2,KWALE,8,LUNGALUNGA,37,MWERENI,MWANGULU PRIMARY SCHOOL
2,KWALE,8,LUNGALUNGA,37,MWERENI,MANDA PRIMARY SCHOOL
2,KWALE,8,LUNGALUNGA,37,MWERENI,MBUJI PRIMARY SCHOOL
2,KWALE,8,LUNGALUNGA,37,MWERENI,KILIMANGODO PRIMARY SCHOOL
2,KWALE,8,LUNGALUNGA,37,MWERENI,MAGOMBANI PRIMARY SCHOOL
2,KWALE,8,LUNGALUNGA,37,MWERENI,MWAKALANGA PRIMARY SCHOOL
2,KWALE,8,LUNGALUNGA,37,MWERENI,BIDINIMOLE PRIMARY SCHOOL
2,KWALE,8,LUNGALUNGA,37,MWERENI,MTUMWA PRIMARY SCHOOL
2,KWALE,8,LUNGALUNGA,37,MWERENI,MTEZA PRIMARY SCHOOL
2,KWALE,8,LUNGALUNGA,37,MWERENI,MWERENI PRIMARY SCHOOL
2,KWALE,8,LUNGALUNGA,37,MWERENI,MARINGONI FEEDER SCHOOL
2,KWALE,8,LUNGALUNGA,37,MWERENI,MTSUNGA PRIMARY SCHOOL
2,KWALE,8,LUNGALUNGA,37,MWERENI,MWERENI SECONDARY SCHOOL
2,KWALE,8,LUNGALUNGA,37,MWERENI,KALALANI PRIMARY SCHOOL
2,KWALE,8,LUNGALUNGA,37,MWERENI,MWAMTSEFU PRIMARY SCHOOL
2,KWALE,8,LUNGALUNGA,37,MWERENI,KIDZIWENI TRADING CENTRE
2,KWALE,8,LUNGALUNGA,37,MWERENI,KIBAYA ECDC
2,KWALE,8,LUNGALUNGA,37,MWERENI,DZIRIHINI ECDC
2,KWALE,8,LUNGALUNGA,37,MWERENI,TINGANI ECDC
2,KWALE,8,LUNGALUNGA,37,MWERENI,MADUDUNI ECDC
2,KWALE,8,LUNGALUNGA,37,MWERENI,VIBANDANI KWA BITA ECDC
2,KWALE,8,LUNGALUNGA,37,MWERENI,MWATONI ECDC
2,KWALE,8,LUNGALUNGA,37,MWERENI,CHINDI PRIMARY SCHOOL
2,KWALE,8,LUNGALUNGA,37,MWERENI,MIKAMINI PRIMARY SCHOOL
2,KWALE,8,LUNGALUNGA,37,MWERENI,PETULANI ECDC
2,KWALE,8,LUNGALUNGA,37,MWERENI,MIKUWANI B ECDC
2,KWALE,8,LUNGALUNGA,37,MWERENI,NASERIAN PRIMARY SCHOOL
2,KWALE,8,LUNGALUNGA,37,MWERENI,VICHENJELENI PRIMARY SCHOOL
2,KWALE,8,LUNGALUNGA,37,MWERENI,ADA ECDC
2,KWALE,8,LUNGALUNGA,37,MWERENI,LWAYONI PRIMARY SCHOOL
2,KWALE,8,LUNGALUNGA,38,VANGA,VANGA PRIMARY SCHOOL
2,KWALE,8,LUNGALUNGA,38,VANGA,KIWEGU PRIMARY SCHOOL
2,KWALE,8,LUNGALUNGA,38,VANGA,KIDOMAYA PRIMARY SCHOOL
2,KWALE,8,LUNGALUNGA,38,VANGA,MWAMOSE PRIMARY SCHOOL
2,KWALE,8,LUNGALUNGA,38,VANGA,TSUINI PRIMARY SCHOOL
2,KWALE,8,LUNGALUNGA,38,VANGA,MWALEWA PRIMARY SCHOOL
2,KWALE,8,LUNGALUNGA,38,VANGA,NGATHINI PRIMARY SCHOOL
2,KWALE,8,LUNGALUNGA,38,VANGA,JEGO PRIMARY SCHOOL
2,KWALE,8,LUNGALUNGA,38,VANGA,MGOMBEZI PRIMARY SCHOOL
2,KWALE,8,LUNGALUNGA,38,VANGA,MAHURUNI PRIMARY SCHOOL
2,KWALE,8,LUNGALUNGA,38,VANGA,LUNGA LUNGA PRIMARY SCHOOL
2,KWALE,8,LUNGALUNGA,38,VANGA,PERANI PRIMARY SCHOOL
2,KWALE,8,LUNGALUNGA,38,VANGA,MAKWENYENI PRIMARY SCHOOL
2,KWALE,8,LUNGALUNGA,38,VANGA,GODO PRIMARY SCHOOL
2,KWALE,8,LUNGALUNGA,38,VANGA,JUA KALI NURSERY SCHOOL
2,KWALE,9,MATUGA,39,TSIMBA GOLINI,GALANA NURSERY SCHOOL
2,KWALE,9,MATUGA,39,TSIMBA GOLINI,MWANANYAHI NURSERY SCHOOL
2,KWALE,9,MATUGA,39,TSIMBA GOLINI,CHIRIMANI PRIMARY SCHOOL
2,KWALE,9,MATUGA,39,TSIMBA GOLINI,DIMA PRIMARY SCHOOL
2,KWALE,9,MATUGA,39,TSIMBA GOLINI,JORORI PRIMARY SCHOOL
2,KWALE,9,MATUGA,39,TSIMBA GOLINI,MWAMGUNGA PRIMARY SCHOOL
2,KWALE,9,MATUGA,39,TSIMBA GOLINI,VUGA PRIMARY SCHOOL
2,KWALE,9,MATUGA,39,TSIMBA GOLINI,BILA SHAKA PRIMARY SCHOOL
2,KWALE,9,MATUGA,39,TSIMBA GOLINI,KWALE PRIMARY SCHOOL
2,KWALE,9,MATUGA,39,TSIMBA GOLINI,ZIWANI PRIMARY SCHOOL
2,KWALE,9,MATUGA,39,TSIMBA GOLINI,GOLINI PRIMARY SCHOOL
2,KWALE,9,MATUGA,39,TSIMBA GOLINI,VYONGWANI PRIMARY SCHOOL
2,KWALE,9,MATUGA,39,TSIMBA GOLINI,MBUGUNI PRIMARY SCHOOL
2,KWALE,9,MATUGA,39,TSIMBA GOLINI,MWAMBARA PRIMARY SCHOOL
2,KWALE,9,MATUGA,39,TSIMBA GOLINI,KITSANZE PRIMARY SCHOOL
2,KWALE,9,MATUGA,39,TSIMBA GOLINI,GODONI CHINARINI NURSERY SCHOOL
2,KWALE,9,MATUGA,39,TSIMBA GOLINI,MADRASA IQRA NURSERY SCHOOL
2,KWALE,9,MATUGA,39,TSIMBA GOLINI,MWANZWANI NURSERY SCHOOL
2,KWALE,9,MATUGA,39,TSIMBA GOLINI,LUNGUMA PRIMARY SCHOOL
2,KWALE,9,MATUGA,39,TSIMBA GOLINI,MWANGAZA VISIONARY PRIMARY SCHOOL
2,KWALE,9,MATUGA,39,TSIMBA GOLINI,KWALE HIGH SCHOOL
2,KWALE,9,MATUGA,39,TSIMBA GOLINI,KWALE BARAZA PARK GROUNDS
2,KWALE,9,MATUGA,39,TSIMBA GOLINI,PUBLIC WORKS WORKSHOP ZUNGU
2,KWALE,9,MATUGA,39,TSIMBA GOLINI,MSULWA PRIMARY SCHOOL
2,KWALE,9,MATUGA,39,TSIMBA GOLINI,BOYANI PRIMARY SCHOOL
2,KWALE,9,MATUGA,39,TSIMBA GOLINI,KWALE MEDIUM PRISON
2,KWALE,9,MATUGA,39,TSIMBA GOLINI,MBEGANI NURSERY SCHOOL
2,KWALE,9,MATUGA,39,TSIMBA GOLINI,MWABUGA NURSERY SCHOOL
2,KWALE,9,MATUGA,39,TSIMBA GOLINI,GOPHA PRIMARY SCHOOL
2,KWALE,9,MATUGA,39,TSIMBA GOLINI,KWALE BOMA PRIMARY SCHOOL
2,KWALE,9,MATUGA,39,TSIMBA GOLINI,MKWADZUNI NURSERY SCHOOL
2,KWALE,9,MATUGA,39,TSIMBA GOLINI,MTSARANI NURSERY SCHOOL
2,KWALE,9,MATUGA,39,TSIMBA GOLINI,MWACHOME PRIMARY SCHOOL
2,KWALE,9,MATUGA,39,TSIMBA GOLINI,BUMBANI NURSERY SCHOOL
2,KWALE,9,MATUGA,39,TSIMBA GOLINI,VIDORINI NURSERY SCHOOL
2,KWALE,9,MATUGA,40,WAA,JAMIA NURSERY SCHOOL
2,KWALE,9,MATUGA,40,WAA,KITEJE PRIMARY SCHOOL
2,KWALE,9,MATUGA,40,WAA,NINGAWA PRIMARY SCHOOL
2,KWALE,9,MATUGA,40,WAA,MKUMBI PRIMARY SCHOOL
2,KWALE,9,MATUGA,40,WAA,PUNGU PRIMARY SCHOOL
2,KWALE,9,MATUGA,40,WAA,ZIBANI PRIMARY SCHOOL
2,KWALE,9,MATUGA,40,WAA,NG OMBENI PRIMARY SCHOOL
2,KWALE,9,MATUGA,40,WAA,DENYENYE PRIMARY SCHOOL
2,KWALE,9,MATUGA,40,WAA,WAA PRIMARY SCHOOL
2,KWALE,9,MATUGA,40,WAA,MKOKONI PRIMARY SCHOOL
2,KWALE,9,MATUGA,40,WAA,MATUGA PRIMARY SCHOOL
2,KWALE,9,MATUGA,40,WAA,YEJE PRIMARY SCHOOL
2,KWALE,9,MATUGA,40,WAA,SHEEP AND GOATS SOCIAL HALL
2,KWALE,9,MATUGA,40,WAA,KOMBANI PRIMARY SCHOOL
2,KWALE,9,MATUGA,40,WAA,BOWA PRIMARY SCHOOL
2,KWALE,9,MATUGA,40,WAA,BARARABU NURSERY SCHOOL
2,KWALE,9,MATUGA,40,WAA,VORONI PRIMARY SCHOOL
2,KWALE,9,MATUGA,40,WAA,MBWEKA PRIMARY SCHOOL
2,KWALE,9,MATUGA,40,WAA,MAGAONI NURSERY SCHOOL
2,KWALE,9,MATUGA,40,WAA,KOMBANI SOCIAL HALL
2,KWALE,9,MATUGA,40,WAA,CHIDZUMU PRIMARY SCHOOL
2,KWALE,9,MATUGA,40,WAA,MADIBWANI NURSERY SCHOOL
2,KWALE,9,MATUGA,40,WAA,PUNGU NURSERY SCHOOL
2,KWALE,9,MATUGA,40,WAA,MTAKUJA ADULT CENTRE
2,KWALE,9,MATUGA,40,WAA,BIRIKANI NURSERY SCHOOL
2,KWALE,9,MATUGA,41,TIWI,VINUNI PRIMARY SCHOOL
2,KWALE,9,MATUGA,41,TIWI,CHAI PRIMARY SCHOOL
2,KWALE,9,MATUGA,41,TIWI,MWALIGULU PRIMARY SCHOOL
2,KWALE,9,MATUGA,41,TIWI,TIWI PRIMARY SCHOOL
2,KWALE,9,MATUGA,41,TIWI,KIRUDI PRIMARY SCHOOL
2,KWALE,9,MATUGA,41,TIWI,MWADINDA PRIMARY SCHOOL
2,KWALE,9,MATUGA,41,TIWI,MWACHEMA PRIMARY SCHOOL
2,KWALE,9,MATUGA,41,TIWI,NIMUYUMBA PRIMARY SCHOOL
2,KWALE,9,MATUGA,41,TIWI,CHONGOLO PRIMARY SCHOOL
2,KWALE,9,MATUGA,41,TIWI,MUUNGANO PRIMARY SCHOOL
2,KWALE,9,MATUGA,41,TIWI,MWAMLONGO MADRASSA
2,KWALE,9,MATUGA,41,TIWI,MWAMIVI PRIMARY SCHOOL
2,KWALE,9,MATUGA,41,TIWI,TIWI SPOT MADRASSA
2,KWALE,9,MATUGA,41,TIWI,CHIBWAGA NURSERY SCHOOL
2,KWALE,9,MATUGA,41,TIWI,NDUGU NURSERY SCHOOL
2,KWALE,9,MATUGA,41,TIWI,TIWI SOKONI MADRASSA
2,KWALE,9,MATUGA,41,TIWI,KIVYOGO NURSERY SCHOOL
2,KWALE,9,MATUGA,42,KUBO SOUTH,LUKORE PRIMARY SCHOOL
2,KWALE,9,MATUGA,42,KUBO SOUTH,MKANDA PRIMARY SCHOOL
2,KWALE,9,MATUGA,42,KUBO SOUTH,KICHAKA SIMBA PRIMARY SCHOOL
2,KWALE,9,MATUGA,42,KUBO SOUTH,MWALUVANGA PRIMARY SCHOOL
2,KWALE,9,MATUGA,42,KUBO SOUTH,MWAGODZO PRIMARY SCHOOL
2,KWALE,9,MATUGA,42,KUBO SOUTH,KIDONGO PRIMARY SCHOOL
2,KWALE,9,MATUGA,42,KUBO SOUTH,KIPAMBANI PRIMARY SCHOOL
2,KWALE,9,MATUGA,42,KUBO SOUTH,SHIMBAHILLS SECONDARY SCHOOL
2,KWALE,9,MATUGA,42,KUBO SOUTH,MAKOBE PRIMARY SCHOOL
2,KWALE,9,MATUGA,42,KUBO SOUTH,STEPHEN KANJA PRIMARY SCHOOL
2,KWALE,9,MATUGA,42,KUBO SOUTH,MWAPALA PRIMARY SCHOOL
2,KWALE,9,MATUGA,42,KUBO SOUTH,SIMANYA PRIMARY SCHOOL
2,KWALE,9,MATUGA,42,KUBO SOUTH,KIBUYUNI PRIMARY SCHOOL
2,KWALE,9,MATUGA,42,KUBO SOUTH,MKANDA 1 NURSERY SCHOOL
2,KWALE,9,MATUGA,42,KUBO SOUTH,MWALENI NURSERY SCHOOL
2,KWALE,9,MATUGA,42,KUBO SOUTH,MKUNDI PRIMARY SCHOOL
2,KWALE,9,MATUGA,42,KUBO SOUTH,MAWIA ADULT CENTRE
2,KWALE,9,MATUGA,42,KUBO SOUTH,KATANGINI NURSERY SCHOOL
2,KWALE,9,MATUGA,42,KUBO SOUTH,MSULWA VILLAGE TRADING CENTRE
2,KWALE,9,MATUGA,42,KUBO SOUTH,BOYANI VILLAGE SHOPPING CENTRE
2,KWALE,9,MATUGA,42,KUBO SOUTH,MAGWASHENI PRIMARY SCHOOL
2,KWALE,9,MATUGA,42,KUBO SOUTH,MANGAWANI PRIMARY SCHOOL
2,KWALE,9,MATUGA,42,KUBO SOUTH,MNYALATSONI PRIMARY SCHOOL
2,KWALE,9,MATUGA,42,KUBO SOUTH,MWANAMKUU PRIMARY SCHOOL
2,KWALE,9,MATUGA,42,KUBO SOUTH,MAJI MOTO PRIMARY SCHOOL
2,KWALE,9,MATUGA,42,KUBO SOUTH,MKUNGUNI NURSERY SCHOOL
2,KWALE,9,MATUGA,42,KUBO SOUTH,MALOLONI NURSERY SCHOOL
2,KWALE,9,MATUGA,42,KUBO SOUTH,KASEVENI NURSERY SCHOOL
2,KWALE,9,MATUGA,43,MKONGANI,PUMWANI NURSERY SCHOOL
2,KWALE,9,MATUGA,43,MKONGANI,MAPONDA PRIMARY SCHOOL
2,KWALE,9,MATUGA,43,MKONGANI,KIBARANI NURSERY SCHOOL
2,KWALE,9,MATUGA,43,MKONGANI,MBARARANI NURSERY SCHOOL
2,KWALE,9,MATUGA,43,MKONGANI,DERI NURSERY SCHOOL
2,KWALE,9,MATUGA,43,MKONGANI,MKOMBA PRIMARY SCHOOL
2,KWALE,9,MATUGA,43,MKONGANI,TIRIBE PRIMARY SCHOOL
2,KWALE,9,MATUGA,43,MKONGANI,MKONGANI PRIMARY SCHOOL
2,KWALE,9,MATUGA,43,MKONGANI,MTSAMVIANI PRIMARY SCHOOL
2,KWALE,9,MATUGA,43,MKONGANI,MZINJI PRIMARY SCHOOL
2,KWALE,9,MATUGA,43,MKONGANI,MIAMBA PRIMARY SCHOOL
2,KWALE,9,MATUGA,43,MKONGANI,MBEGANI PRIMARY SCHOOL
2,KWALE,9,MATUGA,43,MKONGANI,KIZIBE PRIMARY SCHOOL
2,KWALE,9,MATUGA,43,MKONGANI,MIRIHINI PRIMARY SCHOOL
2,KWALE,9,MATUGA,43,MKONGANI,KAJIWENI PRIMARY SCHOOL
2,KWALE,9,MATUGA,43,MKONGANI,MIATSANI PRIMARY SCHOOL
2,KWALE,9,MATUGA,43,MKONGANI,MLAFYENI PRIMARY SCHOOL
2,KWALE,9,MATUGA,43,MKONGANI,TSEREZANI PRIMARY SCHOOL
2,KWALE,9,MATUGA,43,MKONGANI,MTSANGATAMU PRIMARY SCHOOL
2,KWALE,9,MATUGA,43,MKONGANI,BURANI PRIMARY SCHOOL
2,KWALE,9,MATUGA,43,MKONGANI,BAHAKANDA PRIMARY SCHOOL
2,KWALE,9,MATUGA,43,MKONGANI,MWARYARYA NURSERY SCHOOL
2,KWALE,9,MATUGA,43,MKONGANI,MWAMTOBO NURSERY SCHOOL
2,KWALE,9,MATUGA,43,MKONGANI,KAOYENI NURSERY SCHOOL
2,KWALE,9,MATUGA,43,MKONGANI,PENGO NURSERY SCHOOL
2,KWALE,9,MATUGA,43,MKONGANI,SABRINA PRIMARY SCHOOL
2,KWALE,9,MATUGA,43,MKONGANI,MBADZI NURSERY SCHOOL
2,KWALE,9,MATUGA,43,MKONGANI,MUYUGUTU NURSERY SCHOOL
2,KWALE,9,MATUGA,43,MKONGANI,MILALANI KIZIBE NURSERY SCHOOL
2,KWALE,9,MATUGA,43,MKONGANI,MAFUSI PRIMARY SCHOOL
2,KWALE,9,MATUGA,43,MKONGANI,MIRIDZANI NURSERY SCHOOL
2,KWALE,9,MATUGA,43,MKONGANI,UMOJA MWALOLO NURSERY SCHOOL
2,KWALE,9,MATUGA,43,MKONGANI,MWELE PRIMARY SCHOOL
2,KWALE,9,MATUGA,43,MKONGANI,MABANDA NURSERY SCHOOL
2,KWALE,9,MATUGA,43,MKONGANI,CHANYIRO PRIMARY SCHOOL
2,KWALE,9,MATUGA,43,MKONGANI,VUMIRIRA NURSERY SCHOOL
2,KWALE,9,MATUGA,43,MKONGANI,DZANIKENI NURSERY SCHOOL
2,KWALE,9,MATUGA,43,MKONGANI,BOYANI WEST PRIMARY SCHOOL
2,KWALE,9,MATUGA,43,MKONGANI,CHIDZUGANI PRIMARY SCHOOL
2,KWALE,10,KINANGO,44,NDAVAYA,NGAURO PRIMARY SCHOOL
2,KWALE,10,KINANGO,44,NDAVAYA,MWALUKOMBE PRIMARY SCHOOL
2,KWALE,10,KINANGO,44,NDAVAYA,MAGODZONI PRIMARY SCHOOL
2,KWALE,10,KINANGO,44,NDAVAYA,KIFYONZO PRIMARY SCHOOL
2,KWALE,10,KINANGO,44,NDAVAYA,MAPHANGA PRIMARY SCHOOL
2,KWALE,10,KINANGO,44,NDAVAYA,NDAUNI PRIMARY SCHOOL
2,KWALE,10,KINANGO,44,NDAVAYA,MABANDA PRIMARY SCHOOL
2,KWALE,10,KINANGO,44,NDAVAYA,GULANZE PRIMARY SCHOOL
2,KWALE,10,KINANGO,44,NDAVAYA,MWACHANDA PRIMARY SCHOOL
2,KWALE,10,KINANGO,44,NDAVAYA,GULANZE YOUTH POLYTECHNIC
2,KWALE,10,KINANGO,44,NDAVAYA,NDAVAYA PRIMARY SCHOOL
2,KWALE,10,KINANGO,44,NDAVAYA,GANDINI SOUTH PRIMARY SCHOOL
2,KWALE,10,KINANGO,44,NDAVAYA,BOMANI PRIMARY SCHOOL
2,KWALE,10,KINANGO,44,NDAVAYA,MKANG'OMBE PRIMARY SCHOOL
2,KWALE,10,KINANGO,44,NDAVAYA,MBWALENI PRIMARY SCHOOL
2,KWALE,10,KINANGO,44,NDAVAYA,MBITA PRIMARY SCHOOL
2,KWALE,10,KINANGO,44,NDAVAYA,MWAKIJEMBE PRIMARY SCHOOL
2,KWALE,10,KINANGO,44,NDAVAYA,MWALUVUNO PRIMARY SCHOOL
2,KWALE,10,KINANGO,44,NDAVAYA,VYOGATO PRIMARY SCHOOL
2,KWALE,10,KINANGO,44,NDAVAYA,DZOYAHEWA NURSERY SCHOOL
2,KWALE,10,KINANGO,44,NDAVAYA,MBULUNI PRIMARY SCHOOL
2,KWALE,10,KINANGO,44,NDAVAYA,MWANDIMU PRIMARY SCHOOL
2,KWALE,10,KINANGO,44,NDAVAYA,BUMANI PRIMARY SCHOOL
2,KWALE,10,KINANGO,44,NDAVAYA,KAWELU NURSERY SCHOOL
2,KWALE,10,KINANGO,44,NDAVAYA,MAFUNDANI NURSERY SCHOOL
2,KWALE,10,KINANGO,44,NDAVAYA,ZIA RA DUNDO
2,KWALE,10,KINANGO,44,NDAVAYA,MWANGAURE ECD
2,KWALE,10,KINANGO,44,NDAVAYA,JITEGEMEE PRIMARY SCHOOL
2,KWALE,10,KINANGO,44,NDAVAYA,DUDU ECDE
2,KWALE,10,KINANGO,45,PUMA,CHIRIMA CHA UHA PRIMARY SCHOOL
2,KWALE,10,KINANGO,45,PUMA,MAZOL A PRIMARY SCHOOL
2,KWALE,10,KINANGO,45,PUMA,MABAMANI PRIMARY SCHOOL
2,KWALE,10,KINANGO,45,PUMA,GANGANI PRIMARY SCHOOL
2,KWALE,10,KINANGO,45,PUMA,KISIMANI PRIMARY SCHOOL
2,KWALE,10,KINANGO,45,PUMA,BANG'A PRIMARY SCHOOL
2,KWALE,10,KINANGO,45,PUMA,MALUNGONI PRIMARY SCHOOL
2,KWALE,10,KINANGO,45,PUMA,BISHOP KALU PRIMARY SCHOOL
2,KWALE,10,KINANGO,45,PUMA,ROROGI PRIMARY SCHOOL
2,KWALE,10,KINANGO,45,PUMA,VIGURUNGANI PRIMARY SCHOOL
2,KWALE,10,KINANGO,45,PUMA,MWANGONI PRIMARY SCHOOL
2,KWALE,10,KINANGO,45,PUMA,MAENDELEO PRIMARY SCHOOL
2,KWALE,10,KINANGO,45,PUMA,TATA PRIMARY SCHOOL
2,KWALE,10,KINANGO,45,PUMA,NYANGO PRIMARY SCHOOL
2,KWALE,10,KINANGO,45,PUMA,MBILINI PRIMARY SCHOOL
2,KWALE,10,KINANGO,45,PUMA,KASAGENI PRIMARY SCHOOL
2,KWALE,10,KINANGO,45,PUMA,DZIMANYA PRIMARY SCHOOL
2,KWALE,10,KINANGO,45,PUMA,GOZANI PRIMARY SCHOOL
2,KWALE,10,KINANGO,45,PUMA,BANG'A NURSERY SCHOOL
2,KWALE,10,KINANGO,45,PUMA,KIDERI PRIMARY SCHOOL
2,KWALE,10,KINANGO,45,PUMA,WAMASA PRIMARY SCHOOL
2,KWALE,10,KINANGO,45,PUMA,MULINGO NURSERY SCHOOL
2,KWALE,10,KINANGO,45,PUMA,KARYAKA PRIMARY SCHOOL
2,KWALE,10,KINANGO,45,PUMA,METANI NURSERY SCHOOL
2,KWALE,10,KINANGO,45,PUMA,MAGONGONI NURSERY SCHOOL
2,KWALE,10,KINANGO,46,KINANGO,KINANGO PRIMARY SCHOOL
2,KWALE,10,KINANGO,46,KINANGO,GWADU PRIMARY SCHOOL
2,KWALE,10,KINANGO,46,KINANGO,AMKENI NURSERY SCHOOL
2,KWALE,10,KINANGO,46,KINANGO,ST. JOSEPH PRIMARY SCHOOL
2,KWALE,10,KINANGO,46,KINANGO,ST. LUKE'S PRIMARY SCHOOL
2,KWALE,10,KINANGO,46,KINANGO,MOYENI PRIMARY SCHOOL
2,KWALE,10,KINANGO,46,KINANGO,NG'ONZINI PRIMARY SCHOOL
2,KWALE,10,KINANGO,46,KINANGO,DUMBULE PRIMARY SCHOOL
2,KWALE,10,KINANGO,46,KINANGO,MWALUGANJE PRIMARY SCHOOL
2,KWALE,10,KINANGO,46,KINANGO,GANDINI CENTRAL PRIMARY SCHOOL
2,KWALE,10,KINANGO,46,KINANGO,CHIFUSINI PRIMARY SCHOOL
2,KWALE,10,KINANGO,46,KINANGO,LUTSANGANI PRIMARY SCHOOL
2,KWALE,10,KINANGO,46,KINANGO,DZIVANI PRIMARY SCHOOL
2,KWALE,10,KINANGO,46,KINANGO,TSUNZA PRIMARY SCHOOL
2,KWALE,10,KINANGO,46,KINANGO,MKILO PRIMARY SCHOOL
2,KWALE,10,KINANGO,46,KINANGO,CHIZINI PRIMARY SCHOOL
2,KWALE,10,KINANGO,46,KINANGO,SEMBE PRIMARY SCHOOL
2,KWALE,10,KINANGO,46,KINANGO,NZOVUNI PRIMARY SCHOOL
2,KWALE,10,KINANGO,46,KINANGO,YAPHA PRIMARY SCHOOL
2,KWALE,10,KINANGO,46,KINANGO,KIBANDAONGO PRIMARY SCHOOL
2,KWALE,10,KINANGO,46,KINANGO,MITANGANI NURSERY SCHOOL
2,KWALE,10,KINANGO,46,KINANGO,MIKANJUNI NURSERY SCHOOL
2,KWALE,10,KINANGO,46,KINANGO,DZENDERENI PRIMARY SCHOOL
2,KWALE,10,KINANGO,46,KINANGO,MWANGANI PRIMARY SCHOOL
2,KWALE,10,KINANGO,46,KINANGO,TSAHUNI NURSERY SCHOOL
2,KWALE,10,KINANGO,46,KINANGO,MBANDI PRIMARY SCHOOL
2,KWALE,10,KINANGO,46,KINANGO,KIDOGOENI ECDE
2,KWALE,10,KINANGO,46,KINANGO,MAILI NANE ECDE
2,KWALE,10,KINANGO,46,KINANGO,SAGALATO ECDE
2,KWALE,10,KINANGO,46,KINANGO,MWANYUNDO ECDE
2,KWALE,10,KINANGO,46,KINANGO,CHIDUNGUNI ECDE
2,KWALE,10,KINANGO,47,MACKINNON ROAD,KILIBASI PRIMARY SCHOOL
2,KWALE,10,KINANGO,47,MACKINNON ROAD,BUSHO PRIMARY SCHOOL
2,KWALE,10,KINANGO,47,MACKINNON ROAD,MGALANI PRIMARY SCHOOL
2,KWALE,10,KINANGO,47,MACKINNON ROAD,JEFFERY PRIMARY SCHOOL
2,KWALE,10,KINANGO,47,MACKINNON ROAD,CAFGEM PRIMARY SCHOOL
2,KWALE,10,KINANGO,47,MACKINNON ROAD,BAHAKWENU PRIMARY SCHOOL
2,KWALE,10,KINANGO,47,MACKINNON ROAD,FULEYE PRIMARY SCHOOL
2,KWALE,10,KINANGO,47,MACKINNON ROAD,MAGALE PRIMARY SCHOOL
2,KWALE,10,KINANGO,47,MACKINNON ROAD,TARU PRIMARY SCHOOL
2,KWALE,10,KINANGO,47,MACKINNON ROAD,GURUJO NURSERY SCHOOL
2,KWALE,10,KINANGO,47,MACKINNON ROAD,CHIGUTU PRIMARY SCHOOL
2,KWALE,10,KINANGO,47,MACKINNON ROAD,VINYUNDUNI PRIMARY SCHOOL
2,KWALE,10,KINANGO,47,MACKINNON ROAD,KITUU PRIMARY SCHOOL
2,KWALE,10,KINANGO,47,MACKINNON ROAD,MAKAMINI PRIMARY SCHOOL
2,KWALE,10,KINANGO,47,MACKINNON ROAD,BUMBURI PRIMARY SCHOOL
2,KWALE,10,KINANGO,47,MACKINNON ROAD,EGU PRIMARY SCHOOL
2,KWALE,10,KINANGO,47,MACKINNON ROAD,NYARI PRIMARY SCHOOL
2,KWALE,10,KINANGO,47,MACKINNON ROAD,METI NURSERY SCHOOL
2,KWALE,10,KINANGO,47,MACKINNON ROAD,DZISUHUNI PRIMARY SCHOOL
2,KWALE,10,KINANGO,47,MACKINNON ROAD,MDOMO PRIMARY SCHOOL
2,KWALE,10,KINANGO,47,MACKINNON ROAD,MELI-KUBWA PRIMARY SCHOOL
2,KWALE,10,KINANGO,47,MACKINNON ROAD,MLUNGUNI PRIMARY SCHOOL
2,KWALE,10,KINANGO,47,MACKINNON ROAD,MAIYINI PRIMARY SCHOOL
2,KWALE,10,KINANGO,47,MACKINNON ROAD,MWANATIBU RAILWAY STATION(DISPENSARY)
2,KWALE,10,KINANGO,48,CHENGONI/SAMBURU,SILALONI PRIMARY SCHOOL
2,KWALE,10,KINANGO,48,CHENGONI/SAMBURU,MWAROVESA PRIMARY SCHOOL
2,KWALE,10,KINANGO,48,CHENGONI/SAMBURU,SHAURI MOYO PRIMARY SCHOOL
2,KWALE,10,KINANGO,48,CHENGONI/SAMBURU,MAJI YA CHUMVI PRIMARY SCHOOL
2,KWALE,10,KINANGO,48,CHENGONI/SAMBURU,CHANZOU PRIMARY SCHOOL
2,KWALE,10,KINANGO,48,CHENGONI/SAMBURU,MTULU PRIMARY SCHOOL
2,KWALE,10,KINANGO,48,CHENGONI/SAMBURU,CHENGONI PRIMARY SCHOOL
2,KWALE,10,KINANGO,48,CHENGONI/SAMBURU,NDOHIVYO PRIMARY SCHOOL
2,KWALE,10,KINANGO,48,CHENGONI/SAMBURU,SAMBURU PRIMARY SCHOOL
2,KWALE,10,KINANGO,48,CHENGONI/SAMBURU,KINAGONI PRIMARY SCHOOL
2,KWALE,10,KINANGO,48,CHENGONI/SAMBURU,MWANGEA PRIMARY SCHOOL
2,KWALE,10,KINANGO,48,CHENGONI/SAMBURU,KWA KADOGO PRIMARY SCHOOL
2,KWALE,10,KINANGO,48,CHENGONI/SAMBURU,KAZAMOYO PRIMARY SCHOOL
2,KWALE,10,KINANGO,48,CHENGONI/SAMBURU,MWEMBENI PRIMARY SCHOOL
2,KWALE,10,KINANGO,48,CHENGONI/SAMBURU,GORA PRIMARY SCHOOL
2,KWALE,10,KINANGO,48,CHENGONI/SAMBURU,MWANDONI PRIMARY SCHOOL
2,KWALE,10,KINANGO,48,CHENGONI/SAMBURU,MWAMBANI PRIMARY SCHOOL
2,KWALE,10,KINANGO,48,CHENGONI/SAMBURU,MWANGOLOTO PRIMARY SCHOOL
2,KWALE,10,KINANGO,48,CHENGONI/SAMBURU,CHITUONI NURSERY SCHOOL
2,KWALE,10,KINANGO,48,CHENGONI/SAMBURU,KANYUMBUNI PRIMARY SCHOOL
2,KWALE,10,KINANGO,49,MWAVUMBO,MWABILA PRIMARY SCHOOL
2,KWALE,10,KINANGO,49,MWAVUMBO,CHIGOMBERO PRIMARY SCHOOL
2,KWALE,10,KINANGO,49,MWAVUMBO,MATUMBI PRIMARY SCHOOL
2,KWALE,10,KINANGO,49,MWAVUMBO,CHIDZIPWA PRIMARY SCHOOL
2,KWALE,10,KINANGO,49,MWAVUMBO,PEMBA PRIMARY SCHOOL
2,KWALE,10,KINANGO,49,MWAVUMBO,NI HUTU PRIMARY SCHOOL
2,KWALE,10,KINANGO,49,MWAVUMBO,VITSAKAVIRI PRIMARY SCHOOL
2,KWALE,10,KINANGO,49,MWAVUMBO,MAVIRIVIRINI PRIMARY SCHOOL
2,KWALE,10,KINANGO,49,MWAVUMBO,MGANDINI PRIMARY SCHOOL
2,KWALE,10,KINANGO,49,MWAVUMBO,MADIKONI PRIMARY SCHOOL
2,KWALE,10,KINANGO,49,MWAVUMBO,MWASHANGA PRIMARY SCHOOL
2,KWALE,10,KINANGO,49,MWAVUMBO,KAFUDUNI PRIMARY SCHOOL
2,KWALE,10,KINANGO,49,MWAVUMBO,MAWEU PRIMARY SCHOOL
2,KWALE,10,KINANGO,49,MWAVUMBO,KALUWENI PRIMARY SCHOOL
2,KWALE,10,KINANGO,49,MWAVUMBO,KALALANI SOCIAL HALL
2,KWALE,10,KINANGO,49,MWAVUMBO,SEGA PRIMARY SCHOOL
2,KWALE,10,KINANGO,49,MWAVUMBO,MWANDA PRIMARY SCHOOL
2,KWALE,10,KINANGO,49,MWAVUMBO,GWASHENI PRIMARY SCHOOL
2,KWALE,10,KINANGO,49,MWAVUMBO,KAPHINGO PRIMARY SCHOOL
2,KWALE,10,KINANGO,49,MWAVUMBO,MARIAKANI ROMAN PRIMARY SCHOOL
2,KWALE,10,KINANGO,49,MWAVUMBO,JULANI PRIMARY SCHOOL
2,KWALE,10,KINANGO,49,MWAVUMBO,KUMBULU PRIMARY SCHOOL
2,KWALE,10,KINANGO,49,MWAVUMBO,LUTSANGANI- NORTH PRIMARY SCHOOL
2,KWALE,10,KINANGO,49,MWAVUMBO,MLOLA NURSERY SCHOOL
2,KWALE,10,KINANGO,49,MWAVUMBO,MUBANDE PRIMARY SCHOOL
2,KWALE,10,KINANGO,49,MWAVUMBO,MAVARATA ECDE
2,KWALE,10,KINANGO,50,KASEMENI,BOFU PRIMARY SCHOOL
2,KWALE,10,KINANGO,50,KASEMENI,MKANYENI PRIMARY SCHOOL
2,KWALE,10,KINANGO,50,KASEMENI,NUNGUNI PRIMARY SCHOOL
2,KWALE,10,KINANGO,50,KASEMENI,GONA PRIMARY SCHOOL
2,KWALE,10,KINANGO,50,KASEMENI,GURO PRIMARY SCHOOL
2,KWALE,10,KINANGO,50,KASEMENI,MABESHENI PRIMARY SCHOOL
2,KWALE,10,KINANGO,50,KASEMENI,MTAA PRIMARY SCHOOL
2,KWALE,10,KINANGO,50,KASEMENI,MAZERAS PRIMARY SCHOOL
2,KWALE,10,KINANGO,50,KASEMENI,MPIRANI PRIMARY SCHOOL
2,KWALE,10,KINANGO,50,KASEMENI,FULUGANI PRIMARY SCHOOL
2,KWALE,10,KINANGO,50,KASEMENI,MWAMDUDU PRIMARY SCHOOL
2,KWALE,10,KINANGO,50,KASEMENI,BONJE PRIMARY SCHOOL
2,KWALE,10,KINANGO,50,KASEMENI,VIKOLANI PRIMARY SCHOOL
2,KWALE,10,KINANGO,50,KASEMENI,MNYENZENI PRIMARY SCHOOL
2,KWALE,10,KINANGO,50,KASEMENI,MIYANI PRIMARY SCHOOL
2,KWALE,10,KINANGO,50,KASEMENI,MWACHE PRIMARY SCHOOL
2,KWALE,10,KINANGO,50,KASEMENI,MIGUNENI PRIMARY SCHOOL
2,KWALE,10,KINANGO,50,KASEMENI,MBUJANI NURSERY SCHOOL
2,KWALE,10,KINANGO,50,KASEMENI,CHIKUYU PRIMARY SCHOOL
2,KWALE,10,KINANGO,50,KASEMENI,CHIKWAKWANI PRIMARY SCHOOL
2,KWALE,10,KINANGO,50,KASEMENI,MABIRIKANI NURSERY SCHOOL
2,KWALE,10,KINANGO,50,KASEMENI,CHIDZUVINI NURSERY SCHOOL
2,KWALE,10,KINANGO,50,KASEMENI,MKULUNG'OMBE NURSEY SCHOOL
2,KWALE,10,KINANGO,50,KASEMENI,NYANDO NURSERY SCHOOL
3,KILIFI,11,KILIFI NORTH,51,TEZO,MTONDIA PRIMARY SCHOOL
3,KILIFI,11,KILIFI NORTH,51,TEZO,TEZO PRIMARY SCHOOL
3,KILIFI,11,KILIFI NORTH,51,TEZO,BAHARI PRIMARY SCHOOL
3,KILIFI,11,KILIFI NORTH,51,TEZO,MIKINGIRINI PRIMARY SCHOOL
3,KILIFI,11,KILIFI NORTH,51,TEZO,NGERENYA PRIMARY SCHOOL
3,KILIFI,11,KILIFI NORTH,51,TEZO,ZOWERANI PRIMARY SCHOOL
3,KILIFI,11,KILIFI NORTH,51,TEZO,SOYOSOYO PRIMARY SCHOOL(NGERENYA)
3,KILIFI,11,KILIFI NORTH,51,TEZO,BAHATI PRIMARY SCHOOL
3,KILIFI,11,KILIFI NORTH,51,TEZO,ZOWERANI VDC NURSERY SCHOOL
3,KILIFI,11,KILIFI NORTH,51,TEZO,BOFA PRIMARY SCHOOL
3,KILIFI,11,KILIFI NORTH,52,SOKONI,KIBAONI PRIMARY SCHOOL
3,KILIFI,11,KILIFI NORTH,52,SOKONI,KIWANDANI PRIMARY SCHOOL
3,KILIFI,11,KILIFI NORTH,52,SOKONI,KILIFI PRIMARY SCHOOL
3,KILIFI,11,KILIFI NORTH,52,SOKONI,UWANJANI NURSERY SCHOOL
3,KILIFI,11,KILIFI NORTH,52,SOKONI,ST.THOMAS PRIMARY SCHOOL
3,KILIFI,11,KILIFI NORTH,53,KIBARANI,MDZONGOLONI PRIMARY SCHOOL
3,KILIFI,11,KILIFI NORTH,53,KIBARANI,KIBARANI PRIMARY SCHOOL
3,KILIFI,11,KILIFI NORTH,53,KIBARANI,KOROSHO ACADEMY
3,KILIFI,11,KILIFI NORTH,53,KIBARANI,BASI PRIMARY SCHOOL
3,KILIFI,11,KILIFI NORTH,53,KIBARANI,KONJORA PRIMARY SCHOOL
3,KILIFI,11,KILIFI NORTH,53,KIBARANI,FUMBINI PRIMARY SCHOOL
3,KILIFI,11,KILIFI NORTH,53,KIBARANI,MRIMA WA KUKU PRIMARY SCHOOL
3,KILIFI,11,KILIFI NORTH,53,KIBARANI,MKOMBE PRIMARY SCHOOL
3,KILIFI,11,KILIFI NORTH,53,KIBARANI,JEZAZHOM PRIMARY SCHOOL
3,KILIFI,11,KILIFI NORTH,53,KIBARANI,MTSANGANYIKO NURSERY SCHOOL
3,KILIFI,11,KILIFI NORTH,53,KIBARANI,ANGAZA NURSERY SCHOOL
3,KILIFI,11,KILIFI NORTH,53,KIBARANI,TUMAINI DERA PRIMARY SCHOOL
3,KILIFI,11,KILIFI NORTH,53,KIBARANI,EZAMOYO PRIMARY SCHOOL
3,KILIFI,11,KILIFI NORTH,53,KIBARANI,KILIMO PRIMARY SCHOOL
3,KILIFI,11,KILIFI NORTH,54,DABASO,DONGOKUNDU PRIMARY SCHOOL.
3,KILIFI,11,KILIFI NORTH,54,DABASO,DABASO PRIMARY SCHOOL
3,KILIFI,11,KILIFI NORTH,54,DABASO,MSABAHA PRIMARY SCHOOL
3,KILIFI,11,KILIFI NORTH,54,DABASO,MKANGAGANI PRIMARY SCHOOL
3,KILIFI,11,KILIFI NORTH,54,DABASO,MIDA PRIMARY SCHOOL
3,KILIFI,11,KILIFI NORTH,54,DABASO,MABUANI FOOTBALL GROUND
3,KILIFI,11,KILIFI NORTH,54,DABASO,GEDE YOUTH POLYTECHNIC
3,KILIFI,11,KILIFI NORTH,54,DABASO,MIJOMBONI PRIMARY SCHOOL
3,KILIFI,11,KILIFI NORTH,55,MATSANGONI,ROKA PRIMARY SCHOOL
3,KILIFI,11,KILIFI NORTH,55,MATSANGONI,ROKA MAWENI PRIMARY SCHOOL
3,KILIFI,11,KILIFI NORTH,55,MATSANGONI,CHUMANI PRIMARY SCHOOL
3,KILIFI,11,KILIFI NORTH,55,MATSANGONI,KARARACHA PRIMARY SCHOOL
3,KILIFI,11,KILIFI NORTH,55,MATSANGONI,UYOMBO PRIMARY SCHOOL
3,KILIFI,11,KILIFI NORTH,55,MATSANGONI,CHIPANDE PRIMARY SCHOOL
3,KILIFI,11,KILIFI NORTH,55,MATSANGONI,SIDZENI NURSERY SCHOOL
3,KILIFI,11,KILIFI NORTH,55,MATSANGONI,KILODI PRIMARY SCHOOL
3,KILIFI,11,KILIFI NORTH,55,MATSANGONI,MATSANGONI PRIMARY SCHOOL
3,KILIFI,11,KILIFI NORTH,55,MATSANGONI,MARAFIKI PRIMARY SCHOOL
3,KILIFI,11,KILIFI NORTH,55,MATSANGONI,UFUONI PRIMARY SCHOOL
3,KILIFI,11,KILIFI NORTH,55,MATSANGONI,MPENDAKULA NURSERY SCHOOL
3,KILIFI,11,KILIFI NORTH,56,WATAMU,BETHEL NURSERY SCHOOL
3,KILIFI,11,KILIFI NORTH,56,WATAMU,JIMBA GEDE PRIMARY SCHOOL
3,KILIFI,11,KILIFI NORTH,56,WATAMU,GERALD/ BAKHITA PRIMARY SCHOOL
3,KILIFI,11,KILIFI NORTH,56,WATAMU,MBARAKA CHEMBE PRIMARY SCHOOL
3,KILIFI,11,KILIFI NORTH,56,WATAMU,KANANI PRIMARY SCHOOL
3,KILIFI,11,KILIFI NORTH,56,WATAMU,WATAMU SDA PRIMARY SCHOOL
3,KILIFI,11,KILIFI NORTH,56,WATAMU,RITA NURSERY SCHOOL
3,KILIFI,11,KILIFI NORTH,56,WATAMU,WATAMU PRIMARY SCHOOL
3,KILIFI,11,KILIFI NORTH,56,WATAMU,GEDE PRIMARY SCHOOL
3,KILIFI,11,KILIFI NORTH,56,WATAMU,SOYOSOYO PRIMARY SCHOOL(KIZINGO)
3,KILIFI,11,KILIFI NORTH,56,WATAMU,KIZINGO BAPTIST CHURCH
3,KILIFI,11,KILIFI NORTH,56,WATAMU,JACARANDA BEACH PRIMARY SCHOOL
3,KILIFI,11,KILIFI NORTH,57,MNARANI,MAJAJANI PRIMARY SCHOOL
3,KILIFI,11,KILIFI NORTH,57,MNARANI,MAVUENI PRIMARY SCHOOL
3,KILIFI,11,KILIFI NORTH,57,MNARANI,MITANGONI PRIMARY SCHOOL
3,KILIFI,11,KILIFI NORTH,57,MNARANI,KIRIBA PRIMARY SCHOOL
3,KILIFI,11,KILIFI NORTH,57,MNARANI,KADZINUNI PRIMARY SCHOOL
3,KILIFI,11,KILIFI NORTH,57,MNARANI,SHAURIMOYO PRIMARY SCHOOL
3,KILIFI,11,KILIFI NORTH,57,MNARANI,MKWAJUNI PRIMARY SCHOOL
3,KILIFI,11,KILIFI NORTH,57,MNARANI,TAKAUNGU PRIMARY SCHOOL
3,KILIFI,11,KILIFI NORTH,57,MNARANI,MNARANI PRIMARY SCHOOL
3,KILIFI,11,KILIFI NORTH,57,MNARANI,KILIFI PLANTATION NURSERY SCHOOL
3,KILIFI,11,KILIFI NORTH,57,MNARANI,VUMA PRIMARY SCHOOL
3,KILIFI,11,KILIFI NORTH,57,MNARANI,MWAKUHENGA PRIMARY SCHOOL
3,KILIFI,11,KILIFI NORTH,57,MNARANI,VIJIWENI NURSERY SCHOOL
3,KILIFI,11,KILIFI NORTH,57,MNARANI,MBOGOLO NURSERY SCHOOL
3,KILIFI,11,KILIFI NORTH,57,MNARANI,MKOMANI PRIMARY SCHOOL
3,KILIFI,12,KILIFI SOUTH,58,JUNJU,KIREME PRIMARY SCHOOL
3,KILIFI,12,KILIFI SOUTH,58,JUNJU,JUNJU PRIMARY SCHOOL
3,KILIFI,12,KILIFI SOUTH,58,JUNJU,KOLEWA PRIMARY SCHOOL
3,KILIFI,12,KILIFI SOUTH,58,JUNJU,GONGONI PRIMARY SCHOOL
3,KILIFI,12,KILIFI SOUTH,58,JUNJU,VIPINGO PRIMARY SCHOOL
3,KILIFI,12,KILIFI SOUTH,58,JUNJU,MAPAWA PRIMARY SCHOOL
3,KILIFI,12,KILIFI SOUTH,58,JUNJU,SHARIANI PRIMARY SCHOOL
3,KILIFI,12,KILIFI SOUTH,58,JUNJU,KAPECHA PRIMARY SCHOOL
3,KILIFI,12,KILIFI SOUTH,58,JUNJU,BODOI PRIMARY SCHOOL
3,KILIFI,12,KILIFI SOUTH,58,JUNJU,CHODARI PRIMARY SCHOOL
3,KILIFI,12,KILIFI SOUTH,58,JUNJU,VIPINGO CENTRAL PRIMARY SCHOOL
3,KILIFI,12,KILIFI SOUTH,58,JUNJU,MWEMBETSUNGU PRIMARY SCHOOL
3,KILIFI,12,KILIFI SOUTH,59,MWARAKAYA,PINGILIKANI PRIMARY SCHOOL
3,KILIFI,12,KILIFI SOUTH,59,MWARAKAYA,KIDUTANI PRIMARY SCHOOL
3,KILIFI,12,KILIFI SOUTH,59,MWARAKAYA,MWARAKAYA PRIMARY SCHOOL
3,KILIFI,12,KILIFI SOUTH,59,MWARAKAYA,M'BUYUNI PRIMARY SCHOOL
3,KILIFI,12,KILIFI SOUTH,59,MWARAKAYA,KIZINGO PRIMARY SCHOOL
3,KILIFI,12,KILIFI SOUTH,59,MWARAKAYA,GANDINI CHONYI PRIMARY SCHOOL
3,KILIFI,12,KILIFI SOUTH,59,MWARAKAYA,VWEVWESI PRIMARY SCHOOL
3,KILIFI,12,KILIFI SOUTH,59,MWARAKAYA,BOKINI PRIMARY SCHOOL
3,KILIFI,12,KILIFI SOUTH,59,MWARAKAYA,ST.MARTINS PRIMARY SCHOOL
3,KILIFI,12,KILIFI SOUTH,59,MWARAKAYA,CHIJE PRIMARY SCHOOL
3,KILIFI,12,KILIFI SOUTH,59,MWARAKAYA,MWEZANG'OMBE PRIMARY SCHOOL
3,KILIFI,12,KILIFI SOUTH,60,SHIMO LA TEWA,MTOMONDONI PRIMARY SCHOOL
3,KILIFI,12,KILIFI SOUTH,60,SHIMO LA TEWA,MTWAPA AGRICULTURE TRAINING CENTER
3,KILIFI,12,KILIFI SOUTH,60,SHIMO LA TEWA,MTWAPA PRIMARY SCHOOL
3,KILIFI,12,KILIFI SOUTH,60,SHIMO LA TEWA,MTWAPA CHIEF'S OFFICE
3,KILIFI,12,KILIFI SOUTH,60,SHIMO LA TEWA,GOLDEN KEY ACADEMY
3,KILIFI,12,KILIFI SOUTH,60,SHIMO LA TEWA,FURAHA JUNIOR ACADEMY
3,KILIFI,12,KILIFI SOUTH,60,SHIMO LA TEWA,MTOMONDONI SCHEME PRIMARY SCHOOL
3,KILIFI,12,KILIFI SOUTH,60,SHIMO LA TEWA,TIMBONI NURSERY SCHOOL
3,KILIFI,12,KILIFI SOUTH,61,CHASIMBA,ZIANI PRIMARY SCHOOL
3,KILIFI,12,KILIFI SOUTH,61,CHASIMBA,KATIKIRIENI PRIMARY SCHOOL
3,KILIFI,12,KILIFI SOUTH,61,CHASIMBA,DINDIRI PRIMARY SCHOOL
3,KILIFI,12,KILIFI SOUTH,61,CHASIMBA,MAKATA PRIMARY SCHOOL
3,KILIFI,12,KILIFI SOUTH,61,CHASIMBA,CHASIMBA PRIMARY SCHOOL
3,KILIFI,12,KILIFI SOUTH,61,CHASIMBA,KOLONGONI PRIMARY SCHOOL
3,KILIFI,12,KILIFI SOUTH,61,CHASIMBA,BUNGU PRIMARY SCHOOL
3,KILIFI,12,KILIFI SOUTH,61,CHASIMBA,M'BOMBONI PRIMARY SCHOOL
3,KILIFI,12,KILIFI SOUTH,61,CHASIMBA,DZITSONI PRIMARY SCHOOL
3,KILIFI,12,KILIFI SOUTH,61,CHASIMBA,BUNDACHO PRIMARY SCHOOL
3,KILIFI,12,KILIFI SOUTH,61,CHASIMBA,KITSOENI PRIMARY SCHOOL
3,KILIFI,12,KILIFI SOUTH,61,CHASIMBA,NG'OMBENI PRIMARY SCHOOL
3,KILIFI,12,KILIFI SOUTH,61,CHASIMBA,LUTSANGANI SECONDARY SCHOOL
3,KILIFI,12,KILIFI SOUTH,61,CHASIMBA,LUBONDO PRIMARY SCHOOL
3,KILIFI,12,KILIFI SOUTH,61,CHASIMBA,KARIMBONI PRIMARY SCHOOL
3,KILIFI,12,KILIFI SOUTH,61,CHASIMBA,KAOLE PRIMARY SCHOOL
3,KILIFI,12,KILIFI SOUTH,61,CHASIMBA,BEMBO PRIMARY SCHOOL
3,KILIFI,12,KILIFI SOUTH,62,MTEPENI,BARANI PRIMARY SCHOOL
3,KILIFI,12,KILIFI SOUTH,62,MTEPENI,MTEPENI PRIMARY SCHOOL
3,KILIFI,12,KILIFI SOUTH,62,MTEPENI,TUNZANANI PRIMARY SCHOOL
3,KILIFI,12,KILIFI SOUTH,62,MTEPENI,RIZIKI WOMEN GROUP HALL
3,KILIFI,12,KILIFI SOUTH,62,MTEPENI,MAKIO SOCIAL HALL
3,KILIFI,12,KILIFI SOUTH,62,MTEPENI,KIKAMBALA PRIMARY SCHOOL
3,KILIFI,12,KILIFI SOUTH,62,MTEPENI,MSUMARINI SECONDARY SCHOOL
3,KILIFI,12,KILIFI SOUTH,62,MTEPENI,BAHARINI PRIMARY SCHOOL
3,KILIFI,12,KILIFI SOUTH,62,MTEPENI,USHINDI NURSERY SCHOOL
3,KILIFI,12,KILIFI SOUTH,62,MTEPENI,MTWAPA NORTH SECONDARY SCHOOL
3,KILIFI,12,KILIFI SOUTH,62,MTEPENI,MBEWAU PRIMARY SCHOOL
3,KILIFI,13,KALOLENI,63,MARIAKANI,MARIAKANI PRIMARY SCHOOL
3,KILIFI,13,KALOLENI,63,MARIAKANI,SHANGIA PRIMARY SCHOOL
3,KILIFI,13,KALOLENI,63,MARIAKANI,GARRISON PRIMARY SCHOOL
3,KILIFI,13,KALOLENI,63,MARIAKANI,MWARENI PRIMARY SCHOOL
3,KILIFI,13,KALOLENI,63,MARIAKANI,MARIAKANI DAIRY
3,KILIFI,13,KALOLENI,63,MARIAKANI,KARI PREMISES
3,KILIFI,13,KALOLENI,63,MARIAKANI,KIBANDAHASARA PRIMARY SCHOOL
3,KILIFI,13,KALOLENI,63,MARIAKANI,MADZIMBANI PRIMARY SCHOOL
3,KILIFI,13,KALOLENI,63,MARIAKANI,MARIAKANI SECONDARY SCHOOL
3,KILIFI,13,KALOLENI,63,MARIAKANI,DZIHOSHE TRADING CENTRE
3,KILIFI,13,KALOLENI,63,MARIAKANI,MIGUNDINI PRIMARY SCHOOL
3,KILIFI,13,KALOLENI,63,MARIAKANI,MOI KADZONZO PRIMARY SCHOOL
3,KILIFI,13,KALOLENI,63,MARIAKANI,MARIAKANI DC OFFICES
3,KILIFI,13,KALOLENI,64,KAYAFUNGO,KAVUKA PRIMARY SCHOOL
3,KILIFI,13,KALOLENI,64,KAYAFUNGO,KIRUMBI PRIMARY SCHOOL
3,KILIFI,13,KALOLENI,64,KAYAFUNGO,PANGAYAMBO PRIMARY SCHOOL
3,KILIFI,13,KALOLENI,64,KAYAFUNGO,KIBAOKICHE PRIMARY SCHOOL
3,KILIFI,13,KALOLENI,64,KAYAFUNGO,GANDINI PRIMARY SCHOOL
3,KILIFI,13,KALOLENI,64,KAYAFUNGO,KIDZINI PRIMARY SCHOOL
3,KILIFI,13,KALOLENI,64,KAYAFUNGO,GOGORARUHE PRIMARY SCHOOL
3,KILIFI,13,KALOLENI,64,KAYAFUNGO,MWIJO PRIMARY SCHOOL
3,KILIFI,13,KALOLENI,64,KAYAFUNGO,ST.MICHEAL PRIMARY SCHOOL
3,KILIFI,13,KALOLENI,64,KAYAFUNGO,MAGOGONI NURSERY SCHOOL
3,KILIFI,13,KALOLENI,64,KAYAFUNGO,MITSIKITSINI PRIMARY SCHOOL
3,KILIFI,13,KALOLENI,64,KAYAFUNGO,NDATANI PRIMARY SCHOOL
3,KILIFI,13,KALOLENI,64,KAYAFUNGO,MUKULUNI NURSERY SCHOOL
3,KILIFI,13,KALOLENI,64,KAYAFUNGO,TSANGATSINI PRIMARY SCHOOL
3,KILIFI,13,KALOLENI,64,KAYAFUNGO,DZENGONI NURSERY SCHOOL
3,KILIFI,13,KALOLENI,64,KAYAFUNGO,UHURU PRIMARY SCHOOL
3,KILIFI,13,KALOLENI,64,KAYAFUNGO,KASEMENI NURSERY SCHOOL
3,KILIFI,13,KALOLENI,65,KALOLENI,KALOLENI SOCIAL HALL
3,KILIFI,13,KALOLENI,65,KALOLENI,VISHAKANI PRIMARY SCHOOL
3,KILIFI,13,KALOLENI,65,KALOLENI,KIZURINI PRIMARY SCHOOL
3,KILIFI,13,KALOLENI,65,KALOLENI,MILALANI NURERY SCHOOL
3,KILIFI,13,KALOLENI,65,KALOLENI,IMANI PRIMARY SCHOOL
3,KILIFI,13,KALOLENI,65,KALOLENI,MWAMLEKA PRIMARY SCHOOL
3,KILIFI,13,KALOLENI,65,KALOLENI,MUKULULU NUSERY SCHOOL
3,KILIFI,13,KALOLENI,65,KALOLENI,KINANI PRIMARY SCHOOL
3,KILIFI,13,KALOLENI,65,KALOLENI,MAKOMBOANI PRIMARY SCHOOL
3,KILIFI,13,KALOLENI,65,KALOLENI,MIHINGONI PRIMARY SCHOOL
3,KILIFI,13,KALOLENI,65,KALOLENI,CHALANI PRIMARY SCHOOL
3,KILIFI,13,KALOLENI,65,KALOLENI,CHANAGANDE PRIMARY SCHOOL
3,KILIFI,13,KALOLENI,65,KALOLENI,MIKIRIANI PRIMARY SCHOOL
3,KILIFI,13,KALOLENI,65,KALOLENI,KITSOMENI NURSERY SCHOOL
3,KILIFI,13,KALOLENI,65,KALOLENI,CHILULU PRIMARY SCHOOL
3,KILIFI,13,KALOLENI,65,KALOLENI,MKWAJUNI NURSERY SCHOOL
3,KILIFI,13,KALOLENI,65,KALOLENI,VUGA NURSERY SCHOOL
3,KILIFI,13,KALOLENI,65,KALOLENI,NYALANI NURSERY SCHOOL
3,KILIFI,13,KALOLENI,65,KALOLENI,MTENDANI TRADING CENTRE
3,KILIFI,13,KALOLENI,65,KALOLENI,TSUNGUNI PRIMARY SCHOOL
3,KILIFI,13,KALOLENI,65,KALOLENI,TSAKAROLOVU PRIMARY SCHOOL
3,KILIFI,13,KALOLENI,65,KALOLENI,MWANDAZA PRIMARY SCHOOL
3,KILIFI,13,KALOLENI,65,KALOLENI,MAANDANI PRIMARY SCHOOL
3,KILIFI,13,KALOLENI,65,KALOLENI,MGAMBONI PRIMARY SCHOOL
3,KILIFI,13,KALOLENI,65,KALOLENI,WALEA PRIMARY SCHOOL
3,KILIFI,13,KALOLENI,65,KALOLENI,TSAGWA PRIMARY SCHOOL
3,KILIFI,13,KALOLENI,65,KALOLENI,MWEMBE TAYARI NURSERY SCHOOL
3,KILIFI,13,KALOLENI,65,KALOLENI,MWANAWIJI NURSERY SCHOOL
3,KILIFI,13,KALOLENI,66,MWANAMWINGA,KAKOMANI PRIMARY SCHOOL
3,KILIFI,13,KALOLENI,66,MWANAMWINGA,VIRAGONI PRIMARY SCHOOL
3,KILIFI,13,KALOLENI,66,MWANAMWINGA,MTULU NURSERY SCHOOL
3,KILIFI,13,KALOLENI,66,MWANAMWINGA,MNAZI MWENGA PRIMARY SCHOOL
3,KILIFI,13,KALOLENI,66,MWANAMWINGA,IKANGA PRIMARY SCHOOL
3,KILIFI,13,KALOLENI,66,MWANAMWINGA,KABATHENI PRIMARY SCHOOL
3,KILIFI,13,KALOLENI,66,MWANAMWINGA,MWANAMWINGA NURERY SCHOOL
3,KILIFI,13,KALOLENI,66,MWANAMWINGA,KINARANI PRIMARY SCHOOL
3,KILIFI,13,KALOLENI,66,MWANAMWINGA,MIGWALENI NURSERY SCHOOL
3,KILIFI,13,KALOLENI,66,MWANAMWINGA,NGULUWENI PRIMARY SCHOOL
3,KILIFI,13,KALOLENI,66,MWANAMWINGA,KITENGWANI NURSERY SCHOOL
3,KILIFI,13,KALOLENI,66,MWANAMWINGA,HADEMU PRIMARY SCHOOL
3,KILIFI,13,KALOLENI,66,MWANAMWINGA,MTSENGO PRIMARY SCHOOL
3,KILIFI,14,RABAI,67,MWAWESA,BEDIDA PRIMARY SCHOOL
3,KILIFI,14,RABAI,67,MWAWESA,CHIFERI PRIMARY SCHOOL
3,KILIFI,14,RABAI,67,MWAWESA,MKAPUNI CATTLE DIP
3,KILIFI,14,RABAI,67,MWAWESA,CHONYI NURSERY SCHOOL
3,KILIFI,14,RABAI,67,MWAWESA,CHANG'OMBE PRIMARY SCHOOL
3,KILIFI,14,RABAI,67,MWAWESA,BWAGAMOYO PRIMARY SCHOOL
3,KILIFI,14,RABAI,68,RURUMA,MAKANZANI PRIMARY SCHOOL
3,KILIFI,14,RABAI,68,RURUMA,MLEJI PRIMARY SCHOOL
3,KILIFI,14,RABAI,68,RURUMA,KASIDI PRIMARY SCHOOL
3,KILIFI,14,RABAI,68,RURUMA,MAWEMABOMU NURSERY SCHOOL
3,KILIFI,14,RABAI,68,RURUMA,MIKOMANI PRIMARY SCHOOL
3,KILIFI,14,RABAI,68,RURUMA,KAWALA PRIMARY SCHOOL
3,KILIFI,14,RABAI,68,RURUMA,BATANI NURSERY SCHOOL
3,KILIFI,14,RABAI,68,RURUMA,JIMBA PRIMARY SCHOOL
3,KILIFI,14,RABAI,68,RURUMA,MASAANI NURSERY SCHOOL
3,KILIFI,14,RABAI,69,KAMBE/RIBE,MWANDODO PRIMARY SCHOOL
3,KILIFI,14,RABAI,69,KAMBE/RIBE,M'BUNGONI PRIMARY SCHOOL
3,KILIFI,14,RABAI,69,KAMBE/RIBE,ZIRO PRIMARY SCHOOL
3,KILIFI,14,RABAI,69,KAMBE/RIBE,MAERENI PRIMARY SCHOOL
3,KILIFI,14,RABAI,69,KAMBE/RIBE,JEURI PRIMARY SCHOOL
3,KILIFI,14,RABAI,69,KAMBE/RIBE,TIMBONI PRIMARY SCHOOL
3,KILIFI,14,RABAI,69,KAMBE/RIBE,MALAU PRIMARY SCHOOL
3,KILIFI,14,RABAI,69,KAMBE/RIBE,PANGANI NURSERY SCHOOL
3,KILIFI,14,RABAI,69,KAMBE/RIBE,MAKOBENI PRIMARY SCHOOL
3,KILIFI,14,RABAI,69,KAMBE/RIBE,RIBE PRIMARY SCHOOL
3,KILIFI,14,RABAI,69,KAMBE/RIBE,KINUNGUNA PRIMARY SCHOOL
3,KILIFI,14,RABAI,69,KAMBE/RIBE,MITSAJENI PRIMARY SCHOOL
3,KILIFI,14,RABAI,70,RABAI/KISURUTINI,KALIANG'OMBE PRIMARY SCHOOL
3,KILIFI,14,RABAI,70,RABAI/KISURUTINI,GIGIRI NURSERY SCHOOL
3,KILIFI,14,RABAI,70,RABAI/KISURUTINI,MWELE NURSERY SCHOOL
3,KILIFI,14,RABAI,70,RABAI/KISURUTINI,KAILO PRIMARY SCHOOL
3,KILIFI,14,RABAI,70,RABAI/KISURUTINI,LUGWE PRIMARY
3,KILIFI,14,RABAI,70,RABAI/KISURUTINI,ISAAC NYONDO PRI.SCHOOL
3,KILIFI,14,RABAI,70,RABAI/KISURUTINI,RAHMA NURSERY SCHOOL
3,KILIFI,14,RABAI,70,RABAI/KISURUTINI,KINYAKANI NURSERY SCHOOL
3,KILIFI,14,RABAI,70,RABAI/KISURUTINI,KAJIWE PRIMARY SCHOOL
3,KILIFI,14,RABAI,70,RABAI/KISURUTINI,BENYOKA PRIMARY SCHOOL
3,KILIFI,14,RABAI,70,RABAI/KISURUTINI,MWANGUTWA PRIMARY SCHOOL
3,KILIFI,14,RABAI,70,RABAI/KISURUTINI,MUUNGANO 7 VDC
3,KILIFI,14,RABAI,70,RABAI/KISURUTINI,BUNI PRIMARY SCHOOL
3,KILIFI,14,RABAI,70,RABAI/KISURUTINI,MWATSAMA PRIMARY SCHOOL
3,KILIFI,14,RABAI,70,RABAI/KISURUTINI,BUNI NURSERY SCHOOL
3,KILIFI,14,RABAI,70,RABAI/KISURUTINI,MWANZAGU TRADING CENTRE
3,KILIFI,14,RABAI,70,RABAI/KISURUTINI,RAILWAY TRADING CENTRE MAZERAS
3,KILIFI,15,GANZE,71,GANZE,KATENDEWA PRIMARY SCHOOL
3,KILIFI,15,GANZE,71,GANZE,JILA PRIMARY SCHOOL
3,KILIFI,15,GANZE,71,GANZE,DODOSA PRIMARY SCHOOL
3,KILIFI,15,GANZE,71,GANZE,GANZE PRIMARY SCHOOL
3,KILIFI,15,GANZE,71,GANZE,TSANGALAWENI PRIMARY SCHOOL
3,KILIFI,15,GANZE,71,GANZE,MALOMANI PRIMARY SCHOOL
3,KILIFI,15,GANZE,71,GANZE,VILWAKWE PRIMARY SCHOOL
3,KILIFI,15,GANZE,71,GANZE,PETANGUO PRIMARY SCHOOL
3,KILIFI,15,GANZE,71,GANZE,MASEMO PRIMARY SCHOOL
3,KILIFI,15,GANZE,71,GANZE,MIGODOMANI PRIMARY SCHOOL
3,KILIFI,15,GANZE,71,GANZE,DUNGICHA PRIMARY SCHOOL
3,KILIFI,15,GANZE,71,GANZE,BAHERO PRIMARY SCHOOL
3,KILIFI,15,GANZE,71,GANZE,SOKOKE PRIMARY SCHOOL
3,KILIFI,15,GANZE,71,GANZE,SILALA PRIMARY SCHOOL
3,KILIFI,15,GANZE,71,GANZE,DANICHA PRIMARY SCHOOL
3,KILIFI,15,GANZE,71,GANZE,SOKOKE SECONDARY SCHOOL
3,KILIFI,15,GANZE,71,GANZE,RARE PRIMARY SCHOOL
3,KILIFI,15,GANZE,71,GANZE,KACHORORONI PRIMARY SCHOOL
3,KILIFI,15,GANZE,71,GANZE,MWAEBA PRIMARY SCHOOL
3,KILIFI,15,GANZE,71,GANZE,MLUNGU WA MAWE PRIMARY SCHOOL
3,KILIFI,15,GANZE,71,GANZE,DUNGICHA SECONDARY SCHOOL
3,KILIFI,15,GANZE,71,GANZE,FUDUMULO PRIMARY SCHOOL
3,KILIFI,15,GANZE,72,BAMBA,MIDOINA PRIMARY SCHOOL
3,KILIFI,15,GANZE,72,BAMBA,MNAGO WA DOLA PRIMARY SCHOOL
3,KILIFI,15,GANZE,72,BAMBA,JIRA PRIMARY SCHOOL
3,KILIFI,15,GANZE,72,BAMBA,GOSHI PRIMARY SCHOOL
3,KILIFI,15,GANZE,72,BAMBA,MNAGONI PRIMARY SCHOOL
3,KILIFI,15,GANZE,72,BAMBA,RIMA RA PERA PRIMARY SCHOOL
3,KILIFI,15,GANZE,72,BAMBA,BAMBA PRIMARY SCHOOL
3,KILIFI,15,GANZE,72,BAMBA,CHAPUNGU PRIMARY SCHOOL
3,KILIFI,15,GANZE,72,BAMBA,MWAKWALA PRIMARY SCHOOL
3,KILIFI,15,GANZE,72,BAMBA,MARYANGO PRIMARY SCHOOL
3,KILIFI,15,GANZE,72,BAMBA,MTSARA WA TSATSU PRIMARY
3,KILIFI,15,GANZE,72,BAMBA,KIDEMU PRIMARY SCHOOL
3,KILIFI,15,GANZE,72,BAMBA,MUYUNI PRIMARY SCHOOL
3,KILIFI,15,GANZE,72,BAMBA,PAZIANI PRIMARY SCHOOL
3,KILIFI,15,GANZE,72,BAMBA,MITSEMERINI PRIMARY SCHOOL
3,KILIFI,15,GANZE,72,BAMBA,BANDARI PRIMARY SCHOOL
3,KILIFI,15,GANZE,72,BAMBA,KARIMANI PRIMARY SCHOOL
3,KILIFI,15,GANZE,72,BAMBA,KATHORONI NURSERY SCHOOL
3,KILIFI,15,GANZE,72,BAMBA,ZIARA WIMBI PRIMARY SCHOOL
3,KILIFI,15,GANZE,72,BAMBA,MWEZA MOYO PRIMARY SCHOOL
3,KILIFI,15,GANZE,72,BAMBA,MENGO NURSERY SCHOOL
3,KILIFI,15,GANZE,72,BAMBA,KABELENGANI PRIMARY SCHOOL
3,KILIFI,15,GANZE,72,BAMBA,SHAKA PRIMARY SCHOOL
3,KILIFI,15,GANZE,72,BAMBA,BADA NURSERY SCHOOL
3,KILIFI,15,GANZE,72,BAMBA,KERESA PRIMARY SCHOOL
3,KILIFI,15,GANZE,72,BAMBA,KALONGONI PRIMARY SCHOOL
3,KILIFI,15,GANZE,72,BAMBA,MIGUJINI PRIMARY SCHOOL
3,KILIFI,15,GANZE,73,JARIBUNI,KIRIMANI PRIMARY SCHOOL
3,KILIFI,15,GANZE,73,JARIBUNI,PALAKUMI PRIMARY SCHOOL
3,KILIFI,15,GANZE,73,JARIBUNI,MIGUMO MIRI PRIMARY SCHOOL
3,KILIFI,15,GANZE,73,JARIBUNI,TSANZUNI PRIMARY SCHOOL
3,KILIFI,15,GANZE,73,JARIBUNI,VITSAPUNI PRIMARY SCHOOL
3,KILIFI,15,GANZE,73,JARIBUNI,MARIANI PRIMARY SCHOOL
3,KILIFI,15,GANZE,73,JARIBUNI,KATOFENI PRIMARY SCHOOL
3,KILIFI,15,GANZE,73,JARIBUNI,MAYOWE PRIMARY SCHOOL
3,KILIFI,15,GANZE,73,JARIBUNI,JARIBUNI PRIMARY SCHOOL
3,KILIFI,15,GANZE,73,JARIBUNI,KWA MAYA NURSERY SCHOOL
3,KILIFI,15,GANZE,73,JARIBUNI,MIKULUNI PRIMARY SCHOOL
3,KILIFI,15,GANZE,73,JARIBUNI,MARERE PRIMARY SCHOOL
3,KILIFI,15,GANZE,73,JARIBUNI,MAGOGONI PRIMARY SCHOOL
3,KILIFI,15,GANZE,73,JARIBUNI,MWAPULA PRIMARY SCHOOL
3,KILIFI,15,GANZE,73,JARIBUNI,MWENGE PRIMARY SCHOOL
3,KILIFI,15,GANZE,73,JARIBUNI,MAKALANGENI PRIMARY SCHOOL
3,KILIFI,15,GANZE,73,JARIBUNI,VYAMBANI SECONDARY SCHOOL
3,KILIFI,15,GANZE,73,JARIBUNI,JUHUDI PRIMARY SCHOOL
3,KILIFI,15,GANZE,73,JARIBUNI,BOPONI CENTRE
3,KILIFI,15,GANZE,73,JARIBUNI,DUNGUNI PRIMARY SCHOOL
3,KILIFI,15,GANZE,73,JARIBUNI,MANGORORO PRIMARY SCHOOL
3,KILIFI,15,GANZE,73,JARIBUNI,MBONGA PRIMARY SCHOOL
3,KILIFI,15,GANZE,74,SOKOKE,NDIGIRIA PRIMARY SCHOOL
3,KILIFI,15,GANZE,74,SOKOKE,MILORE PRIMARY SCHOOL
3,KILIFI,15,GANZE,74,SOKOKE,MURYA CHAKWE PRIMARY SCHOOL
3,KILIFI,15,GANZE,74,SOKOKE,DULUKIZA PRIMARY SCHOOL
3,KILIFI,15,GANZE,74,SOKOKE,MURIMA WA NDEGE PRIMARY
3,KILIFI,15,GANZE,74,SOKOKE,KAFULONI PRIMARY SCHOOL
3,KILIFI,15,GANZE,74,SOKOKE,MADAMANI PRIMARY SCHOOL
3,KILIFI,15,GANZE,74,SOKOKE,MANGUDHO PRIMARY SCHOOL
3,KILIFI,15,GANZE,74,SOKOKE,VITENGENI PRIMARY SCHOOL
3,KILIFI,15,GANZE,74,SOKOKE,DIDA PRIMARY SCHOOL
3,KILIFI,15,GANZE,74,SOKOKE,KAHINGONI PRIMARY SCHOOL
3,KILIFI,15,GANZE,74,SOKOKE,MITSEDZINI PRIMARY SCHOOL
3,KILIFI,15,GANZE,74,SOKOKE,BALE PRIMARY SCHOOL
3,KILIFI,15,GANZE,74,SOKOKE,KANG'AMBONI PRIMARY SCHOOL
3,KILIFI,15,GANZE,74,SOKOKE,MWARANDINDA PRIMARY SCHOOL
3,KILIFI,15,GANZE,74,SOKOKE,BOGA MACHUKO PRIMARY SCHOOL
3,KILIFI,15,GANZE,74,SOKOKE,DZIKUNZE PRIMARY SCHOOL
3,KILIFI,15,GANZE,74,SOKOKE,NDUGU MUNANI PRIMARY SCHOOL
3,KILIFI,15,GANZE,74,SOKOKE,MADZENI PRIMARY SCHOOL
3,KILIFI,15,GANZE,74,SOKOKE,MIHUHUNI PRIMARY SCHOOL
3,KILIFI,15,GANZE,74,SOKOKE,MWAHERA PRIMARY SCHOOL
3,KILIFI,15,GANZE,74,SOKOKE,SITA NURSERY SCHOOL
3,KILIFI,15,GANZE,74,SOKOKE,VITENGENI CATTLE DIP
3,KILIFI,15,GANZE,74,SOKOKE,SOSODEMU PRIMARY SCHOOL
3,KILIFI,15,GANZE,74,SOKOKE,KAFITSONI PRIMARY SCHOOL
3,KILIFI,15,GANZE,74,SOKOKE,MALANGA PRIMARY SCHOOL
3,KILIFI,15,GANZE,74,SOKOKE,YEMBE PRIMARY SCHOOL
3,KILIFI,15,GANZE,74,SOKOKE,NGAMANI PRIMARY SCHOOL
3,KILIFI,15,GANZE,74,SOKOKE,BUNGALE PRIMARY SCHOOL
3,KILIFI,15,GANZE,74,SOKOKE,KWA DADU PRIMARY SCHOOL
3,KILIFI,15,GANZE,74,SOKOKE,MISUFINI PRIMARY SCHOOL
3,KILIFI,15,GANZE,74,SOKOKE,RANCH PRIMARY SCHOOL
3,KILIFI,16,MALINDI,75,JILORE,JILORE PRIMARY SCHOOL
3,KILIFI,16,MALINDI,75,JILORE,KAKONENI PRIMARY SCHOOL
3,KILIFI,16,MALINDI,75,JILORE,MARIKANO PRIMARY SCHOOL
3,KILIFI,16,MALINDI,75,JILORE,SHONONEKA NURSERY SCHOOL
3,KILIFI,16,MALINDI,75,JILORE,MAJI LANGOBAYA PRIMARY SCHOOL
3,KILIFI,16,MALINDI,75,JILORE,GIRIMACHA PRIMARY SCHOOL
3,KILIFI,16,MALINDI,75,JILORE,SOSOBORA PRIMARY SCHOOL
3,KILIFI,16,MALINDI,75,JILORE,PISHIMWENGA PRIMARY SCHOOL
3,KILIFI,16,MALINDI,75,JILORE,MAJENGO NURSERY SCHOOL
3,KILIFI,16,MALINDI,75,JILORE,VIRIKO PRIMARY SCHOOL
3,KILIFI,16,MALINDI,75,JILORE,KHOMBENI PRIMARY SCHOOL
3,KILIFI,16,MALINDI,75,JILORE,MKONDONI PRIMARY SCHOOL
3,KILIFI,16,MALINDI,75,JILORE,MAMBO SASA NURSERY SCHOOL
3,KILIFI,16,MALINDI,75,JILORE,SOSONI PRIMARY SCHOOL
3,KILIFI,16,MALINDI,75,JILORE,LANGOBAYA DISPENSAR OPEN GROUND
3,KILIFI,16,MALINDI,76,KAKUYUNI,KAKUYUNI BOYS SECONDARY SCHOOL
3,KILIFI,16,MALINDI,76,KAKUYUNI,MONGOTINI PRIMARY SCHOOL
3,KILIFI,16,MALINDI,76,KAKUYUNI,KAKUYUNI PRIMARY SCHOOL
3,KILIFI,16,MALINDI,76,KAKUYUNI,MADUNGUNI PRIMARY SCHOOL
3,KILIFI,16,MALINDI,76,KAKUYUNI,BAGUO PRIMARY SCHOOL
3,KILIFI,16,MALINDI,76,KAKUYUNI,MMANGANI PRIMARY SCHOOL
3,KILIFI,16,MALINDI,76,KAKUYUNI,KAVUNYALALO PRIMARY SCHOOL
3,KILIFI,16,MALINDI,76,KAKUYUNI,MGANDINI NURSERY SCHOOL
3,KILIFI,16,MALINDI,76,KAKUYUNI,MWANGAZA NURSERY SCHOOL
3,KILIFI,16,MALINDI,76,KAKUYUNI,ARABUKO PRIMARY SCHOOL
3,KILIFI,16,MALINDI,76,KAKUYUNI,KISIWANI NURSERY SCHOOL
3,KILIFI,16,MALINDI,77,GANDA,MILIMANI NURSERY SCHOOL
3,KILIFI,16,MALINDI,77,GANDA,MASHAMBA PRIMARY SCHOOL
3,KILIFI,16,MALINDI,77,GANDA,KIJIWETANGA PRIMARY SCHOOL
3,KILIFI,16,MALINDI,77,GANDA,MSABAHA FOOTBALL GROUNDS
3,KILIFI,16,MALINDI,77,GANDA,MKAOMOTO PRIMARY SCHOOL
3,KILIFI,16,MALINDI,77,GANDA,PENDUKIANI NURSERY SCHOOL
3,KILIFI,16,MALINDI,77,GANDA,TAKAYE PRIMARY SCHOOL
3,KILIFI,16,MALINDI,77,GANDA,KWA UPANGA PRIMARY SCHOOL
3,KILIFI,16,MALINDI,77,GANDA,MERE PRIMARY SCHOOL
3,KILIFI,16,MALINDI,77,GANDA,MAZIWANI PRIMARY SCHOOL
3,KILIFI,16,MALINDI,77,GANDA,GAHALENI PRIMARY SCHOOL
3,KILIFI,16,MALINDI,77,GANDA,MSHONGOLENI DISPENSARY
3,KILIFI,16,MALINDI,77,GANDA,MIWANI PRIMARY SCHOOL
3,KILIFI,16,MALINDI,77,GANDA,MKUNGUNI PRIMARY SCHOOL
3,KILIFI,16,MALINDI,78,MALINDI TOWN,MAJIVUNI PRIMARY SCHOOL
3,KILIFI,16,MALINDI,78,MALINDI TOWN,MTANGANI PEMA CHURCH NURSERY SCHOOL
3,KILIFI,16,MALINDI,78,MALINDI TOWN,MALINDI PRIMARY SCHOOL (HGM)
3,KILIFI,16,MALINDI,78,MALINDI TOWN,ST. ANDREWS PRIMARY SCHOOL
3,KILIFI,16,MALINDI,78,MALINDI TOWN,MALINDI CENTRAL PRIMARY SCHOOL
3,KILIFI,16,MALINDI,78,MALINDI TOWN,BARANI SECONDARY SCHOOL
3,KILIFI,16,MALINDI,78,MALINDI TOWN,KASIMBIJI PRIMARY SCHOOL
3,KILIFI,16,MALINDI,78,MALINDI TOWN,MALINDI GUIDING STAR ACADEMY
3,KILIFI,16,MALINDI,78,MALINDI TOWN,KANYANGWA BAPTIST ACADEMY
3,KILIFI,16,MALINDI,78,MALINDI TOWN,GREENFIELD ACADEMY ( ALASKAN)
3,KILIFI,16,MALINDI,79,SHELLA,AIRPORT PRIMARY SCHOOL
3,KILIFI,16,MALINDI,79,SHELLA,MALINDI HIGH SCHOOL
3,KILIFI,16,MALINDI,79,SHELLA,KARIMA PRIMARY SCHOOL
3,KILIFI,16,MALINDI,79,SHELLA,UPWEONI PRIMARY SCHOOL
3,KILIFI,16,MALINDI,79,SHELLA,SIR ALI BIN SALIM PRIMARY SCHOOL
3,KILIFI,16,MALINDI,79,SHELLA,AL NIDHAMIA WOMEN GROUP HALL
3,KILIFI,16,MALINDI,79,SHELLA,TOWN PRIMARY SCHOOL
3,KILIFI,16,MALINDI,79,SHELLA,SOWETO TRADING CENTER OPEN GROUND
3,KILIFI,16,MALINDI,79,SHELLA,KAJAJINI PRIMARY SCHOOL
3,KILIFI,17,MAGARINI,80,MARAFA,KABIBONI PRIMARY SCHOOL
3,KILIFI,17,MAGARINI,80,MARAFA,WARESA PRIMARY SCHOOL
3,KILIFI,17,MAGARINI,80,MARAFA,WATALA PRIMARY SCHOOL
3,KILIFI,17,MAGARINI,80,MARAFA,SOSO CHAMARI PRIMARY SCHOOL
3,KILIFI,17,MAGARINI,80,MARAFA,VITHUNGUNI PRIMARY SCHOOL
3,KILIFI,17,MAGARINI,80,MARAFA,MARAFA PRIMARY SCHOOL
3,KILIFI,17,MAGARINI,80,MARAFA,KOTAYO PRIMARY SCHOOL
3,KILIFI,17,MAGARINI,80,MARAFA,BARAKA PRIMARY SCHOOL
3,KILIFI,17,MAGARINI,80,MARAFA,AMKENI PRIMARY SCHOOL
3,KILIFI,17,MAGARINI,80,MARAFA,DANISA PRIMARY SCHOOL
3,KILIFI,17,MAGARINI,80,MARAFA,SHAKADULO PRIMARY SCHOOL
3,KILIFI,17,MAGARINI,80,MARAFA,MAWAZO PRIMARY SCHOOL
3,KILIFI,17,MAGARINI,80,MARAFA,MEKATILILI PRIMARY SCHOOL
3,KILIFI,17,MAGARINI,80,MARAFA,DAKACHA PRIMARY SCHOOL
3,KILIFI,17,MAGARINI,80,MARAFA,MULUNGUNI PRIMARY SCHOOL
3,KILIFI,17,MAGARINI,80,MARAFA,MOGOLE PRIMARY SCHOOL
3,KILIFI,17,MAGARINI,80,MARAFA,KASIKINI NURSERY SCHOOL
3,KILIFI,17,MAGARINI,80,MARAFA,TANGINI NURSERY SCHOOL
3,KILIFI,17,MAGARINI,80,MARAFA,ST PETERS NURSERY SCHOOL
3,KILIFI,17,MAGARINI,81,MAGARINI,MAJENJENI PRIMARY SCHOOL
3,KILIFI,17,MAGARINI,81,MAGARINI,MAMBRUI PRIMARY SCHOOL
3,KILIFI,17,MAGARINI,81,MAGARINI,KAGOMBANI PRIMARY SCHOOL
3,KILIFI,17,MAGARINI,81,MAGARINI,MJANAHERI PRIMARY SCHOOL
3,KILIFI,17,MAGARINI,81,MAGARINI,MARIKEBUNI PRIMARY SCHOOL
3,KILIFI,17,MAGARINI,81,MAGARINI,MASHEHENI PRIMARY SCHOOL
3,KILIFI,17,MAGARINI,81,MAGARINI,BURANGI PRIMARY SCHOOL
3,KILIFI,17,MAGARINI,81,MAGARINI,MAJAHAZINI PRIMARY SCHOOL
3,KILIFI,17,MAGARINI,81,MAGARINI,PUMWANI PRIMARY SCHOOL
3,KILIFI,17,MAGARINI,81,MAGARINI,KADZIFITSENI PRIMARY SCHOOL
3,KILIFI,17,MAGARINI,81,MAGARINI,MWANGATINI PRIMARY SCHOOL
3,KILIFI,17,MAGARINI,81,MAGARINI,KAEMBENI PRIMARY SCHOOL
3,KILIFI,17,MAGARINI,81,MAGARINI,MAGARINI PRIMARY SCHOOL
3,KILIFI,17,MAGARINI,81,MAGARINI,NG'ANDU PRIMARY SCHOOL
3,KILIFI,17,MAGARINI,81,MAGARINI,MAGARINI SECONDARY SCHOOL
3,KILIFI,17,MAGARINI,81,MAGARINI,KIPANGAJENI PRIMARY SCHOOL
3,KILIFI,17,MAGARINI,81,MAGARINI,MBAONI PRIMARY SCHOOL
3,KILIFI,17,MAGARINI,81,MAGARINI,MFULANI PRIMARY SCHOOL
3,KILIFI,17,MAGARINI,81,MAGARINI,MAPIMO CENTRAL PRIMARY SCHOOL
3,KILIFI,17,MAGARINI,82,GONGONI,MAPIMO PRIMARY SCHOOL
3,KILIFI,17,MAGARINI,82,GONGONI,KINYAULE NURSERY SCHOOL
3,KILIFI,17,MAGARINI,82,GONGONI,MNAGONI NURSERY SCHOOL
3,KILIFI,17,MAGARINI,82,GONGONI,MAPIMO YOUTH POLYTECHNIC
3,KILIFI,17,MAGARINI,82,GONGONI,KADZUHONI PRIMARY SCHOOL
3,KILIFI,17,MAGARINI,82,GONGONI,KAMBI YA WAYA PRIMARY SCHOOL
3,KILIFI,17,MAGARINI,82,GONGONI,FUNDI-ISSA PRIMARY SCHOOL
3,KILIFI,17,MAGARINI,82,GONGONI,SOGOROSA PRIMARY SCHOOL
3,KILIFI,17,MAGARINI,82,GONGONI,MTSANGAMALI PRIMARY SCHOOL
3,KILIFI,17,MAGARINI,82,GONGONI,MIDODONI PRIMARY SCHOOL
3,KILIFI,17,MAGARINI,82,GONGONI,SHOMELA PRIMARY SCHOOL
3,KILIFI,17,MAGARINI,82,GONGONI,KASIMANI PRIMARY SCHOOL
3,KILIFI,17,MAGARINI,82,GONGONI,GARITHE PRIMARY SCHOOL
3,KILIFI,17,MAGARINI,82,GONGONI,BAHARI YA KATI NURSERY SCHOOL
3,KILIFI,17,MAGARINI,82,GONGONI,NGOMENI PRIMARY SCHOOL
3,KILIFI,17,MAGARINI,82,GONGONI,MILIMANI PRIMARY SCHOOL
3,KILIFI,17,MAGARINI,82,GONGONI,RASI PRIMARY SCHOOL
3,KILIFI,17,MAGARINI,82,GONGONI,MIDODONI CENTRAL PRIMARY SCHOOL
3,KILIFI,17,MAGARINI,82,GONGONI,BORABORA NURSERY SCHOOL
3,KILIFI,17,MAGARINI,82,GONGONI,POVUNI PRIMARY SCHOOL
3,KILIFI,17,MAGARINI,82,GONGONI,MAPIMO GIRLS SECODARY SCHOOL
3,KILIFI,17,MAGARINI,83,ADU,BANDACHO PRIMARY SCHOOL
3,KILIFI,17,MAGARINI,83,ADU,KANAGONI PRIMARY SCHOOL
3,KILIFI,17,MAGARINI,83,ADU,MUYU WA KAE PRIMARY SCHOOL
3,KILIFI,17,MAGARINI,83,ADU,MARERENI PRIMARY SCHOOL
3,KILIFI,17,MAGARINI,83,ADU,KURAWA PRIMARY SCHOOL
3,KILIFI,17,MAGARINI,83,ADU,MTORONI PRIMARY SCHOOL
3,KILIFI,17,MAGARINI,83,ADU,DHOLOLOBULA NURSERY SCHOOL
3,KILIFI,17,MAGARINI,83,ADU,KAMBICHA PRIMARY SCHOOL
3,KILIFI,17,MAGARINI,83,ADU,YEDHI PRIMARY SCHOOL
3,KILIFI,17,MAGARINI,83,ADU,KAOYENI PRIMARY SCHOOL
3,KILIFI,17,MAGARINI,83,ADU,RAMADA PRIMARY SCHOOL
3,KILIFI,17,MAGARINI,83,ADU,BLUE GLUE PRIMARY SCHOOL
3,KILIFI,17,MAGARINI,83,ADU,ADU PRIMARY SCHOOL
3,KILIFI,17,MAGARINI,83,ADU,BARAKAJEMBE PRIMARY SCHOOL
3,KILIFI,17,MAGARINI,83,ADU,NYAMALA SINENE PRIMARY SCHOOL
3,KILIFI,17,MAGARINI,83,ADU,KAMALE PRIMARY SCHOOL
3,KILIFI,17,MAGARINI,83,ADU,KATHAMA PRIMARY SCHOOL
3,KILIFI,17,MAGARINI,83,ADU,ADIMAYE PRIMARY SCHOOL
3,KILIFI,17,MAGARINI,83,ADU,CHAKAMA PRIMARY SCHOOL
3,KILIFI,17,MAGARINI,83,ADU,SHAKAHOLA PRIMARY SCHOOL
3,KILIFI,17,MAGARINI,83,ADU,KULALU PRIMARY SCHOOL
3,KILIFI,17,MAGARINI,83,ADU,MATOLANI PRIMARY SCHOOL
3,KILIFI,17,MAGARINI,83,ADU,HAWE WANJE PRIMARY SCHOOL
3,KILIFI,17,MAGARINI,83,ADU,PCEA BOMBI PRIMARY SCHOOL
3,KILIFI,17,MAGARINI,83,ADU,GALANA RANCH PRIMARY SCHOOL
3,KILIFI,17,MAGARINI,83,ADU,BINZARO NURSERY SCHOOL
3,KILIFI,17,MAGARINI,83,ADU,KALONGONI NURSERY SCHOOL
3,KILIFI,17,MAGARINI,83,ADU,CHANJALO PRIMARY SCHOOL
3,KILIFI,17,MAGARINI,83,ADU,BALAGA PRIMARY SCHOOL
3,KILIFI,17,MAGARINI,83,ADU,THETHESA PRIMARY SCHOOL
3,KILIFI,17,MAGARINI,84,GARASHI,MARAFA YOUTH POLYTECHNIC
3,KILIFI,17,MAGARINI,84,GARASHI,KATA PRIMARY SCHOOL
3,KILIFI,17,MAGARINI,84,GARASHI,MAKUMBA PRIMARY SCHOOL
3,KILIFI,17,MAGARINI,84,GARASHI,DHOLOLO PRIMARY SCHOOL
3,KILIFI,17,MAGARINI,84,GARASHI,MUGUMONI PRIMARY SCHOOL
3,KILIFI,17,MAGARINI,84,GARASHI,BATE PRIMARY SCHOOL
3,KILIFI,17,MAGARINI,84,GARASHI,BURA PRIMARY SCHOOL
3,KILIFI,17,MAGARINI,84,GARASHI,KAYA DAGAMRA PRIMARY SCHOOL
3,KILIFI,17,MAGARINI,84,GARASHI,KUNDENI PRIMARY SCHOOL
3,KILIFI,17,MAGARINI,84,GARASHI,BORESINGWAYA PRIMARY SCHOOL
3,KILIFI,17,MAGARINI,84,GARASHI,GARASHI PRIMARY SCHOOL
3,KILIFI,17,MAGARINI,84,GARASHI,MASINDENI PRIMARY SCHOOL
3,KILIFI,17,MAGARINI,84,GARASHI,KATSANGATIFU NURSERY SCHOOL
3,KILIFI,17,MAGARINI,84,GARASHI,MIKUYUNI PRIMARY SCHOOL
3,KILIFI,17,MAGARINI,84,GARASHI,SINGWAYA PRIMARY SCHOOL
3,KILIFI,17,MAGARINI,84,GARASHI,BARICHO PRIMARY SCHOOL
3,KILIFI,17,MAGARINI,84,GARASHI,ULAYA PRIMARY SCHOOL
3,KILIFI,17,MAGARINI,84,GARASHI,KAKUHANI PRIMARY SCHOOL
3,KILIFI,17,MAGARINI,84,GARASHI,JONGENI PRIMARY SCHOOL
3,KILIFI,17,MAGARINI,84,GARASHI,CHUMBA CHA TSUWI NURSERY SCHOOL
3,KILIFI,17,MAGARINI,84,GARASHI,KAGUGUTA PRIMARY SCHOOL
3,KILIFI,17,MAGARINI,84,GARASHI,LAINI NURSERY SCHOOL
3,KILIFI,17,MAGARINI,85,SABAKI,SABAKI PRIMARY SCHOOL
3,KILIFI,17,MAGARINI,85,SABAKI,KIBOKONI PRIMARY SCHOOL
3,KILIFI,17,MAGARINI,85,SABAKI,KWANDOMO TRADING CENTRE
3,KILIFI,17,MAGARINI,85,SABAKI,MALINDI GK PRISON DISPENSARY
3,KILIFI,17,MAGARINI,85,SABAKI,MTANGANI PAMOJA PRIMARY SCHOOL
3,KILIFI,17,MAGARINI,85,SABAKI,KATSANGANI NURSERY SCHOOL
3,KILIFI,17,MAGARINI,85,SABAKI,MOI NURSERY SCHOOL
4,TANA RIVER,18,GARSEN,86,KIPINI EAST,KIPINI PRIMARY SCHOOL
4,TANA RIVER,18,GARSEN,86,KIPINI EAST,KIZUILIYANI NURSERY SCHOOL
4,TANA RIVER,18,GARSEN,86,KIPINI EAST,MCHELELO PRIMARY SCHOOL
4,TANA RIVER,18,GARSEN,86,KIPINI EAST,MATANGENI PRIMARY SCHOOL
4,TANA RIVER,18,GARSEN,86,KIPINI EAST,GATUNDU PRIMARY SCHOOL
4,TANA RIVER,18,GARSEN,86,KIPINI EAST,MAJIWENI PRIMARY SCHOOL
4,TANA RIVER,18,GARSEN,86,KIPINI EAST,MAPUNGA PRIMARY SCHOOL
4,TANA RIVER,18,GARSEN,86,KIPINI EAST,KILELENGWANI PRIMARY SCHOOL
4,TANA RIVER,18,GARSEN,86,KIPINI EAST,KAU PRIMARY SCHOOL
4,TANA RIVER,18,GARSEN,86,KIPINI EAST,REKETA PRIMARY SCHOOL
4,TANA RIVER,18,GARSEN,86,KIPINI EAST,OZI PRIMARY SCHOOL
4,TANA RIVER,18,GARSEN,86,KIPINI EAST,MPEKETONI NURSERY SCHOOL
4,TANA RIVER,18,GARSEN,86,KIPINI EAST,KIPINI SECONDARY SCHOOL
4,TANA RIVER,18,GARSEN,86,KIPINI EAST,KALOLENI NURSERY SCHOOL
4,TANA RIVER,18,GARSEN,86,KIPINI EAST,KIBAONI NURSERY SCHOOL
4,TANA RIVER,18,GARSEN,87,GARSEN SOUTH,IDSOWE PRIMARY SCHOOL
4,TANA RIVER,18,GARSEN,87,GARSEN SOUTH,MINJILA NURSERY SCHOOL
4,TANA RIVER,18,GARSEN,87,GARSEN SOUTH,DIDAADE PRIMARY SCHOOL
4,TANA RIVER,18,GARSEN,87,GARSEN SOUTH,KIBUSU PRIMARY SCHOOL
4,TANA RIVER,18,GARSEN,87,GARSEN SOUTH,DALU PRIMARY SCHOOL
4,TANA RIVER,18,GARSEN,87,GARSEN SOUTH,TARASAA SECONDARY SCHOOL
4,TANA RIVER,18,GARSEN,87,GARSEN SOUTH,TARASAA PRIMARY SCHOOL
4,TANA RIVER,18,GARSEN,87,GARSEN SOUTH,HIARI COMMUNITY HALL
4,TANA RIVER,18,GARSEN,87,GARSEN SOUTH,ARAP MOI PRIMARY SCHOOL
4,TANA RIVER,18,GARSEN,87,GARSEN SOUTH,NGAO SOCIAL HALL
4,TANA RIVER,18,GARSEN,87,GARSEN SOUTH,GOLBANTI PRIMARY SCHOOL
4,TANA RIVER,18,GARSEN,87,GARSEN SOUTH,FURAHA PRIMARY SCHOOL
4,TANA RIVER,18,GARSEN,87,GARSEN SOUTH,BURA KOFIRA PRIMARY SCHOOL
4,TANA RIVER,18,GARSEN,87,GARSEN SOUTH,ON-WARDEI PRIMARY SCHOOL
4,TANA RIVER,18,GARSEN,87,GARSEN SOUTH,GUBANI NURSERY SCHOOL
4,TANA RIVER,18,GARSEN,87,GARSEN SOUTH,ODA SECONDARY SCHOOL
4,TANA RIVER,18,GARSEN,87,GARSEN SOUTH,DALU SECONDARY SCHOOL
4,TANA RIVER,18,GARSEN,87,GARSEN SOUTH,USHINDI PRIMARY SCHOOL
4,TANA RIVER,18,GARSEN,88,KIPINI WEST,HANDARAKU PRIMARY SCHOOL
4,TANA RIVER,18,GARSEN,88,KIPINI WEST,TARA KOSHORO CENTRE
4,TANA RIVER,18,GARSEN,88,KIPINI WEST,KIKOMO PRIMARY SCHOOL
4,TANA RIVER,18,GARSEN,88,KIPINI WEST,NDURU PRIMARY SCHOOL
4,TANA RIVER,18,GARSEN,88,KIPINI WEST,SEMIKARO PRIMARY SCHOOL
4,TANA RIVER,18,GARSEN,88,KIPINI WEST,CHAMWANAMUMA PRIMARY SCHOOL
4,TANA RIVER,18,GARSEN,88,KIPINI WEST,SHIRIKISHO PRIMARY SCHOOL
4,TANA RIVER,18,GARSEN,88,KIPINI WEST,DARGA GALGE NURSERY SCHOOL
4,TANA RIVER,18,GARSEN,88,KIPINI WEST,ODOLE NURSERY SCHOOL
4,TANA RIVER,18,GARSEN,88,KIPINI WEST,MUANJA CENTRE
4,TANA RIVER,18,GARSEN,88,KIPINI WEST,REKETA CENTRE
4,TANA RIVER,18,GARSEN,88,KIPINI WEST,TANA SALT NURSERY SCHOOL
4,TANA RIVER,18,GARSEN,88,KIPINI WEST,HURARA PRIMARY SCHOOL
4,TANA RIVER,18,GARSEN,88,KIPINI WEST,KATSANGANI PRIMARY SCHOOL
4,TANA RIVER,18,GARSEN,88,KIPINI WEST,METICHARAKA PRIMARY SCHOOL
4,TANA RIVER,18,GARSEN,88,KIPINI WEST,MNARANI ECD CENTRE
4,TANA RIVER,18,GARSEN,88,KIPINI WEST,HASHAKA SECONDARY SCHOOL
4,TANA RIVER,18,GARSEN,88,KIPINI WEST,MTO KILIFI ECD CENTRE
4,TANA RIVER,18,GARSEN,88,KIPINI WEST,MSURUJANI ECD CENTRE
4,TANA RIVER,18,GARSEN,89,GARSEN CENTRAL,DUMI NURSERY SCHOOL
4,TANA RIVER,18,GARSEN,89,GARSEN CENTRAL,GAMBA PRIMARY SCHOOL
4,TANA RIVER,18,GARSEN,89,GARSEN CENTRAL,ONKOLDE PRIMARY SCHOOL
4,TANA RIVER,18,GARSEN,89,GARSEN CENTRAL,KONE MAMO CENTER
4,TANA RIVER,18,GARSEN,89,GARSEN CENTRAL,GALILI PRIMARY SCHOOL
4,TANA RIVER,18,GARSEN,89,GARSEN CENTRAL,GOMESA VILLAGE
4,TANA RIVER,18,GARSEN,89,GARSEN CENTRAL,DIBE PRIMARY SCHOOL
4,TANA RIVER,18,GARSEN,89,GARSEN CENTRAL,KIPAO PRIMARY SCHOOL
4,TANA RIVER,18,GARSEN,89,GARSEN CENTRAL,MSWAKINI NURSERY SCHOOL
4,TANA RIVER,18,GARSEN,89,GARSEN CENTRAL,WALKON VILLAGE
4,TANA RIVER,18,GARSEN,89,GARSEN CENTRAL,KIPAO SECONDARY SCHOOL
4,TANA RIVER,18,GARSEN,89,GARSEN CENTRAL,KIJO NURSERY SCHOOL
4,TANA RIVER,18,GARSEN,89,GARSEN CENTRAL,BALO NURSERY SCHOOL
4,TANA RIVER,18,GARSEN,90,GARSEN WEST,GARSEN PRIMARY SCHOOL
4,TANA RIVER,18,GARSEN,90,GARSEN WEST,MAUA PRIMARY SCHOOL
4,TANA RIVER,18,GARSEN,90,GARSEN WEST,SHELI ABE CENTRE
4,TANA RIVER,18,GARSEN,90,GARSEN WEST,KONKONA NURSERY SCHOOL
4,TANA RIVER,18,GARSEN,90,GARSEN WEST,BILISA PRIMARY SCHOOL
4,TANA RIVER,18,GARSEN,90,GARSEN WEST,KORLABE VILLAGE
4,TANA RIVER,18,GARSEN,90,GARSEN WEST,ASSA PRIMARY SCHOOL
4,TANA RIVER,18,GARSEN,90,GARSEN WEST,BARIDI CENTRE (MOBILE)
4,TANA RIVER,18,GARSEN,90,GARSEN WEST,ONJILA CENTRE
4,TANA RIVER,18,GARSEN,90,GARSEN WEST,ODOGANDA CENTRE
4,TANA RIVER,18,GARSEN,90,GARSEN WEST,TANK E CENTRE
4,TANA RIVER,18,GARSEN,90,GARSEN WEST,IDDI CENTRE
4,TANA RIVER,18,GARSEN,90,GARSEN WEST,KONE PRIMARY SCHOOL (MOBILE)
4,TANA RIVER,18,GARSEN,90,GARSEN WEST,SHELI PRIMARY SCHOOL
4,TANA RIVER,18,GARSEN,90,GARSEN WEST,SANE GIRLS SECONDSRY SCHOOL
4,TANA RIVER,18,GARSEN,90,GARSEN WEST,TULU NURSERY SCHOOL
4,TANA RIVER,18,GARSEN,90,GARSEN WEST,GARSEN HIGH SCHOOL
4,TANA RIVER,18,GARSEN,90,GARSEN WEST,Ananotu
4,TANA RIVER,18,GARSEN,91,GARSEN NORTH,GADENI PRIMARY SCHOOL
4,TANA RIVER,18,GARSEN,91,GARSEN NORTH,REUBEN MWEWE PRIMARY SCHOOL
4,TANA RIVER,18,GARSEN,91,GARSEN NORTH,KULESA PRIMARY SCHOOL
4,TANA RIVER,18,GARSEN,91,GARSEN NORTH,MAZIWA PRIMARY SCHOOL
4,TANA RIVER,18,GARSEN,91,GARSEN NORTH,MAREMBO PRIMARY SCHOOL
4,TANA RIVER,18,GARSEN,91,GARSEN NORTH,LAZIMA PRIMARY SCHOOL
4,TANA RIVER,18,GARSEN,91,GARSEN NORTH,SERA PRIMARY SCHOOL
4,TANA RIVER,18,GARSEN,91,GARSEN NORTH,KUROLE CENTRE
4,TANA RIVER,18,GARSEN,91,GARSEN NORTH,MWINA PRIMARY SCHOOL
4,TANA RIVER,18,GARSEN,91,GARSEN NORTH,NGUMU NURSERY SCHOOL
4,TANA RIVER,18,GARSEN,91,GARSEN NORTH,BUBESA PRIMARY SCHOOL
4,TANA RIVER,18,GARSEN,91,GARSEN NORTH,KINYADU PRIMARY SCHOOL
4,TANA RIVER,18,GARSEN,91,GARSEN NORTH,MMBUJI PRIMARY SCHOOL
4,TANA RIVER,18,GARSEN,91,GARSEN NORTH,MNAZINI PRIMARY SCHOOL
4,TANA RIVER,18,GARSEN,91,GARSEN NORTH,MNAZINI SIGN POST CENTRE
4,TANA RIVER,18,GARSEN,91,GARSEN NORTH,KITERE PRIMARY SCHOOL
4,TANA RIVER,18,GARSEN,91,GARSEN NORTH,CHOA NURSERY SCHOOL
4,TANA RIVER,18,GARSEN,91,GARSEN NORTH,BAOMO PRIMARY SCHOOL
4,TANA RIVER,18,GARSEN,91,GARSEN NORTH,GALMA PRIMARY SCHOOL
4,TANA RIVER,18,GARSEN,91,GARSEN NORTH,KITERE SECONDARY SCHOOL
4,TANA RIVER,18,GARSEN,91,GARSEN NORTH,GADENI SECONDSRY SCHOOL
4,TANA RIVER,19,GALOLE,92,KINAKOMBA,HARORESA PRIMARY SCHOOL
4,TANA RIVER,19,GALOLE,92,KINAKOMBA,JARA MOBILE CENTRE
4,TANA RIVER,19,GALOLE,92,KINAKOMBA,HARA PRIMARY SCHOOL
4,TANA RIVER,19,GALOLE,92,KINAKOMBA,BAKISANO PRIMARY SCHOOL
4,TANA RIVER,19,GALOLE,92,KINAKOMBA,MARONI PRIMARY SCHOOL
4,TANA RIVER,19,GALOLE,92,KINAKOMBA,WENJE PRIMARY SCHOOL
4,TANA RIVER,19,GALOLE,92,KINAKOMBA,VUKONI PRIMARY SCHOOL
4,TANA RIVER,19,GALOLE,92,KINAKOMBA,BUBUBU PRIMARY SCHOOL
4,TANA RIVER,19,GALOLE,92,KINAKOMBA,DUWAYO PRIMARY SCHOOL
4,TANA RIVER,19,GALOLE,92,KINAKOMBA,BOJI NURSERY SCHOOL
4,TANA RIVER,19,GALOLE,92,KINAKOMBA,GAFURU PRIMARY SCHOOL
4,TANA RIVER,19,GALOLE,92,KINAKOMBA,HARAMBEE MOBILE CENTRE
4,TANA RIVER,19,GALOLE,92,KINAKOMBA,FANJUA PRIMARY SCHOOL
4,TANA RIVER,19,GALOLE,92,KINAKOMBA,MAJENGO PRIMARI SCHOOL
4,TANA RIVER,19,GALOLE,92,KINAKOMBA,GUBANI PRIMARY SCHOOL
4,TANA RIVER,19,GALOLE,92,KINAKOMBA,JARIRODI PRIMARY SCHOOL
4,TANA RIVER,19,GALOLE,92,KINAKOMBA,GUBANI VILLAGE CENTRE
4,TANA RIVER,19,GALOLE,92,KINAKOMBA,MASALANI PRIMARY SCHOOL
4,TANA RIVER,19,GALOLE,93,MIKINDUNI,BONDENI PRIMARY SCHOOL
4,TANA RIVER,19,GALOLE,93,MIKINDUNI,LENDA PRIMARY SCHOOL
4,TANA RIVER,19,GALOLE,93,MIKINDUNI,HANDAMPIA PRIMARY SCHOOL
4,TANA RIVER,19,GALOLE,93,MIKINDUNI,CHANANI PRIMARY SCHOOL
4,TANA RIVER,19,GALOLE,93,MIKINDUNI,MIKINDUNI PRIMARY SCHOOL
4,TANA RIVER,19,GALOLE,93,MIKINDUNI,KONE PRIMARY SCHOOL
4,TANA RIVER,19,GALOLE,93,MIKINDUNI,KALKACHA PRIMARY SCHOOL
4,TANA RIVER,19,GALOLE,93,MIKINDUNI,CHAMARI WELLS MOBILE CENTRE
4,TANA RIVER,19,GALOLE,93,MIKINDUNI,INGILE MOBILE CENTRE
4,TANA RIVER,19,GALOLE,93,MIKINDUNI,KALKALCHA ECD
4,TANA RIVER,19,GALOLE,93,MIKINDUNI,HOLA POLYTECHNIC
4,TANA RIVER,19,GALOLE,94,CHEWANI,FOREST TRAINING SCHOOL
4,TANA RIVER,19,GALOLE,94,CHEWANI,KIARUKUNGU PRIMARY SCHOOL
4,TANA RIVER,19,GALOLE,94,CHEWANI,CHEWANI PRIMARY SCHOOL
4,TANA RIVER,19,GALOLE,94,CHEWANI,RIABAI VILLAGE CENTRE
4,TANA RIVER,19,GALOLE,94,CHEWANI,DAKU PRIMARY SCHOOL
4,TANA RIVER,19,GALOLE,94,CHEWANI,DAKU NURSERY SCHOOL
4,TANA RIVER,19,GALOLE,94,CHEWANI,KUMBI PRIMARY SCHOOL
4,TANA RIVER,19,GALOLE,94,CHEWANI,RHOKA PRIMARY SCHOOL
4,TANA RIVER,19,GALOLE,94,CHEWANI,HANASA VILLAGE CENTRE
4,TANA RIVER,19,GALOLE,94,CHEWANI,MAKERE PRIMARY SCHOOL
4,TANA RIVER,19,GALOLE,94,CHEWANI,OVO PRI SCHOOL
4,TANA RIVER,19,GALOLE,94,CHEWANI,LAINI PRIMARY SCHOOL
4,TANA RIVER,19,GALOLE,94,CHEWANI,BOHONI PRIMARY SCHOOL
4,TANA RIVER,19,GALOLE,94,CHEWANI,GHALAMANI PRIMARY SCHOOL
4,TANA RIVER,19,GALOLE,94,CHEWANI,NYANGWANI PR.SCH
4,TANA RIVER,19,GALOLE,94,CHEWANI,RAFIKI PRIMARY SCHOOL
4,TANA RIVER,19,GALOLE,94,CHEWANI,MAU MAU SECONDARY SCHOOL
4,TANA RIVER,19,GALOLE,94,CHEWANI,HOLA SECONDARY SCHOOL
4,TANA RIVER,19,GALOLE,94,CHEWANI,LAZA PRIMARY SCHOOL
4,TANA RIVER,19,GALOLE,94,CHEWANI,HOLA SCHOOL FOR MENTALLY HANDCAPPED
4,TANA RIVER,19,GALOLE,94,CHEWANI,HOLA PRIMARY SCHOOL
4,TANA RIVER,19,GALOLE,94,CHEWANI,WACHA KONE PRIMARY SCHOOL
4,TANA RIVER,19,GALOLE,94,CHEWANI,LAZA NURSERY SCHOOL
4,TANA RIVER,19,GALOLE,94,CHEWANI,BULA SECONDARY ECD
4,TANA RIVER,19,GALOLE,95,WAYU,DAYATE NURSERY SCHOOL
4,TANA RIVER,19,GALOLE,95,WAYU,GURURI PRIMARY SCHOOL
4,TANA RIVER,19,GALOLE,95,WAYU,MALKA DENDE NURSERY SCHOOL
4,TANA RIVER,19,GALOLE,95,WAYU,DABA PRIMARY SCHOOL
4,TANA RIVER,19,GALOLE,95,WAYU,GOFISA VILLAGE CENTRE
4,TANA RIVER,19,GALOLE,95,WAYU,KITOLE DADO MOBILE CENTRE
4,TANA RIVER,19,GALOLE,95,WAYU,KOMOLI MOBILE CENTRE
4,TANA RIVER,19,GALOLE,95,WAYU,WAYU BORU PRIMARY SCHOOL
4,TANA RIVER,19,GALOLE,95,WAYU,WAYU PRIMARY SCHOOL
4,TANA RIVER,19,GALOLE,95,WAYU,KOTICHA PRIMARY SCHOOL
4,TANA RIVER,19,GALOLE,95,WAYU,BAKAYE MOBILE CENTRE
4,TANA RIVER,19,GALOLE,95,WAYU,MOTI BOKA CENTRE (MOBILE)
4,TANA RIVER,19,GALOLE,95,WAYU,ONGOLA CENTRE (MOBILE)
4,TANA RIVER,19,GALOLE,95,WAYU,TITILA PRIMARY SCHOOL
4,TANA RIVER,19,GALOLE,95,WAYU,KURUNDU CENTRE (MOBILE)
4,TANA RIVER,19,GALOLE,95,WAYU,CHIFIRI PRIMARY SCHOOL
4,TANA RIVER,19,GALOLE,95,WAYU,HAKOKA PRIMARY SCHOOL
4,TANA RIVER,19,GALOLE,95,WAYU,KESI NURSERY SCHOOL (MOBILE)
4,TANA RIVER,19,GALOLE,95,WAYU,LAKOLE NURSERY SCHOOL
4,TANA RIVER,19,GALOLE,95,WAYU,MARO WELLS CENTRE (MOBILE)
4,TANA RIVER,19,GALOLE,95,WAYU,ABOYE NURSERY SCHOOL (MOBILE)
4,TANA RIVER,19,GALOLE,95,WAYU,WALDENA PRIMARY SCHOOL
4,TANA RIVER,19,GALOLE,95,WAYU,SAWARE NURSERY SCHOOL (MOBILE)
4,TANA RIVER,19,GALOLE,95,WAYU,ANABU NURSERY SCHOOL (MOBILE)
4,TANA RIVER,19,GALOLE,95,WAYU,KONE KALITI NURSERY SCHOOL (MOBILE)
4,TANA RIVER,19,GALOLE,95,WAYU,BULTO MULITU VILLAGE
4,TANA RIVER,19,GALOLE,95,WAYU,EL WACHU NURSERY SCHOOL
4,TANA RIVER,19,GALOLE,95,WAYU,MATA GALA ECD
4,TANA RIVER,20,BURA,96,CHEWELE,CHEWELE PRIMARY SCHOOL
4,TANA RIVER,20,BURA,96,CHEWELE,BILBIL PRIMARY SCHOOL
4,TANA RIVER,20,BURA,96,CHEWELE,GHAMANO PRIMARY SCHOOL
4,TANA RIVER,20,BURA,96,CHEWELE,NANIGHI PRIMARY SCHOOL
4,TANA RIVER,20,BURA,96,CHEWELE,JAJABO PRIMARY SCHOOL
4,TANA RIVER,20,BURA,96,CHEWELE,BAWAMA NURSERY
4,TANA RIVER,20,BURA,96,CHEWELE,SUBO PRIMARY SCHOOL
4,TANA RIVER,20,BURA,96,CHEWELE,DUKANOTU PRIMARY SCHOOL
4,TANA RIVER,20,BURA,96,CHEWELE,WEKOYE PRIMARY SCHOOL
4,TANA RIVER,20,BURA,96,CHEWELE,GELMAD CENTRE - MOBILE
4,TANA RIVER,20,BURA,96,CHEWELE,WADESA PRIMARY SCHOOL
4,TANA RIVER,20,BURA,96,CHEWELE,NGOMENI NURSERY SCHOOL
4,TANA RIVER,20,BURA,96,CHEWELE,TUNE PRIMARY SCHOOL
4,TANA RIVER,20,BURA,96,CHEWELE,SHABAHA NURSERY SCHOOL
4,TANA RIVER,20,BURA,96,CHEWELE,JARIBU MOBILE
4,TANA RIVER,20,BURA,96,CHEWELE,GUYO VILLAGE
4,TANA RIVER,20,BURA,96,CHEWELE,MATAGALA PRIMARY SCHOOL
4,TANA RIVER,20,BURA,96,CHEWELE,KOMOR DUKUB - MOBILE
4,TANA RIVER,20,BURA,96,CHEWELE,DARIME PRIMARY SCHOOL
4,TANA RIVER,20,BURA,96,CHEWELE,CHARIDENDE PRIMARY SCHOOL
4,TANA RIVER,20,BURA,97,HIRIMANI,METI PRIMARY SCHOOL
4,TANA RIVER,20,BURA,97,HIRIMANI,HURUMA PRIMARY SCHOOL
4,TANA RIVER,20,BURA,97,HIRIMANI,HIRIMANI SECONDARY SCHOOL
4,TANA RIVER,20,BURA,97,HIRIMANI,KABA WELLS - MOBILE
4,TANA RIVER,20,BURA,97,HIRIMANI,SABUKIA PRIMARY SCHOOL
4,TANA RIVER,20,BURA,97,HIRIMANI,EL TUTU WELLS - MOBILE
4,TANA RIVER,20,BURA,97,HIRIMANI,WALESORHEA PRIMARY SCHOOL
4,TANA RIVER,20,BURA,97,HIRIMANI,HOSINGO PRIMARY SCHOOL
4,TANA RIVER,20,BURA,97,HIRIMANI,BULA RIG PRIMARY SCHOOL
4,TANA RIVER,20,BURA,97,HIRIMANI,GODIA PRIMARY SCHOOL
4,TANA RIVER,20,BURA,97,HIRIMANI,MAGURA PRIMARY SCHOOL
4,TANA RIVER,20,BURA,97,HIRIMANI,MAKINI PRIMARY SCHOOL
4,TANA RIVER,20,BURA,97,HIRIMANI,VILLAGE FIVE NURSERY SCHOOL
4,TANA RIVER,20,BURA,97,HIRIMANI,SHORA GAFO - MOBILE
4,TANA RIVER,20,BURA,97,HIRIMANI,WOLES TOKOCHA - MOBILE
4,TANA RIVER,20,BURA,97,HIRIMANI,KANIKI CENTRE - MOBILE
4,TANA RIVER,20,BURA,97,HIRIMANI,FAYYA TECHNICAL INSTITUTE
4,TANA RIVER,20,BURA,98,BANGALE,BANGALE PRIMARY SCHOOL
4,TANA RIVER,20,BURA,98,BANGALE,MITI BOMA CENTRE - MOBILE
4,TANA RIVER,20,BURA,98,BANGALE,TULA PRIMARY SCHOOL
4,TANA RIVER,20,BURA,98,BANGALE,EL RAR PRIMARY SCHOOL
4,TANA RIVER,20,BURA,98,BANGALE,KAMAGURU PRIMARY SCHOOL
4,TANA RIVER,20,BURA,98,BANGALE,BOKA PRIMARY SCHOOL
4,TANA RIVER,20,BURA,98,BANGALE,YAQRIT CENTRE
4,TANA RIVER,20,BURA,98,BANGALE,BASAHARGESA NURSERY SCHOOL
4,TANA RIVER,20,BURA,98,BANGALE,BULTOBANTA VILLAGE
4,TANA RIVER,20,BURA,98,BANGALE,KURITI PRIMARY SCHOOL
4,TANA RIVER,20,BURA,98,BANGALE,BANGALE SECONDARY SCHOOL
4,TANA RIVER,20,BURA,98,BANGALE,LABILE PRIMARY SCHOOL
4,TANA RIVER,20,BURA,99,SALA,MARAMTU PRIMARY SCHOOL
4,TANA RIVER,20,BURA,99,SALA,ABAKIK VILLAGE
4,TANA RIVER,20,BURA,99,SALA,MORORO MADRASA
4,TANA RIVER,20,BURA,99,SALA,ANOLE PRIMARY SCHOOL
4,TANA RIVER,20,BURA,99,SALA,ZIWANI NURSERY
4,TANA RIVER,20,BURA,99,SALA,SALA PRIMARY SCHOOL
4,TANA RIVER,20,BURA,99,SALA,HAMARESA VILLAGE
4,TANA RIVER,20,BURA,99,SALA,SOMBO PRIMARY SCHOOL
4,TANA RIVER,20,BURA,99,SALA,GUBATU CENTRE
4,TANA RIVER,20,BURA,99,SALA,BAKUYU NURSERY
4,TANA RIVER,20,BURA,99,SALA,HATATA PRIMARY SCHOOL
4,TANA RIVER,20,BURA,99,SALA,TALEO NURSERY SCHOOL
4,TANA RIVER,20,BURA,99,SALA,KAABSO VILLAGE
4,TANA RIVER,20,BURA,99,SALA,ZIWANI VANGO PRIMARY
4,TANA RIVER,20,BURA,99,SALA,DIID VILLAGE DAM
4,TANA RIVER,20,BURA,100,MADOGO,KABA VILLAGE
4,TANA RIVER,20,BURA,100,MADOGO,PAMBA NURSERY SCHOOL
4,TANA RIVER,20,BURA,100,MADOGO,ASAKO PRIMARY SCHOOL
4,TANA RIVER,20,BURA,100,MADOGO,RUKO PRIMARY SCHOOL
4,TANA RIVER,20,BURA,100,MADOGO,KORATI PRIMARY SCHOOL
4,TANA RIVER,20,BURA,100,MADOGO,MALKA MANSA PRIMARY SCHOOL
4,TANA RIVER,20,BURA,100,MADOGO,MULANJO PRIMARY SCHOOL
4,TANA RIVER,20,BURA,100,MADOGO,KONORAMADHA PRIMARY SCHOOL
4,TANA RIVER,20,BURA,100,MADOGO,LAG BADANA NURSERY SCHOOL
4,TANA RIVER,20,BURA,100,MADOGO,MORORO PRIMARY SCHOOL
4,TANA RIVER,20,BURA,100,MADOGO,ADELE PRIMARY SCHOOL
4,TANA RIVER,20,BURA,100,MADOGO,BARA NURSERY SCHOOL
4,TANA RIVER,20,BURA,100,MADOGO,BUTUMA NURSERY
4,TANA RIVER,20,BURA,100,MADOGO,MADERTE CENTRE
4,TANA RIVER,20,BURA,100,MADOGO,BOJI NURSERY
4,TANA RIVER,20,BURA,100,MADOGO,MADOGO SECONDARI SCHOOL
5,LAMU,21,LAMU EAST,101,FAZA,FAZA PRIMARY SCHOOL
5,LAMU,21,LAMU EAST,101,FAZA,KIZINGITINI GIRLS PRIMARY SCHOOL
5,LAMU,21,LAMU EAST,101,FAZA,KIZINGITINI DISPENSARY
5,LAMU,21,LAMU EAST,101,FAZA,MBWAJUMWALI PRIMARY SCHOOL
5,LAMU,21,LAMU EAST,101,FAZA,TCHUNDWA PRIMARY SCHOOL
5,LAMU,21,LAMU EAST,101,FAZA,SIYU PRIMARY SCHOOL
5,LAMU,21,LAMU EAST,101,FAZA,SHANGARUBU SOCIAL HALL
5,LAMU,21,LAMU EAST,101,FAZA,SHANGA ISHAKANI NURSERY SCHOOL
5,LAMU,21,LAMU EAST,101,FAZA,PATTE DISPENSARY
5,LAMU,21,LAMU EAST,101,FAZA,MTANGAWANDA PRIMARY SCHOOL
5,LAMU,21,LAMU EAST,101,FAZA,BORI CENTRE MOBILE
5,LAMU,21,LAMU EAST,101,FAZA,MYABOGI PRIMARY SCHOOL
5,LAMU,21,LAMU EAST,101,FAZA,KIZINGITINI SECONDARY SCHOOL
5,LAMU,21,LAMU EAST,101,FAZA,MWANGALA CENTRE
5,LAMU,21,LAMU EAST,101,FAZA,RASINI GIRLS PRIMARY SCHOOL
5,LAMU,21,LAMU EAST,101,FAZA,FAZA BOYS NURSERY SCHOOL
5,LAMU,21,LAMU EAST,101,FAZA,SIYU SOCIAL HALL
5,LAMU,21,LAMU EAST,101,FAZA,PATTE PRIMARY SCHOOL
5,LAMU,21,LAMU EAST,101,FAZA,MBWAJUMWALI NURSERY SCHOOL
5,LAMU,21,LAMU EAST,102,KIUNGA,MADRASATUL HANIFFIYAH-NDAU
5,LAMU,21,LAMU EAST,102,KIUNGA,ISHAKANI PRIMARYSCHOOL
5,LAMU,21,LAMU EAST,102,KIUNGA,KIUNGA PRIMARY SCHOOL
5,LAMU,21,LAMU EAST,102,KIUNGA,MAMBORE CENTRE
5,LAMU,21,LAMU EAST,102,KIUNGA,NDAU PRIMARY SCHOOL
5,LAMU,21,LAMU EAST,102,KIUNGA,KIWAYUU PRIMARY SCHOOL
5,LAMU,21,LAMU EAST,102,KIUNGA,CHANDANI PRIMARY SCHOOL
5,LAMU,21,LAMU EAST,102,KIUNGA,RUBU CENTRE
5,LAMU,21,LAMU EAST,103,BASUBA,KIANGWE PRIMARY SCHOOL
5,LAMU,21,LAMU EAST,103,BASUBA,MANGAI PRIMARYSCHOOL
5,LAMU,21,LAMU EAST,103,BASUBA,BASUBA PRIMARY SCHOOL
5,LAMU,21,LAMU EAST,103,BASUBA,MARARANI PRIMARY SCHOOL
5,LAMU,22,LAMU WEST,104,SHELLA,SHELLA PRIMARY SCHOOL
5,LAMU,22,LAMU WEST,104,SHELLA,AMU FISHERIES
5,LAMU,22,LAMU WEST,104,SHELLA,MANDA YAWI NURSERY SCHOOL.
5,LAMU,22,LAMU WEST,104,SHELLA,MARARANI VILLAGE
5,LAMU,22,LAMU WEST,105,MKOMANI,LAMU COUNTY ASSEMBLY HALL
5,LAMU,22,LAMU WEST,105,MKOMANI,LAMU FORT HALL
5,LAMU,22,LAMU WEST,105,MKOMANI,MATONDONI PRIMARY SCHOOL
5,LAMU,22,LAMU WEST,105,MKOMANI,KIPUNGANI PRIMARY SCHOOL
5,LAMU,22,LAMU WEST,105,MKOMANI,LAMU BOYS' PRIMARY SCHOOL
5,LAMU,22,LAMU WEST,105,MKOMANI,LAMU BOYS' SECONDARY SCHOOL
5,LAMU,22,LAMU WEST,105,MKOMANI,LAMU GIRLS' SECONDARY SCHOOL
5,LAMU,22,LAMU WEST,105,MKOMANI,WIYONI PRIMARY SCHOOL
5,LAMU,22,LAMU WEST,105,MKOMANI,MKOMANI GIRLS' PRIMARY SCHOOL
5,LAMU,22,LAMU WEST,105,MKOMANI,KANDAHARI PLAYGROUND
5,LAMU,22,LAMU WEST,105,MKOMANI,MATONDONI DISPENSARY
5,LAMU,22,LAMU WEST,105,MKOMANI,AMA PRIMARY SCHOOL
5,LAMU,22,LAMU WEST,105,MKOMANI,LAMU YOUTH POLYTECHNIC
5,LAMU,22,LAMU WEST,106,HINDI,BARAGONI PRIMARY SCHOOL
5,LAMU,22,LAMU WEST,106,HINDI,HINDI PRIMARY SCHOOL
5,LAMU,22,LAMU WEST,106,HINDI,NDEU PRIMARY SCHOOL
5,LAMU,22,LAMU WEST,106,HINDI,MOKOWE PRIMARY SCHOOL
5,LAMU,22,LAMU WEST,106,HINDI,ARID ZONE PRIMARY SCHOOL
5,LAMU,22,LAMU WEST,106,HINDI,KAUTHARA PRIMARY SCHOOL
5,LAMU,22,LAMU WEST,106,HINDI,MNGIINI CENTRE
5,LAMU,22,LAMU WEST,106,HINDI,NDUNUNI/MSWAKINI VILLAGE
5,LAMU,22,LAMU WEST,106,HINDI,SAFIRISI NURSERY SCHOOL
5,LAMU,22,LAMU WEST,106,HINDI,KIBIBONI PRIMARY SCHOOL
5,LAMU,22,LAMU WEST,106,HINDI,KILILANA NURSERY SCHOOL.
5,LAMU,22,LAMU WEST,106,HINDI,KILIMANI NURSERY SCHOOL.
5,LAMU,22,LAMU WEST,106,HINDI,BORA IMANI NURSERY SCHOOL
5,LAMU,22,LAMU WEST,106,HINDI,BOBO PRIMARY SCHOOL
5,LAMU,22,LAMU WEST,106,HINDI,HINDI DISPENSARY
5,LAMU,22,LAMU WEST,106,HINDI,UNGU PRIMARY SCHOOL
5,LAMU,22,LAMU WEST,107,MKUNUMBI,MAPENYA PRIMARY SCHOOL
5,LAMU,22,LAMU WEST,107,MKUNUMBI,UZIWA PRIMARY SCHOOL
5,LAMU,22,LAMU WEST,107,MKUNUMBI,UZIDA PRIMARY BSCHOOL
5,LAMU,22,LAMU WEST,107,MKUNUMBI,MKUNUMBI PRIMARY SCHOOL
5,LAMU,22,LAMU WEST,107,MKUNUMBI,NDAMBWE PRIMARY SCHOOL
5,LAMU,22,LAMU WEST,107,MKUNUMBI,MUHAMARANI PRIMARY SCHOOL
5,LAMU,22,LAMU WEST,107,MKUNUMBI,KORENI PRIMARY SCHOOL
5,LAMU,22,LAMU WEST,107,MKUNUMBI,KANGAJA PRIMARY SCHOOL
5,LAMU,22,LAMU WEST,107,MKUNUMBI,MAJEMBENI PRIMARY SCHOOL
5,LAMU,22,LAMU WEST,107,MKUNUMBI,MANG'U PRIMARY SCHOOL
5,LAMU,22,LAMU WEST,107,MKUNUMBI,MUHAMARANI DISPENSARY
5,LAMU,22,LAMU WEST,107,MKUNUMBI,JUHUDI/MARAFA NURSERY SCHOOL
5,LAMU,22,LAMU WEST,107,MKUNUMBI,POROMOKO PRIMARY SCHOOL
5,LAMU,22,LAMU WEST,107,MKUNUMBI,SALAMA PRIMARY SCHOOL
5,LAMU,22,LAMU WEST,107,MKUNUMBI,MANYATTA PRIMARY SCHOOL
5,LAMU,22,LAMU WEST,107,MKUNUMBI,TELELANI PRIMARY SCHOL
5,LAMU,22,LAMU WEST,108,HONGWE,MUGUMOINI PRIMARY SCHOOL
5,LAMU,22,LAMU WEST,108,HONGWE,HONGWE PRIMARY SCHOOL
5,LAMU,22,LAMU WEST,108,HONGWE,MINI VALLEY PRIMARY SCHOOL
5,LAMU,22,LAMU WEST,108,HONGWE,SESE PRIMARY SCHOOL
5,LAMU,22,LAMU WEST,108,HONGWE,MSEFUNI PRIMARY SCHOOL
5,LAMU,22,LAMU WEST,108,HONGWE,HESHIMA PRIMARY SCHOOL
5,LAMU,22,LAMU WEST,108,HONGWE,SINAMBIO PRIMARY SCHOOL
5,LAMU,22,LAMU WEST,108,HONGWE,JERICHO PRIMARY SCHOOL
5,LAMU,22,LAMU WEST,109,WITU,MAISHA MASHA PRIMARY SCHOOL
5,LAMU,22,LAMU WEST,109,WITU,KATSAKA KAIRU PRIMARY SCHOOL
5,LAMU,22,LAMU WEST,109,WITU,MOA PRIMARY SCHOOL
5,LAMU,22,LAMU WEST,109,WITU,CHALALUMA PRIMARY.SCHOOL
5,LAMU,22,LAMU WEST,109,WITU,DIDE WARIDE PRIMARY SCHOOL
5,LAMU,22,LAMU WEST,109,WITU,PANDANGUO PRIMARY SCHOOL
5,LAMU,22,LAMU WEST,109,WITU,WITU PRIMARY SCHOOL
5,LAMU,22,LAMU WEST,109,WITU,BOKO PRIMARY SCHOOL
5,LAMU,22,LAMU WEST,109,WITU,VIPINGONI PRIMARY SCHOOL
5,LAMU,22,LAMU WEST,109,WITU,SOROKO PRIMARY SCHOOL
5,LAMU,22,LAMU WEST,109,WITU,LINGAMANO NURSERY SCHOOL
5,LAMU,22,LAMU WEST,109,WITU,WITU SECONDARY SCHOOL
5,LAMU,22,LAMU WEST,109,WITU,SENDEMKE PRIMARY SCHOOL
5,LAMU,22,LAMU WEST,109,WITU,WITU MJINI SECONDARY.
5,LAMU,22,LAMU WEST,109,WITU,REHEMA PRIMARY SCHOOL
5,LAMU,22,LAMU WEST,109,WITU,JIPENDENI PRIMARY SCHOOL
5,LAMU,22,LAMU WEST,109,WITU,COAST ARID SECONDARY SCHOOL
5,LAMU,22,LAMU WEST,109,WITU,MALELI PRIMARY SCHOOL
5,LAMU,22,LAMU WEST,109,WITU,KAKATHE PRIMARY SCHOOL
5,LAMU,22,LAMU WEST,110,BAHARI,LAKE AMU PRIMARY SCHOOL
5,LAMU,22,LAMU WEST,110,BAHARI,SWABAHA PRIMARY SCHOOL
5,LAMU,22,LAMU WEST,110,BAHARI,TEWE PRIMARY SCHOOL
5,LAMU,22,LAMU WEST,110,BAHARI,NGOI PRIMARY SCHOOL
5,LAMU,22,LAMU WEST,110,BAHARI,LAKE KENYATTA PRIMARY SCHOOL
5,LAMU,22,LAMU WEST,110,BAHARI,KIONGWE PRIMARY SCHOOL
5,LAMU,22,LAMU WEST,110,BAHARI,LAKESIDE PRIMARY SCHOOL
5,LAMU,22,LAMU WEST,110,BAHARI,ZIKOMANI PRIMARY SCHOOL
5,LAMU,22,LAMU WEST,110,BAHARI,KILIMANI PRIMARY SCHOOL
5,LAMU,22,LAMU WEST,110,BAHARI,LAKE KENYATTA ATC
5,LAMU,22,LAMU WEST,110,BAHARI,OCEANVIEW PRIMARYSCHOOL
5,LAMU,22,LAMU WEST,110,BAHARI,MPEKETONI YOUTH POLYTECHNIC
5,LAMU,22,LAMU WEST,110,BAHARI,MLEI NURSERY SCHOOL
6,TAITA TAVETA,23,TAVETA,111,CHALA,CHALA PRIMARY SCHOOL
6,TAITA TAVETA,23,TAVETA,111,CHALA,MAHANDAKINI PRIMARY SCHOOL
6,TAITA TAVETA,23,TAVETA,111,CHALA,KIDONG U PRIMARY SCHOOL
6,TAITA TAVETA,23,TAVETA,111,CHALA,LUMI PRIMARY SCHOOL
6,TAITA TAVETA,23,TAVETA,111,CHALA,NJUKINI PRIMARY SCHOOL
6,TAITA TAVETA,23,TAVETA,111,CHALA,CHOKAA PRIMARY SCHOOL
6,TAITA TAVETA,23,TAVETA,111,CHALA,ST. JOSEPH KIVUKONI PRIMARY SCHOOL
6,TAITA TAVETA,23,TAVETA,111,CHALA,KIKWASUNI NURSERY SCHOOL
6,TAITA TAVETA,23,TAVETA,111,CHALA,ULAWANI NURSERY SCHOOL
6,TAITA TAVETA,23,TAVETA,111,CHALA,UTHIANI NURSERY SCHOOL
6,TAITA TAVETA,23,TAVETA,111,CHALA,CHALA CHINI NURSERY SCHOOL
6,TAITA TAVETA,23,TAVETA,111,CHALA,SIR RAMSON ECD
6,TAITA TAVETA,23,TAVETA,111,CHALA,OLEPOLOS ECD
6,TAITA TAVETA,23,TAVETA,112,MAHOO,KREMERI NURSERY SCHOOL
6,TAITA TAVETA,23,TAVETA,112,MAHOO,TIMBILA PRIMARY SCHOOL
6,TAITA TAVETA,23,TAVETA,112,MAHOO,MALKILORITI PRIMARY SCHOOL
6,TAITA TAVETA,23,TAVETA,112,MAHOO,LESESSIA PRIMARY SCHOOL
6,TAITA TAVETA,23,TAVETA,112,MAHOO,NAKRUTO PRIMARY SCHOOL
6,TAITA TAVETA,23,TAVETA,112,MAHOO,MINISTRY OF YOUTH AND SPORTS
6,TAITA TAVETA,23,TAVETA,112,MAHOO,LUIDIMO NURSERY SCHOOL.
6,TAITA TAVETA,23,TAVETA,112,MAHOO,MAHOO PRIMARY SCHOOL
6,TAITA TAVETA,23,TAVETA,112,MAHOO,DANIDA SOCIAL HALL.
6,TAITA TAVETA,23,TAVETA,112,MAHOO,MSENGONI NURSERY SCHOOL
6,TAITA TAVETA,23,TAVETA,112,MAHOO,TAVETA SLAUGHTER HOUSE
6,TAITA TAVETA,23,TAVETA,113,BOMANI,SOWENE PRIMARY SCHOOL.
6,TAITA TAVETA,23,TAVETA,113,BOMANI,TAVETA RAILYWAYS NURSERY SCHOOL.
6,TAITA TAVETA,23,TAVETA,113,BOMANI,TAVETA PRIMARY SCHOOL.
6,TAITA TAVETA,23,TAVETA,113,BOMANI,ST. PETERS NURSERY SCHOOL
6,TAITA TAVETA,23,TAVETA,113,BOMANI,BUSTANI NURSERY SCHOOL.
6,TAITA TAVETA,23,TAVETA,113,BOMANI,NJORO PRIMARY SCHOOL.
6,TAITA TAVETA,23,TAVETA,113,BOMANI,MSHEGHESHENI NURSERY SCHOOL.
6,TAITA TAVETA,23,TAVETA,114,MBOGHONI,KITOBO PRIMARY SCHOOL.
6,TAITA TAVETA,23,TAVETA,114,MBOGHONI,MRABANI PRIMARY SCHOOL.
6,TAITA TAVETA,23,TAVETA,114,MBOGHONI,MADARASANI PRIMARY SCHOOL.
6,TAITA TAVETA,23,TAVETA,114,MBOGHONI,RIATA PRIMARY SCHOOL.
6,TAITA TAVETA,23,TAVETA,114,MBOGHONI,MOKINE NURSERY SCHOOL
6,TAITA TAVETA,23,TAVETA,114,MBOGHONI,RIATA-NDOGO NURSERY SCHOOL
6,TAITA TAVETA,23,TAVETA,114,MBOGHONI,KISIMANI NURSERY SCHOOL
6,TAITA TAVETA,23,TAVETA,114,MBOGHONI,KIWALWA PRIMARY SCHOOL.
6,TAITA TAVETA,23,TAVETA,114,MBOGHONI,ABORI PRIMARY SCHOOL.
6,TAITA TAVETA,23,TAVETA,114,MBOGHONI,LAMBO NURSERY SCHOOL.
6,TAITA TAVETA,23,TAVETA,114,MBOGHONI,MARODO NURSERY SCHOOL.
6,TAITA TAVETA,23,TAVETA,114,MBOGHONI,LOTIMA PRIMARY SCHOOL.
6,TAITA TAVETA,23,TAVETA,114,MBOGHONI,KITOGHOTO NURSERY SCHOOL.
6,TAITA TAVETA,23,TAVETA,114,MBOGHONI,ELDORO SOCIAL HALL.
6,TAITA TAVETA,23,TAVETA,114,MBOGHONI,PATANI HILL NURSERY SCHOOL.
6,TAITA TAVETA,23,TAVETA,114,MBOGHONI,MILIMANI ECD
6,TAITA TAVETA,23,TAVETA,115,MATA,MWANGAZA NURSERY SCHOOL.
6,TAITA TAVETA,23,TAVETA,115,MATA,ST. PATRICK KIMALA PRIMARY SCHOOL
6,TAITA TAVETA,23,TAVETA,115,MATA,REKEKE PRIMARY SCHOOL.
6,TAITA TAVETA,23,TAVETA,115,MATA,JIPE PRIMARY SCHOOL.
6,TAITA TAVETA,23,TAVETA,115,MATA,MATA PRIMARY SCHOOL
6,TAITA TAVETA,23,TAVETA,115,MATA,MWANGENI NURSERY SCHOOL
6,TAITA TAVETA,23,TAVETA,115,MATA,ORUKUNG U PRIMARY SCHOOL
6,TAITA TAVETA,23,TAVETA,115,MATA,KASAANI NURSERY SCHOOL.
6,TAITA TAVETA,23,TAVETA,115,MATA,GROGAN NURSERY SCHOOL.
6,TAITA TAVETA,23,TAVETA,115,MATA,SALAITA NURSERY SCHOOL.
6,TAITA TAVETA,23,TAVETA,115,MATA,NJORO NURSERY SCHOOL.
6,TAITA TAVETA,23,TAVETA,115,MATA,KIMONDIA ECD
6,TAITA TAVETA,23,TAVETA,115,MATA,NDILIDAU ECD
6,TAITA TAVETA,24,WUNDANYI,116,WUNDANYI/MBALE,P.J.MWANGOLA SECONDARY SCHOOL
6,TAITA TAVETA,24,WUNDANYI,116,WUNDANYI/MBALE,NGILINYI PRIMARY SCHOOL
6,TAITA TAVETA,24,WUNDANYI,116,WUNDANYI/MBALE,KIDULE PRIMARY SCHOOL
6,TAITA TAVETA,24,WUNDANYI,116,WUNDANYI/MBALE,MLECHI PRIMARY SCHOOL
6,TAITA TAVETA,24,WUNDANYI,116,WUNDANYI/MBALE,FIGHINYI PRIMARY SCHOOL
6,TAITA TAVETA,24,WUNDANYI,116,WUNDANYI/MBALE,MAYNARD PRIMARY SCHOOL
6,TAITA TAVETA,24,WUNDANYI,116,WUNDANYI/MBALE,SUNGULULU PRIMARY SCHOOL
6,TAITA TAVETA,24,WUNDANYI,116,WUNDANYI/MBALE,SHIGHARO PRIMARY SCHOOL
6,TAITA TAVETA,24,WUNDANYI,116,WUNDANYI/MBALE,SIRIENYI PRIMARY SCHOOL
6,TAITA TAVETA,24,WUNDANYI,116,WUNDANYI/MBALE,DR. AGGREY HIGH SCHOOL
6,TAITA TAVETA,24,WUNDANYI,116,WUNDANYI/MBALE,WESU NURSERY SCHOOL
6,TAITA TAVETA,24,WUNDANYI,116,WUNDANYI/MBALE,NGURARU PRIMARY SCHOOL
6,TAITA TAVETA,24,WUNDANYI,116,WUNDANYI/MBALE,MBAURO PRIMARY SCHOOL
6,TAITA TAVETA,24,WUNDANYI,116,WUNDANYI/MBALE,CHOKE PRIMARY SCHOOL
6,TAITA TAVETA,24,WUNDANYI,116,WUNDANYI/MBALE,MWANGUWI TRADING CENTER
6,TAITA TAVETA,24,WUNDANYI,116,WUNDANYI/MBALE,NG'ONDA PRMARY SCHOOL
6,TAITA TAVETA,24,WUNDANYI,116,WUNDANYI/MBALE,CHOME PRIMARY SCHOOL
6,TAITA TAVETA,24,WUNDANYI,116,WUNDANYI/MBALE,KIWINDA SECONDARY SCHOOL
6,TAITA TAVETA,24,WUNDANYI,116,WUNDANYI/MBALE,MLAWA PRIMARY SCHOOL
6,TAITA TAVETA,24,WUNDANYI,116,WUNDANYI/MBALE,MBALE HEALTH CENTER
6,TAITA TAVETA,24,WUNDANYI,116,WUNDANYI/MBALE,NYAMBU PRIMARY SCHOOL
6,TAITA TAVETA,24,WUNDANYI,117,WERUGHA,WERUGHA PRIMARY SCHOOL
6,TAITA TAVETA,24,WUNDANYI,117,WERUGHA,MSANGARINYI PRIMARY SCHOOL
6,TAITA TAVETA,24,WUNDANYI,117,WERUGHA,MARUMANGE NURSERY SCHOOL
6,TAITA TAVETA,24,WUNDANYI,117,WERUGHA,SAGHASA MULTI PURPOSE HALL
6,TAITA TAVETA,24,WUNDANYI,117,WERUGHA,SANGENYI PRIMARY SCHOOL
6,TAITA TAVETA,24,WUNDANYI,117,WERUGHA,MWAKURO NURSERY SCHOOL
6,TAITA TAVETA,24,WUNDANYI,117,WERUGHA,MWAKISHIMBA PRIMARY SCHOOL
6,TAITA TAVETA,24,WUNDANYI,117,WERUGHA,NGULU-KIWETO PRIMARY SCHOOL
6,TAITA TAVETA,24,WUNDANYI,117,WERUGHA,MDUNDONYI PRIMARY SCHOOL
6,TAITA TAVETA,24,WUNDANYI,118,WUMINGU/KISHUSHE,KISHUSHE PRIMARY SCHOOL
6,TAITA TAVETA,24,WUNDANYI,118,WUMINGU/KISHUSHE,NGONGODINYI PRIMARY SCHOOL
6,TAITA TAVETA,24,WUNDANYI,118,WUMINGU/KISHUSHE,PARANGA PRIMARY SCHOOL
6,TAITA TAVETA,24,WUNDANYI,118,WUMINGU/KISHUSHE,NYACHE PRIMARY SCHOOL
6,TAITA TAVETA,24,WUNDANYI,118,WUMINGU/KISHUSHE,SHAGHA PRIMARY SCHOOL
6,TAITA TAVETA,24,WUNDANYI,118,WUMINGU/KISHUSHE,MWANYALO PRIMARY SCHOOL
6,TAITA TAVETA,24,WUNDANYI,118,WUMINGU/KISHUSHE,MGAMBONYI PRIMARY SCHOOL
6,TAITA TAVETA,24,WUNDANYI,118,WUMINGU/KISHUSHE,WUMINGU PRIMARY SCHOOL
6,TAITA TAVETA,24,WUNDANYI,118,WUMINGU/KISHUSHE,KITUMBI PRIMARY SCHOOL
6,TAITA TAVETA,24,WUNDANYI,118,WUMINGU/KISHUSHE,MAGHIMBINYI PRIMARY SCHOOL
6,TAITA TAVETA,24,WUNDANYI,118,WUMINGU/KISHUSHE,MLILO PRIMARY SCHOOL
6,TAITA TAVETA,24,WUNDANYI,118,WUMINGU/KISHUSHE,NGOLIA PRIMARY SCHOOL
6,TAITA TAVETA,24,WUNDANYI,118,WUMINGU/KISHUSHE,KIMANGACHUGHU PRIMARY SCHOOL
6,TAITA TAVETA,24,WUNDANYI,118,WUMINGU/KISHUSHE,PARANGA DISPENSARY
6,TAITA TAVETA,24,WUNDANYI,118,WUMINGU/KISHUSHE,MWAKILEMBA NURSERY SCHOOL
6,TAITA TAVETA,24,WUNDANYI,119,MWANDA/MGANGE,MWAROKO PRIMARY SCHOOL
6,TAITA TAVETA,24,WUNDANYI,119,MWANDA/MGANGE,LUSHANGONYI PRIMARY SCHOOL
6,TAITA TAVETA,24,WUNDANYI,119,MWANDA/MGANGE,MWAKIWIWI SECONDARY SCHOOL
6,TAITA TAVETA,24,WUNDANYI,119,MWANDA/MGANGE,MLAMBA PRIMARY SCHOOL
6,TAITA TAVETA,24,WUNDANYI,119,MWANDA/MGANGE,ST. PETER'S FUNJU PRIMARY SCHOOL
6,TAITA TAVETA,24,WUNDANYI,119,MWANDA/MGANGE,NDUMBINYI PRIMARY SCHOOL
6,TAITA TAVETA,24,WUNDANYI,119,MWANDA/MGANGE,VURIA PRIMARY SCHOOL
6,TAITA TAVETA,24,WUNDANYI,119,MWANDA/MGANGE,MCHUNGUNYI TRADING CENTER
6,TAITA TAVETA,24,WUNDANYI,119,MWANDA/MGANGE,ST. MARYS HIGH SCHOOL
6,TAITA TAVETA,24,WUNDANYI,119,MWANDA/MGANGE,ST. JOHNS PRIMARY SCHOOL
6,TAITA TAVETA,24,WUNDANYI,119,MWANDA/MGANGE,MLAMBENYI DISPENSARY
6,TAITA TAVETA,24,WUNDANYI,119,MWANDA/MGANGE,MARUNGU TRADING CENTER
6,TAITA TAVETA,24,WUNDANYI,119,MWANDA/MGANGE,MGWALA TRADING CENTER
6,TAITA TAVETA,25,MWATATE,120,RONG'E,MWAKINYUNGU PRIMARY
6,TAITA TAVETA,25,MWATATE,120,RONG'E,FIGHINYI SOCIAL HALL
6,TAITA TAVETA,25,MWATATE,120,RONG'E,KIGHOMBO PRIMARY
6,TAITA TAVETA,25,MWATATE,120,RONG'E,KIRONGE PRIMARY
6,TAITA TAVETA,25,MWATATE,120,RONG'E,SHELEMBA PRIMARY
6,TAITA TAVETA,25,MWATATE,120,RONG'E,MWAKALERI PRIMARY
6,TAITA TAVETA,25,MWATATE,120,RONG'E,KISHAU PRIMARY
6,TAITA TAVETA,25,MWATATE,120,RONG'E,KIGHONONYI PRIMARY
6,TAITA TAVETA,25,MWATATE,120,RONG'E,BAGHAU PRIMARY
6,TAITA TAVETA,25,MWATATE,120,RONG'E,RONG'E PRIMARY
6,TAITA TAVETA,25,MWATATE,120,RONG'E,MRABENYI PRIMARY
6,TAITA TAVETA,25,MWATATE,120,RONG'E,MARIWENYI PRIMARY
6,TAITA TAVETA,25,MWATATE,120,RONG'E,MWAMBOTA PRI
6,TAITA TAVETA,25,MWATATE,120,RONG'E,MRUNGUA MARKET
6,TAITA TAVETA,25,MWATATE,120,RONG'E,RAHAI PRIMARY
6,TAITA TAVETA,25,MWATATE,120,RONG'E,MAMBURA PRIMARY
6,TAITA TAVETA,25,MWATATE,120,RONG'E,MENGO PRIMARY
6,TAITA TAVETA,25,MWATATE,120,RONG'E,LANGATENI TRADING CENTER
6,TAITA TAVETA,25,MWATATE,120,RONG'E,RONG'E JUU Y/POLYTECHNIC
6,TAITA TAVETA,25,MWATATE,121,MWATATE,MWATUNGE PRIMARY
6,TAITA TAVETA,25,MWATATE,121,MWATATE,MZWANENYI PRIMARY
6,TAITA TAVETA,25,MWATATE,121,MWATATE,MWATATE PRIMARY
6,TAITA TAVETA,25,MWATATE,121,MWATATE,MWANDISHA NUR SCHOOL
6,TAITA TAVETA,25,MWATATE,121,MWATATE,MEMBERS CLUB HALL
6,TAITA TAVETA,25,MWATATE,121,MWATATE,MAILI-KUMI PRIMARY
6,TAITA TAVETA,25,MWATATE,121,MWATATE,MGENO PRIMARY
6,TAITA TAVETA,25,MWATATE,121,MWATATE,MWANDALA PRIMARY
6,TAITA TAVETA,25,MWATATE,121,MWATATE,KIPUSI PRIMARY
6,TAITA TAVETA,25,MWATATE,121,MWATATE,SINGILA VILLAGE
6,TAITA TAVETA,25,MWATATE,121,MWATATE,PELELEZA SOCIAL HALL
6,TAITA TAVETA,25,MWATATE,122,BURA,MWAKITAU PRIMARY
6,TAITA TAVETA,25,MWATATE,122,BURA,MSORONGO PRIMARY
6,TAITA TAVETA,25,MWATATE,122,BURA,MWASHUMA PRIMARY
6,TAITA TAVETA,25,MWATATE,122,BURA,MLUGHI PRIMARY
6,TAITA TAVETA,25,MWATATE,122,BURA,MNENGWA PRIMARY
6,TAITA TAVETA,25,MWATATE,122,BURA,GODOMA PRIMARY
6,TAITA TAVETA,25,MWATATE,122,BURA,MWANJILA Y/POLYTECHNIC
6,TAITA TAVETA,25,MWATATE,122,BURA,NYOLO PRIMARY
6,TAITA TAVETA,25,MWATATE,122,BURA,BARAWA NUR SCHOOL
6,TAITA TAVETA,25,MWATATE,122,BURA,LWALENYI RANCH OFFICE
6,TAITA TAVETA,25,MWATATE,122,BURA,BURA PRIMARY
6,TAITA TAVETA,25,MWATATE,122,BURA,MBAGHA PRIMARY
6,TAITA TAVETA,25,MWATATE,122,BURA,MRUGHUA PRIMARY
6,TAITA TAVETA,25,MWATATE,122,BURA,MNAMU PRIMARY
6,TAITA TAVETA,25,MWATATE,122,BURA,MWAVUNYU PRIMARY
6,TAITA TAVETA,25,MWATATE,122,BURA,SAGHAIGHU PRIMARY
6,TAITA TAVETA,25,MWATATE,122,BURA,KILULUNYI PRIMARY
6,TAITA TAVETA,25,MWATATE,122,BURA,ZARE PRIMARY
6,TAITA TAVETA,25,MWATATE,122,BURA,BENGI PRIMARY SCHOOL
6,TAITA TAVETA,25,MWATATE,122,BURA,NDORIA NUR.SCHOOL
6,TAITA TAVETA,25,MWATATE,122,BURA,MANGENYI VILLAGE
6,TAITA TAVETA,25,MWATATE,122,BURA,TUNGULU TRADING CENTRE
6,TAITA TAVETA,25,MWATATE,123,CHAWIA,MRURU PRIMARY
6,TAITA TAVETA,25,MWATATE,123,CHAWIA,MWATATE HEALTH CENTRE
6,TAITA TAVETA,25,MWATATE,123,CHAWIA,MWACHABO PRIMARY
6,TAITA TAVETA,25,MWATATE,123,CHAWIA,KAMTONGA PRIMARY
6,TAITA TAVETA,25,MWATATE,123,CHAWIA,CHUNGA-UNGA CENTRE
6,TAITA TAVETA,25,MWATATE,123,CHAWIA,SECHU PRIMARY
6,TAITA TAVETA,25,MWATATE,123,CHAWIA,WUMARI PRIMARY
6,TAITA TAVETA,25,MWATATE,123,CHAWIA,MNGAMA PRIMARY
6,TAITA TAVETA,25,MWATATE,123,CHAWIA,MWAWACHE PRIMARY
6,TAITA TAVETA,25,MWATATE,123,CHAWIA,MAZOLA PRIMARY
6,TAITA TAVETA,25,MWATATE,123,CHAWIA,MWAKITUTU PRIMARY
6,TAITA TAVETA,25,MWATATE,123,CHAWIA,KITIVO PRIMARY
6,TAITA TAVETA,25,MWATATE,123,CHAWIA,MKUKI TRADING CENTER
6,TAITA TAVETA,25,MWATATE,123,CHAWIA,ZARE TRADING CENTER
6,TAITA TAVETA,25,MWATATE,123,CHAWIA,ALIA PENTECOSTAL
6,TAITA TAVETA,25,MWATATE,123,CHAWIA,MWARANGENYI/KISIMENYI BOREHOLE
6,TAITA TAVETA,25,MWATATE,123,CHAWIA,MANOA DISPENSARY
6,TAITA TAVETA,25,MWATATE,124,WUSI/KISHAMBA,ST.JOSEPH PRIMARY
6,TAITA TAVETA,25,MWATATE,124,WUSI/KISHAMBA,KUNGU PRIMARY
6,TAITA TAVETA,25,MWATATE,124,WUSI/KISHAMBA,KIDAYA Y/POLY
6,TAITA TAVETA,25,MWATATE,124,WUSI/KISHAMBA,WUSI PRIMARY
6,TAITA TAVETA,25,MWATATE,124,WUSI/KISHAMBA,KIANGACHINYI DISPENSARY
6,TAITA TAVETA,25,MWATATE,124,WUSI/KISHAMBA,DEMBWA PRIMARY
6,TAITA TAVETA,25,MWATATE,124,WUSI/KISHAMBA,JOSA PRIMARY
6,TAITA TAVETA,25,MWATATE,124,WUSI/KISHAMBA,KISHAMBA PRIMARY
6,TAITA TAVETA,25,MWATATE,124,WUSI/KISHAMBA,MWACHAWAZA PRIMARY
6,TAITA TAVETA,25,MWATATE,124,WUSI/KISHAMBA,MWACHAWAZA Y/POLY
6,TAITA TAVETA,25,MWATATE,124,WUSI/KISHAMBA,MLAMBENYI NUR.SCH
6,TAITA TAVETA,25,MWATATE,124,WUSI/KISHAMBA,FURUSINYI NUR.SCHOOL
6,TAITA TAVETA,25,MWATATE,124,WUSI/KISHAMBA,MACHA VILLAGE
6,TAITA TAVETA,25,MWATATE,124,WUSI/KISHAMBA,KWAMONE NUR.SCHOOL
6,TAITA TAVETA,25,MWATATE,124,WUSI/KISHAMBA,KIDAYA/IFUMBU NUR.SCHOOL
6,TAITA TAVETA,26,VOI,125,MBOLOLO,MKWACHUNYI PRIMARY SCHOOL
6,TAITA TAVETA,26,VOI,125,MBOLOLO,KIRUTAI PRIMARY SCHOOL
6,TAITA TAVETA,26,VOI,125,MBOLOLO,VOI PRIMARY SCHOOL
6,TAITA TAVETA,26,VOI,125,MBOLOLO,MWAKINGALI PRIMARY SCHOOL
6,TAITA TAVETA,26,VOI,125,MBOLOLO,MWANGEA SECONDARY SCHOOL
6,TAITA TAVETA,26,VOI,125,MBOLOLO,MWAMUNGA PRIMARY SCHOOL
6,TAITA TAVETA,26,VOI,125,MBOLOLO,C.I.T(COAST INSTITUTE OF TECHNOLOGY)
6,TAITA TAVETA,26,VOI,125,MBOLOLO,TAUSA YOUTH POLYTECHNIC
6,TAITA TAVETA,26,VOI,125,MBOLOLO,KIRINDINYI PRIMARY SCHOOL
6,TAITA TAVETA,26,VOI,125,MBOLOLO,MWAMBOLEMBOLE PRIMARY SCHOOL
6,TAITA TAVETA,26,VOI,125,MBOLOLO,NDILE PRIMARY SCHOOL
6,TAITA TAVETA,26,VOI,125,MBOLOLO,MABOMANI PRIMARY SCHOOL
6,TAITA TAVETA,26,VOI,125,MBOLOLO,MLEKENYI NURSERY SCHOOL
6,TAITA TAVETA,26,VOI,125,MBOLOLO,TAUSA PRIMARY SCHOOL
6,TAITA TAVETA,26,VOI,125,MBOLOLO,BONIFACE MGANGA PRIMARY SCHOOL
6,TAITA TAVETA,26,VOI,125,MBOLOLO,VOI SOCIAL SERVICES GROUND
6,TAITA TAVETA,26,VOI,125,MBOLOLO,MWARANGINYI GROUND
6,TAITA TAVETA,26,VOI,125,MBOLOLO,SIKUJUA JUU NURSERY SCHOOL
6,TAITA TAVETA,26,VOI,125,MBOLOLO,MWAKIKI PRIMARY SCHOOL
6,TAITA TAVETA,26,VOI,125,MBOLOLO,KAMBITO PRIMARY SCHOOL
6,TAITA TAVETA,26,VOI,125,MBOLOLO,GORA NURSERY SCHOOL
6,TAITA TAVETA,26,VOI,125,MBOLOLO,VOI GIRLS SECONDARY SCHOOL
6,TAITA TAVETA,26,VOI,126,SAGALLA,WRAY PRIMARY SCHOOL
6,TAITA TAVETA,26,VOI,126,SAGALLA,SOWA PRIMARY SCHOOL
6,TAITA TAVETA,26,VOI,126,SAGALLA,SAGALLA PRIMARY SCHOOL
6,TAITA TAVETA,26,VOI,126,SAGALLA,SAGALLA YOUTH POLYTECHNIC
6,TAITA TAVETA,26,VOI,126,SAGALLA,GIDEON MOSI PRIMARY SCHOOL
6,TAITA TAVETA,26,VOI,126,SAGALLA,KAJIRE PRIMARY SCHOOL
6,TAITA TAVETA,26,VOI,126,SAGALLA,MWAMBITI PRIMARY SCHOOL
6,TAITA TAVETA,26,VOI,126,SAGALLA,TALIO PRIMARY SCHOOL
6,TAITA TAVETA,26,VOI,126,SAGALLA,KIZUMANZI PRIMARY SCHOOL
6,TAITA TAVETA,26,VOI,127,KALOLENI,SOFIA BONA NURSERY SCHOOL
6,TAITA TAVETA,26,VOI,127,KALOLENI,KALELA PRIMARY SCHOOL
6,TAITA TAVETA,26,VOI,127,KALOLENI,MWANYAMBO PRIMARY SCHOOL
6,TAITA TAVETA,26,VOI,127,KALOLENI,GIMBA PRIMARY SCHOOL
6,TAITA TAVETA,26,VOI,127,KALOLENI,TANZANIA NURSERY SCHOOL
6,TAITA TAVETA,26,VOI,127,KALOLENI,MAWENI VILLAGE MOBILE
6,TAITA TAVETA,26,VOI,127,KALOLENI,KALAMBE PRIMARY SCHOOL
6,TAITA TAVETA,26,VOI,127,KALOLENI,MNAONI NURSERY SCHOOL
6,TAITA TAVETA,26,VOI,127,KALOLENI,GHAZA GROUND
6,TAITA TAVETA,26,VOI,127,KALOLENI,NDOVU HEALTH CENTRE
6,TAITA TAVETA,26,VOI,128,MARUNGU,MARUNGU PRIMARY SCHOOL
6,TAITA TAVETA,26,VOI,128,MARUNGU,MARASI PRIMARY SCHOOL
6,TAITA TAVETA,26,VOI,128,MARUNGU,MIASENYI PRIMARY SCHOOL
6,TAITA TAVETA,26,VOI,128,MARUNGU,ITINYI PRIMARY SCHOOL
6,TAITA TAVETA,26,VOI,128,MARUNGU,KALE PRIMARY SCHOOL
6,TAITA TAVETA,26,VOI,128,MARUNGU,MISHARINI PRIMARY SCHOOL
6,TAITA TAVETA,26,VOI,129,KASIGAU,MAKWASINYI PRIMARY SCHOOL
6,TAITA TAVETA,26,VOI,129,KASIGAU,KISIMENYI PRIMARY SCHOOL
6,TAITA TAVETA,26,VOI,129,KASIGAU,MAKUMBUSHO WATER PROJECT
6,TAITA TAVETA,26,VOI,129,KASIGAU,BUGUTA PRIMARY SCHOOL
6,TAITA TAVETA,26,VOI,129,KASIGAU,SASENYI PRIMARY SCHOOL
6,TAITA TAVETA,26,VOI,129,KASIGAU,RUKANGA PRIMARY SCHOOL
6,TAITA TAVETA,26,VOI,129,KASIGAU,BUNGULE PRIMARY SCHOOL
6,TAITA TAVETA,26,VOI,129,KASIGAU,JORA PRIMARY SCHOOL
6,TAITA TAVETA,26,VOI,129,KASIGAU,MKAMENYI PRIMARY SCHOOL
6,TAITA TAVETA,26,VOI,129,KASIGAU,ZUNGULUKANI PRIMARY SCHOOL
6,TAITA TAVETA,26,VOI,129,KASIGAU,NGAMBENYI PRIMARY SCHOOL
6,TAITA TAVETA,26,VOI,129,KASIGAU,KULIKILA NURSERY SCHOOL
6,TAITA TAVETA,26,VOI,129,KASIGAU,KITEGHE PRIMARY SCHOOL
6,TAITA TAVETA,26,VOI,130,NGOLIA,NDOME PRIMARY SCHOOL
6,TAITA TAVETA,26,VOI,130,NGOLIA,MULUNDINYI PRIMARY SCHOOL
6,TAITA TAVETA,26,VOI,130,NGOLIA,GHAZI PRIMARY SCHOOL
6,TAITA TAVETA,26,VOI,130,NGOLIA,ORE PRIMARY SCHOOL
6,TAITA TAVETA,26,VOI,130,NGOLIA,MANYANI TRADING CENTRE
6,TAITA TAVETA,26,VOI,130,NGOLIA,WONGONYI PRIMARY SCHOOL
6,TAITA TAVETA,26,VOI,130,NGOLIA,MOLE PRIMARY SCHOOL
6,TAITA TAVETA,26,VOI,130,NGOLIA,MRANGI PRIMARY SCHOOL
6,TAITA TAVETA,26,VOI,130,NGOLIA,NDII NURSERY CENTRE
6,TAITA TAVETA,26,VOI,130,NGOLIA,MBULIA PRIMARY SCHOOL
6,TAITA TAVETA,26,VOI,130,NGOLIA,KWS CAMP-MTITO ANDEI
6,TAITA TAVETA,26,VOI,130,NGOLIA,MWAKAJO PRIMARY SCHOOL
7,GARISSA,27,GARISSA TOWNSHIP,131,WABERI,GARISSA SECONDARY SCHOOL
7,GARISSA,27,GARISSA TOWNSHIP,131,WABERI,NASIB PRIMARY SCHOOL
7,GARISSA,27,GARISSA TOWNSHIP,131,WABERI,BULLA COLLEGE PRIMARY SCHOOL
7,GARISSA,27,GARISSA TOWNSHIP,131,WABERI,BULLA MZURI MARKET CENTRE
7,GARISSA,27,GARISSA TOWNSHIP,131,WABERI,BOYSTOWN PRIMARY SCHOOL
7,GARISSA,27,GARISSA TOWNSHIP,131,WABERI,BULLA MZURI PRIMARY SCHOOL
7,GARISSA,27,GARISSA TOWNSHIP,131,WABERI,BASHAAL MARKET CENTRE
7,GARISSA,27,GARISSA TOWNSHIP,131,WABERI,BULLA MASALANI MARKET CENTRE
7,GARISSA,27,GARISSA TOWNSHIP,131,WABERI,KUNASO CENTRE
7,GARISSA,27,GARISSA TOWNSHIP,131,WABERI,GARISSA SCHOOL FOR THE DEAF
7,GARISSA,27,GARISSA TOWNSHIP,131,WABERI,ABDILUGEY PRIMARY SCHOOL
7,GARISSA,27,GARISSA TOWNSHIP,132,GALBET,TUMAINI PRIMARY SCHOOL
7,GARISSA,27,GARISSA TOWNSHIP,132,GALBET,ADC PRIMARY SCHOOL
7,GARISSA,27,GARISSA TOWNSHIP,132,GALBET,JAMUHURI CLUB
7,GARISSA,27,GARISSA TOWNSHIP,132,GALBET,TETU PRIMARY SCHOOL
7,GARISSA,27,GARISSA TOWNSHIP,132,GALBET,KAZUKO PRIMARY SCHOOL
7,GARISSA,27,GARISSA TOWNSHIP,132,GALBET,HYUGA GIRLS PRIMARY SCHOOL
7,GARISSA,27,GARISSA TOWNSHIP,132,GALBET,KEFRI CENTRE
7,GARISSA,27,GARISSA TOWNSHIP,132,GALBET,GARISSA YOUTH POLYTECHNIC
7,GARISSA,27,GARISSA TOWNSHIP,132,GALBET,GARISSA MEDICAL TRAINING COLLEGE
7,GARISSA,27,GARISSA TOWNSHIP,132,GALBET,YATHRIB PRIMARY SCHOOL
7,GARISSA,27,GARISSA TOWNSHIP,132,GALBET,JARIBU PRIMARY SCHOOL
7,GARISSA,27,GARISSA TOWNSHIP,132,GALBET,ASK SHOW GROUND
7,GARISSA,27,GARISSA TOWNSHIP,132,GALBET,BULLA MAKKA MARKET CENTRE
7,GARISSA,27,GARISSA TOWNSHIP,132,GALBET,UMU SALAMA GIRLS SEC SCHOOL
7,GARISSA,27,GARISSA TOWNSHIP,132,GALBET,CHIEF MEDINA OFFICE CENTRE
7,GARISSA,27,GARISSA TOWNSHIP,132,GALBET,MADINA HEALTH CENTRE
7,GARISSA,27,GARISSA TOWNSHIP,132,GALBET,TETU SECONDARY SCHOOL
7,GARISSA,27,GARISSA TOWNSHIP,132,GALBET,YATHRIB SECONDARY SCHOOL
7,GARISSA,27,GARISSA TOWNSHIP,132,GALBET,TUMAINI SECONDARY SCHOOL
7,GARISSA,27,GARISSA TOWNSHIP,133,TOWNSHIP,NEP GIRLS' SECONDARY
7,GARISSA,27,GARISSA TOWNSHIP,133,TOWNSHIP,GARISSA NDOGO OPEN GROUNDS
7,GARISSA,27,GARISSA TOWNSHIP,133,TOWNSHIP,CHIEF TOWNSHIP OFFICE CENTRE
7,GARISSA,27,GARISSA TOWNSHIP,133,TOWNSHIP,KENYA NATIONAL LIBRARY CENTRE.
7,GARISSA,27,GARISSA TOWNSHIP,133,TOWNSHIP,CHIEF CAMP
7,GARISSA,27,GARISSA TOWNSHIP,133,TOWNSHIP,GARISSA CULTURAL CENTRE
7,GARISSA,27,GARISSA TOWNSHIP,133,TOWNSHIP,CHILDREN RESCUE CENTER
7,GARISSA,27,GARISSA TOWNSHIP,134,IFTIN,COUNTY HIGH SCHOOL
7,GARISSA,27,GARISSA TOWNSHIP,134,IFTIN,SAMBUL PRIMARY SCHOOL
7,GARISSA,27,GARISSA TOWNSHIP,134,IFTIN,GARISSA PRIMARY SCHOOL
7,GARISSA,27,GARISSA TOWNSHIP,134,IFTIN,GUEST HOUSE
7,GARISSA,27,GARISSA TOWNSHIP,134,IFTIN,IFTIN PRIMARY SCHOOL
7,GARISSA,27,GARISSA TOWNSHIP,134,IFTIN,YOUNG MUSLIM PRIMARY SCHOOL
7,GARISSA,27,GARISSA TOWNSHIP,134,IFTIN,KORAKORA PRIMARY SCHOOL
7,GARISSA,27,GARISSA TOWNSHIP,134,IFTIN,ELDERT VILLAGE CENTRE
7,GARISSA,27,GARISSA TOWNSHIP,134,IFTIN,BOLARGY PRIMARY SCHOOL
7,GARISSA,27,GARISSA TOWNSHIP,134,IFTIN,JARIROT PRIMARY SCHOOL
7,GARISSA,27,GARISSA TOWNSHIP,134,IFTIN,AL-FATAH PRIMARY SCHOOL
7,GARISSA,27,GARISSA TOWNSHIP,134,IFTIN,RAHMA VILLAGE CENTRE
7,GARISSA,27,GARISSA TOWNSHIP,134,IFTIN,BULLA NUR PRIMARY SCHOOL
7,GARISSA,27,GARISSA TOWNSHIP,134,IFTIN,NAJAH PRIMARY SCHOOL
7,GARISSA,27,GARISSA TOWNSHIP,134,IFTIN,IFTIN GIRLS SECONDARY SCHOOL
7,GARISSA,27,GARISSA TOWNSHIP,134,IFTIN,KIWANJA BURE MARKET CENTRE
7,GARISSA,27,GARISSA TOWNSHIP,134,IFTIN,MIKONO VOCATION CENTRE
7,GARISSA,27,GARISSA TOWNSHIP,134,IFTIN,SARIRAHA VILLAGE
7,GARISSA,27,GARISSA TOWNSHIP,134,IFTIN,BULLA ADEY
7,GARISSA,28,BALAMBALA,135,BALAMBALA,BALAMBALA PRIMARY SCHOOL
7,GARISSA,28,BALAMBALA,135,BALAMBALA,OHIO PRIMARY SCHOOL
7,GARISSA,28,BALAMBALA,135,BALAMBALA,DUJIS PRIMARY SCHOOL
7,GARISSA,28,BALAMBALA,135,BALAMBALA,REITHAB VILLAGE DAM
7,GARISSA,28,BALAMBALA,135,BALAMBALA,ASHADIN CENTRE
7,GARISSA,28,BALAMBALA,135,BALAMBALA,KUNO PRIMARY SCHOOL
7,GARISSA,28,BALAMBALA,135,BALAMBALA,BURA DANSA PRIMARY SCHOOL
7,GARISSA,28,BALAMBALA,135,BALAMBALA,ABDIGAB VILLAGE CENTRE
7,GARISSA,28,BALAMBALA,135,BALAMBALA,SHEBTAAD CENTRE
7,GARISSA,28,BALAMBALA,135,BALAMBALA,BALAMBALA SECONDARY SCHOOL
7,GARISSA,28,BALAMBALA,135,BALAMBALA,BALAMBALA MARKET
7,GARISSA,28,BALAMBALA,135,BALAMBALA,LABILEY ECD
7,GARISSA,28,BALAMBALA,135,BALAMBALA,RAHOLE GIRLS SECONDARY SCHOOL
7,GARISSA,28,BALAMBALA,135,BALAMBALA,AAQAL AAR CENTRE
7,GARISSA,28,BALAMBALA,136,DANYERE,DANYERE PRIMARY SCHOOL
7,GARISSA,28,BALAMBALA,136,DANYERE,SIKLEY CENTRE
7,GARISSA,28,BALAMBALA,136,DANYERE,GODIR VILLAGE CENTRE
7,GARISSA,28,BALAMBALA,136,DANYERE,QORAHEY PRIMARY SCHOOL
7,GARISSA,28,BALAMBALA,136,DANYERE,MUDEY PRIMARY SCHOOL
7,GARISSA,28,BALAMBALA,136,DANYERE,DOGOB ECD CENTRE.
7,GARISSA,28,BALAMBALA,136,DANYERE,LIBAHLOW PRIMARY SCHOOL
7,GARISSA,28,BALAMBALA,136,DANYERE,HIFOW VILLAGE CENTRE
7,GARISSA,28,BALAMBALA,136,DANYERE,KARBUNA PRIMARY SCHOOL
7,GARISSA,28,BALAMBALA,136,DANYERE,BULLA MOBILE
7,GARISSA,28,BALAMBALA,136,DANYERE,HAGAR JARER PRIMARY SCHOOL
7,GARISSA,28,BALAMBALA,136,DANYERE,EL SHELETI VILLAGE
7,GARISSA,28,BALAMBALA,136,DANYERE,DANYERE SECODARY SCHOOL
7,GARISSA,28,BALAMBALA,136,DANYERE,JUNFAT MOBILE
7,GARISSA,28,BALAMBALA,136,DANYERE,JEREY MOBILE
7,GARISSA,28,BALAMBALA,136,DANYERE,ROBDON DAM
7,GARISSA,28,BALAMBALA,137,JARA JARA,JARA JARA PRIMARY SCHOOL
7,GARISSA,28,BALAMBALA,137,JARA JARA,KONE ECD CENTRE
7,GARISSA,28,BALAMBALA,137,JARA JARA,ABAQ HALOL ECD
7,GARISSA,28,BALAMBALA,137,JARA JARA,ISAK JIRBA MOBILE
7,GARISSA,28,BALAMBALA,137,JARA JARA,LAMAAN SAAMAN
7,GARISSA,28,BALAMBALA,137,JARA JARA,KARBADERE CENTRE
7,GARISSA,28,BALAMBALA,137,JARA JARA,ILANLEY VILLAGE
7,GARISSA,28,BALAMBALA,137,JARA JARA,LAHELEY VILLAGE
7,GARISSA,28,BALAMBALA,138,SAKA,KASHA PRIMARY SCHOOL.
7,GARISSA,28,BALAMBALA,138,SAKA,SAKA PRIMARY SCHOOL
7,GARISSA,28,BALAMBALA,138,SAKA,DALEY PRIMARY SCHOOL
7,GARISSA,28,BALAMBALA,138,SAKA,HATLEY PRIMARY SCHOOL
7,GARISSA,28,BALAMBALA,138,SAKA,JUNCTION ECD CENTRE
7,GARISSA,28,BALAMBALA,138,SAKA,HIRBAIY MARKET CENTRE.
7,GARISSA,28,BALAMBALA,138,SAKA,MATHAH LIBAH ECD CENTRE
7,GARISSA,28,BALAMBALA,138,SAKA,DHEDHEREY ECD CENTRE
7,GARISSA,28,BALAMBALA,138,SAKA,DABELEY ECD CENTRE
7,GARISSA,28,BALAMBALA,138,SAKA,MAGADO ECD
7,GARISSA,28,BALAMBALA,138,SAKA,QABOBEY VILLAGE
7,GARISSA,28,BALAMBALA,138,SAKA,FATUMA GOLICHA VILLAGE
7,GARISSA,28,BALAMBALA,138,SAKA,OHIO DAM
7,GARISSA,28,BALAMBALA,138,SAKA,EL DORR VILLAGE
7,GARISSA,28,BALAMBALA,138,SAKA,BUTALI VILLAGE
7,GARISSA,28,BALAMBALA,138,SAKA,BULLA JARI
7,GARISSA,28,BALAMBALA,138,SAKA,BULLA ERO VILLAGE
7,GARISSA,28,BALAMBALA,138,SAKA,BULLA DOS URO DAM
7,GARISSA,28,BALAMBALA,138,SAKA,CILANLEY MOBILE CENTRE
7,GARISSA,28,BALAMBALA,138,SAKA,LAHELEY MOBILE CENTRE
7,GARISSA,28,BALAMBALA,139,SANKURI,BALICH PRIMARY SCHOOL
7,GARISSA,28,BALAMBALA,139,SANKURI,SANKURI PRIMARY SCHOOL
7,GARISSA,28,BALAMBALA,139,SANKURI,SHIMBIREY PRIMARY SCHOOL
7,GARISSA,28,BALAMBALA,139,SANKURI,RAYA PRIMARY SCHOOL
7,GARISSA,28,BALAMBALA,139,SANKURI,ATHEYLEY PRIMARY SCHOOL
7,GARISSA,28,BALAMBALA,139,SANKURI,SHABAHA PRIMARY SCHOOL
7,GARISSA,28,BALAMBALA,139,SANKURI,DOLOLO WEYN PRIMARY SCHOOL
7,GARISSA,28,BALAMBALA,139,SANKURI,NUNOW PRIMARY SCHOOL
7,GARISSA,28,BALAMBALA,139,SANKURI,DALOLO MIDI ECD
7,GARISSA,28,BALAMBALA,139,SANKURI,MODIKA PRIMARY SCHOOL
7,GARISSA,28,BALAMBALA,139,SANKURI,LAAGO MOBILE
7,GARISSA,28,BALAMBALA,139,SANKURI,AULIYE MOBILE
7,GARISSA,28,BALAMBALA,139,SANKURI,ABDISAMET DAM MOBILE
7,GARISSA,28,BALAMBALA,139,SANKURI,SHIDLE DAM
7,GARISSA,28,BALAMBALA,139,SANKURI,ADEN ELEY MOBILE
7,GARISSA,28,BALAMBALA,139,SANKURI,MATHAH GESI MOBILE
7,GARISSA,28,BALAMBALA,139,SANKURI,TURE ECD
7,GARISSA,28,BALAMBALA,139,SANKURI,QABOBEY CENTRE
7,GARISSA,28,BALAMBALA,139,SANKURI,BULLA HODAN
7,GARISSA,28,BALAMBALA,139,SANKURI,LABI REB MOBILE
7,GARISSA,28,BALAMBALA,139,SANKURI,WEL AATHEY MOBILE
7,GARISSA,28,BALAMBALA,139,SANKURI,FAR YAR VILLAGE
7,GARISSA,29,LAGDERA,140,MODOGASHE,MODOGASHE PRIMARY SCHOOL
7,GARISSA,29,LAGDERA,140,MODOGASHE,AMA PRMARY SCHOOL
7,GARISSA,29,LAGDERA,140,MODOGASHE,JANJU WATER WELLS
7,GARISSA,29,LAGDERA,140,MODOGASHE,JILANGO CENTER
7,GARISSA,29,LAGDERA,140,MODOGASHE,BARKUKE PRIMARY SCHOOL
7,GARISSA,29,LAGDERA,140,MODOGASHE,BARFIN CENTRE
7,GARISSA,29,LAGDERA,140,MODOGASHE,GEYLAB CENTRE
7,GARISSA,29,LAGDERA,140,MODOGASHE,ELDERA MARKET CENTER
7,GARISSA,29,LAGDERA,140,MODOGASHE,MEDINA PRIMARY SCHOOL
7,GARISSA,29,LAGDERA,140,MODOGASHE,MODOGASHE LIVESTOCK MARKET
7,GARISSA,29,LAGDERA,140,MODOGASHE,BARAZA PARK
7,GARISSA,29,LAGDERA,140,MODOGASHE,ELANLE PRIMARY SCHOOL
7,GARISSA,29,LAGDERA,140,MODOGASHE,ELDIN WELLS
7,GARISSA,29,LAGDERA,140,MODOGASHE,BARKUKE HEALTH CENTRE
7,GARISSA,29,LAGDERA,140,MODOGASHE,SARTA PRIMARY SCHOOL
7,GARISSA,29,LAGDERA,140,MODOGASHE,SHABEL DULA PRIMARY SCHOOL
7,GARISSA,29,LAGDERA,140,MODOGASHE,ALI SAGAR PRIMARY SCHOOL
7,GARISSA,29,LAGDERA,140,MODOGASHE,DENKA ECD CENTRE
7,GARISSA,29,LAGDERA,140,MODOGASHE,HAGARE VILLAGE ECD CENTRE
7,GARISSA,29,LAGDERA,140,MODOGASHE,FARYAR ECD CENTRE
7,GARISSA,29,LAGDERA,140,MODOGASHE,MODOGASHE SECONDARY SCHOOL
7,GARISSA,29,LAGDERA,140,MODOGASHE,MODOGASHE GIRLS SECONDARY SCHOOL
7,GARISSA,29,LAGDERA,141,BENANE,BENANE PRIMARY SCHOOL
7,GARISSA,29,LAGDERA,141,BENANE,TOKOJO CENTER MOLBILE
7,GARISSA,29,LAGDERA,141,BENANE,LAFAGERI DAM
7,GARISSA,29,LAGDERA,141,BENANE,HADUNI WATER PAN
7,GARISSA,29,LAGDERA,141,BENANE,BENANE SECNDARY SCHOOL
7,GARISSA,29,LAGDERA,141,BENANE,BULLO CENTRE
7,GARISSA,29,LAGDERA,141,BENANE,KAMPI SAMAKI
7,GARISSA,29,LAGDERA,141,BENANE,MADINA VILLAGE
7,GARISSA,29,LAGDERA,141,BENANE,MOULID VILLAGE
7,GARISSA,29,LAGDERA,141,BENANE,KAMPI SAMAKI DISPENSARY
7,GARISSA,29,LAGDERA,142,GOREALE,GUTALE WELLS
7,GARISSA,29,LAGDERA,142,GOREALE,SHANTA-ABAK CENTER
7,GARISSA,29,LAGDERA,142,GOREALE,AHMED TUKALE CENTRE
7,GARISSA,29,LAGDERA,142,GOREALE,AGALAAR CENTRE
7,GARISSA,29,LAGDERA,142,GOREALE,BARSABEN VILLAGE CENTRE
7,GARISSA,29,LAGDERA,143,MAALIMIN,MAALIMIN PRIMARY SCHOOL
7,GARISSA,29,LAGDERA,143,MAALIMIN,DIHLE NURSERY SCHOOL
7,GARISSA,29,LAGDERA,143,MAALIMIN,ILAN PRIMARY SCHOOL
7,GARISSA,29,LAGDERA,143,MAALIMIN,RIIG DAM
7,GARISSA,29,LAGDERA,143,MAALIMIN,GARSE VILLAGE
7,GARISSA,29,LAGDERA,143,MAALIMIN,SKANSKA CENTRE
7,GARISSA,29,LAGDERA,143,MAALIMIN,TOGDUB PRIMARY SCHOOL
7,GARISSA,29,LAGDERA,143,MAALIMIN,SHEIKH HAJIR PRIMARY SCHOOL
7,GARISSA,29,LAGDERA,143,MAALIMIN,TINASS ECD CENTRE
7,GARISSA,29,LAGDERA,143,MAALIMIN,WAYAMA JIBRIL PRIMARY SCHOOL
7,GARISSA,29,LAGDERA,143,MAALIMIN,DALEHELE PRIMARY SCHOOL
7,GARISSA,29,LAGDERA,143,MAALIMIN,KIWANJA PRIMARY SCHOOL
7,GARISSA,29,LAGDERA,143,MAALIMIN,CROSS BOBAY BOREHOLE
7,GARISSA,29,LAGDERA,143,MAALIMIN,TUBERE VILLAGE CENTRE
7,GARISSA,29,LAGDERA,144,SABENA,GARUFA PRIMARY SCHOOL
7,GARISSA,29,LAGDERA,144,SABENA,CHARON NURSERY SCHOOL
7,GARISSA,29,LAGDERA,144,SABENA,GARUFA BOREHOLE
7,GARISSA,29,LAGDERA,144,SABENA,HAGAR VILLAGE CENTRE
7,GARISSA,29,LAGDERA,144,SABENA,Qorwa Borehole
7,GARISSA,29,LAGDERA,145,BARAKI,BARAKI CENTER
7,GARISSA,29,LAGDERA,145,BARAKI,AFWEYN CENTER
7,GARISSA,29,LAGDERA,145,BARAKI,AFWEINE CHIEFS OFFICE
7,GARISSA,29,LAGDERA,145,BARAKI,BOMBI BOREHOLE
7,GARISSA,29,LAGDERA,145,BARAKI,LANGUYATO VILLAGE BOREHOLE
7,GARISSA,29,LAGDERA,145,BARAKI,BARAKI PRIMARY SCHOOL
7,GARISSA,29,LAGDERA,145,BARAKI,BARAKI DISPENSARY
7,GARISSA,29,LAGDERA,145,BARAKI,DARUSALAM PRIMARY SCHOOL
7,GARISSA,29,LAGDERA,145,BARAKI,AFWEINE PRIMARY SCHOOL
7,GARISSA,29,LAGDERA,145,BARAKI,AFWEINE DISPENSARY
7,GARISSA,29,LAGDERA,145,BARAKI,AFWEINE SECONDARY SCHOOL
7,GARISSA,29,LAGDERA,145,BARAKI,TOGDUB WATER PAN
7,GARISSA,30,DADAAB,146,DERTU,DERTU VILLAGE CENTER
7,GARISSA,30,DADAAB,146,DERTU,FAF KALALA DAM
7,GARISSA,30,DADAAB,146,DERTU,BAHURI PRIMARY SCHOOL
7,GARISSA,30,DADAAB,146,DERTU,ALANGO ARBA POST OFFICE
7,GARISSA,30,DADAAB,146,DERTU,KABOBEI DAM
7,GARISSA,30,DADAAB,146,DERTU,BORANSIS
7,GARISSA,30,DADAAB,146,DERTU,ALANGO PRIMARY SCHOOL
7,GARISSA,30,DADAAB,146,DERTU,LAAGO BOREHOLE
7,GARISSA,30,DADAAB,146,DERTU,UDHOLE PRIMARY SCHOOL
7,GARISSA,30,DADAAB,146,DERTU,KAMUTHE PRIMARY SCHOOL
7,GARISSA,30,DADAAB,146,DERTU,DERTU GIRLS SECONDARY SCHOOL
7,GARISSA,30,DADAAB,146,DERTU,DERTU PRIMARY SCHOOL
7,GARISSA,30,DADAAB,146,DERTU,ALANGO ARBA CHEIF OFFICE
7,GARISSA,30,DADAAB,146,DERTU,DERTU ICT CENTER
7,GARISSA,30,DADAAB,147,DADAAB,DADAAB PRIMARY SCHOOL
7,GARISSA,30,DADAAB,147,DADAAB,IFO BOREHOLE
7,GARISSA,30,DADAAB,147,DADAAB,DADAAB SECONDARY SCHOOL
7,GARISSA,30,DADAAB,147,DADAAB,DAYDEY PRIMARY SCHOOL
7,GARISSA,30,DADAAB,147,DADAAB,BOGYAR PRIMARY SCHOOL
7,GARISSA,30,DADAAB,147,DADAAB,HAJI IDRIS GIRLS SECONDARY SCHOOL
7,GARISSA,30,DADAAB,147,DADAAB,BULA KHEIR PRIMARY SCHOOL
7,GARISSA,30,DADAAB,147,DADAAB,DADAAB MULTIPURPOSE HALL
7,GARISSA,30,DADAAB,148,LABASIGALE,LEBISIGALE CENTER
7,GARISSA,30,DADAAB,148,LABASIGALE,LANDER WELLS
7,GARISSA,30,DADAAB,148,LABASIGALE,BOREHOLE 5 (LEBISIGALE)
7,GARISSA,30,DADAAB,148,LABASIGALE,WELHAR CENTRE
7,GARISSA,30,DADAAB,148,LABASIGALE,LABASIGALE CHIEF OFFICE
7,GARISSA,30,DADAAB,148,LABASIGALE,LANDIIG BOREHOLE
7,GARISSA,30,DADAAB,149,DAMAJALE,DAGAHLEY CENTER
7,GARISSA,30,DADAAB,149,DAMAJALE,KOKAR PRIMARY SCHOOL
7,GARISSA,30,DADAAB,149,DAMAJALE,DAMAJALE PRIMARY SCHOOL
7,GARISSA,30,DADAAB,149,DAMAJALE,MADAHGESI WELLS
7,GARISSA,30,DADAAB,149,DAMAJALE,DAMAJALE ABAK WATER PAN
7,GARISSA,30,DADAAB,149,DAMAJALE,DARYOLEY DAM
7,GARISSA,30,DADAAB,149,DAMAJALE,BOREHOLE 2
7,GARISSA,30,DADAAB,149,DAMAJALE,HAMEY BOREHOLE
7,GARISSA,30,DADAAB,149,DAMAJALE,MALAYLAY PRIMARY SCHOOL
7,GARISSA,30,DADAAB,149,DAMAJALE,MAGUTO PRIMARY SCHOOL
7,GARISSA,30,DADAAB,149,DAMAJALE,BARKIN PRIMARY SCHOOL
7,GARISSA,30,DADAAB,149,DAMAJALE,KIWANJA YAREY PRIMARY SCHOOL
7,GARISSA,30,DADAAB,149,DAMAJALE,LEHELEY PRIMARY SCHOOL
7,GARISSA,30,DADAAB,149,DAMAJALE,IGAL PRIMARY SCHOOL
7,GARISSA,30,DADAAB,149,DAMAJALE,BULLA YANYA PRIMARY SCHOOL
7,GARISSA,30,DADAAB,149,DAMAJALE,HAMEY PRIMARY SCHOOL
7,GARISSA,30,DADAAB,149,DAMAJALE,MADAHGESI PRIMARY SCHOOL
7,GARISSA,30,DADAAB,149,DAMAJALE,HAMAJO BOREHOLE
7,GARISSA,30,DADAAB,149,DAMAJALE,QOT QOT BOREHOLE
7,GARISSA,30,DADAAB,149,DAMAJALE,DALSAN BOREHOLE
7,GARISSA,30,DADAAB,149,DAMAJALE,DAMAJALEY ICT CENTER
7,GARISSA,30,DADAAB,149,DAMAJALE,TOWFIQ BOREHOLE
7,GARISSA,30,DADAAB,149,DAMAJALE,WELDONI PRIMARY SCHOOL
7,GARISSA,30,DADAAB,150,LIBOI,KULAN PRIMARY SCHOOL
7,GARISSA,30,DADAAB,150,LIBOI,LIBOI PRIMARY SCHOOL
7,GARISSA,30,DADAAB,150,LIBOI,HARAHARA POST OFFICE
7,GARISSA,30,DADAAB,150,LIBOI,KADAKSO WELLS
7,GARISSA,30,DADAAB,150,LIBOI,INDADADA DAMS
7,GARISSA,30,DADAAB,150,LIBOI,WARDEGLOW DAM
7,GARISSA,30,DADAAB,150,LIBOI,MALAYLAY CENTRE
7,GARISSA,30,DADAAB,150,LIBOI,DEK ELEMA CENTRE
7,GARISSA,30,DADAAB,150,LIBOI,SHEBTA AAD BOREHOLE
7,GARISSA,30,DADAAB,150,LIBOI,LEBI ATO WATER PAN
7,GARISSA,30,DADAAB,150,LIBOI,LIBOI SECONDARY SCHOOL
7,GARISSA,30,DADAAB,150,LIBOI,LIBOI ICT CENTER
7,GARISSA,30,DADAAB,150,LIBOI,KULAN SECONDARY SCHOOL
7,GARISSA,30,DADAAB,151,ABAKAILE,ABAKAILE CENTER
7,GARISSA,30,DADAAB,151,ABAKAILE,KUMAHUMATO CENTER
7,GARISSA,30,DADAAB,151,ABAKAILE,AHMED-QALOW DAM
7,GARISSA,30,DADAAB,151,ABAKAILE,LIBAHLOW VILLAGE
7,GARISSA,30,DADAAB,151,ABAKAILE,SARETHO PRIMARY SCHOOL
7,GARISSA,30,DADAAB,151,ABAKAILE,ALIKUNE PRIMARY SCHOOL
7,GARISSA,30,DADAAB,151,ABAKAILE,MAROTHILEY PRIMARY SCHOOL
7,GARISSA,30,DADAAB,151,ABAKAILE,LIH SHELL PRIMARY SCHOOL
7,GARISSA,30,DADAAB,151,ABAKAILE,MASLAH PRIMARY SCHOOL
7,GARISSA,30,DADAAB,151,ABAKAILE,ALIKUNE DISPESARY
7,GARISSA,30,DADAAB,151,ABAKAILE,SARETHO BOREHOLE
7,GARISSA,30,DADAAB,151,ABAKAILE,KUMAHUMATO CHIEF OFFICE
7,GARISSA,30,DADAAB,151,ABAKAILE,DARUSALAM CENTER
7,GARISSA,30,DADAAB,151,ABAKAILE,HAJI ADAN VILLAGE
7,GARISSA,30,DADAAB,151,ABAKAILE,GURRO PRIMARY SCHOOL
7,GARISSA,31,FAFI,152,BURA,ALI-EMIJ PRIMARY SCHOOL
7,GARISSA,31,FAFI,152,BURA,HAWAJOT VILLAGE
7,GARISSA,31,FAFI,152,BURA,MATHAHGESI MOBLE SCHOOL
7,GARISSA,31,FAFI,152,BURA,ARBDABOLO COMMUNITY WATER PAN
7,GARISSA,31,FAFI,152,BURA,DAGEGA DAM
7,GARISSA,31,FAFI,152,BURA,FAFI GIRLS SECONDARY SCHOOL
7,GARISSA,31,FAFI,152,BURA,BURA BAZARA PARK
7,GARISSA,31,FAFI,152,BURA,JAMBELE PRIMARY SCHOOL
7,GARISSA,31,FAFI,152,BURA,DAGWARDEY COMMUNITY PAN
7,GARISSA,31,FAFI,152,BURA,GARASWEINO PRIMARY SCHOOL
7,GARISSA,31,FAFI,152,BURA,MANSABUBU PRIMARY SCHOOL
7,GARISSA,31,FAFI,152,BURA,DARESALAM VILLAGE
7,GARISSA,31,FAFI,152,BURA,BULLA RAHMA
7,GARISSA,31,FAFI,153,DEKAHARIA,UFTIS VILLAGE CENTRE
7,GARISSA,31,FAFI,153,DEKAHARIA,MUFTU ECD
7,GARISSA,31,FAFI,153,DEKAHARIA,KATAMA MOBILE CENTRE
7,GARISSA,31,FAFI,153,DEKAHARIA,HARERAH DAMS
7,GARISSA,31,FAFI,153,DEKAHARIA,GUBIS PRIMARY SCHOOL
7,GARISSA,31,FAFI,153,DEKAHARIA,EDA ECD
7,GARISSA,31,FAFI,153,DEKAHARIA,DERTU ECD
7,GARISSA,31,FAFI,153,DEKAHARIA,BULAGOLOL PRIMARY SCHOOL
7,GARISSA,31,FAFI,153,DEKAHARIA,TUMTISH VILLAGE CENTRE
7,GARISSA,31,FAFI,153,DEKAHARIA,MARERKADER DAM
7,GARISSA,31,FAFI,153,DEKAHARIA,ILMABANTA WATER PAN
7,GARISSA,31,FAFI,153,DEKAHARIA,HAJIJIMY ECD
7,GARISSA,31,FAFI,153,DEKAHARIA,GAMAGALA PRIMARY SCHOOL
7,GARISSA,31,FAFI,153,DEKAHARIA,DOI ECD
7,GARISSA,31,FAFI,153,DEKAHARIA,DEKAHARJA PRIMARY SCHOOL
7,GARISSA,31,FAFI,153,DEKAHARIA,HADEES
7,GARISSA,31,FAFI,153,DEKAHARIA,DEG BON WATER PAN
7,GARISSA,31,FAFI,153,DEKAHARIA,MAREREY WATER PAN
7,GARISSA,31,FAFI,153,DEKAHARIA,DINIQ WATER PAN
7,GARISSA,31,FAFI,153,DEKAHARIA,GALMAGALA ICT
7,GARISSA,31,FAFI,153,DEKAHARIA,FARAH DURWA BOREHOLE
7,GARISSA,31,FAFI,154,JARAJILA,ALINJUGUR PRIMARY SCHOOL
7,GARISSA,31,FAFI,154,JARAJILA,AMUMA PRIMARY SCHOOL
7,GARISSA,31,FAFI,154,JARAJILA,JARAJILA ECD
7,GARISSA,31,FAFI,154,JARAJILA,SADEH GOSE WATER PAN
7,GARISSA,31,FAFI,154,JARAJILA,WELMERER PRIMARY SCHOOL
7,GARISSA,31,FAFI,154,JARAJILA,JIKOLE WATER PAN
7,GARISSA,31,FAFI,154,JARAJILA,DARKEN KOSAR DAM
7,GARISSA,31,FAFI,154,JARAJILA,ELIN CENTRE
7,GARISSA,31,FAFI,154,JARAJILA,ALINJUGUR SECONDARY
7,GARISSA,31,FAFI,155,FAFI,YUMBIS PRIMARY SCHOOL
7,GARISSA,31,FAFI,155,FAFI,HAGARDERA COMMUNITY WATER PAN
7,GARISSA,31,FAFI,155,FAFI,FAFI PRIMARY SCHOOL
7,GARISSA,31,FAFI,155,FAFI,MATHAHMARUB PRIMARY SCHOOL
7,GARISSA,31,FAFI,155,FAFI,HAGARBUL COMMUNITY CENTRE
7,GARISSA,31,FAFI,155,FAFI,ELHUMO ECD
7,GARISSA,31,FAFI,155,FAFI,BOHOLE 5 MOBILE CENTRE
7,GARISSA,31,FAFI,155,FAFI,DIISO PRIMARY
7,GARISSA,31,FAFI,155,FAFI,LAAGO PRIMARY SCHOOL
7,GARISSA,31,FAFI,155,FAFI,DADDERA PRIMARY SCHOOL
7,GARISSA,31,FAFI,155,FAFI,FAFAHJIN PRIMARY SCHOOL
7,GARISSA,31,FAFI,155,FAFI,UPENDO PRIMARY
7,GARISSA,31,FAFI,155,FAFI,DELA SAGAAR
7,GARISSA,31,FAFI,155,FAFI,DIISO ICT CENTRE
7,GARISSA,31,FAFI,156,NANIGHI,ABAQDERA PRIMARY SCHOOL
7,GARISSA,31,FAFI,156,NANIGHI,GUYO PRIMARY SCHOOL
7,GARISSA,31,FAFI,156,NANIGHI,KAMUTHE PRIMARY
7,GARISSA,31,FAFI,156,NANIGHI,HARAJABS ECD
7,GARISSA,31,FAFI,156,NANIGHI,NADIR PRIMARY SCHOOL
7,GARISSA,31,FAFI,156,NANIGHI,WARABLE PRIMARY SCHOOL
7,GARISSA,31,FAFI,156,NANIGHI,NANIGHI SECONDARY SCHOOL
7,GARISSA,31,FAFI,156,NANIGHI,TAGAL PRIMARY SCHOOL
7,GARISSA,31,FAFI,156,NANIGHI,GORA ECD
7,GARISSA,31,FAFI,156,NANIGHI,DAB BULLE DAM
7,GARISSA,31,FAFI,156,NANIGHI,WARABLE MADRASA
7,GARISSA,31,FAFI,156,NANIGHI,KAMUTHE WOMEN CENTRE
7,GARISSA,31,FAFI,156,NANIGHI,SHEIKH HASSAN CENTRE
7,GARISSA,32,IJARA,157,HULUGHO,KORANHINDI PRIMARY SCHOOL
7,GARISSA,32,IJARA,157,HULUGHO,GARABEY PRIMARY SCHOOL
7,GARISSA,32,IJARA,157,HULUGHO,ELKAMBERE PRIMARY SCHOOL
7,GARISSA,32,IJARA,157,HULUGHO,SARIRAH EARLY CHILD CENTER
7,GARISSA,32,IJARA,157,HULUGHO,HULUGHO PRIMARY SCHOOL
7,GARISSA,32,IJARA,157,HULUGHO,MUFTU PRIMARY SCHOOL
7,GARISSA,32,IJARA,157,HULUGHO,WARDEIJAB PRIMARY SCHOOL
7,GARISSA,32,IJARA,157,HULUGHO,IRE GARWAN VILLAGE DAM
7,GARISSA,32,IJARA,157,HULUGHO,HAITAGAN VILLAGE DAM
7,GARISSA,32,IJARA,157,HULUGHO,JILO MATA PRIMARY SCHOOL
7,GARISSA,32,IJARA,157,HULUGHO,HADI PRIMARY SCHOOL
7,GARISSA,32,IJARA,157,HULUGHO,SINAI PRIMARY SCHOOL
7,GARISSA,32,IJARA,157,HULUGHO,DOI MOBILE
7,GARISSA,32,IJARA,157,HULUGHO,GESIREB PRIMARY SCHOOL
7,GARISSA,32,IJARA,157,HULUGHO,HARERIDERO VILLAGE DAM
7,GARISSA,32,IJARA,157,HULUGHO,TUMTISH VILLAGE DAM
7,GARISSA,32,IJARA,157,HULUGHO,DOOMI ECD
7,GARISSA,32,IJARA,157,HULUGHO,BOMA PRIMARY SCHOOL
7,GARISSA,32,IJARA,157,HULUGHO,BULLA KHARDAS ICT CENTRE
7,GARISSA,32,IJARA,157,HULUGHO,KURDE VILLAGE DAM
7,GARISSA,32,IJARA,157,HULUGHO,GARASBUL VILLAGE DAM
7,GARISSA,32,IJARA,158,SANGAILU,HANDARO PRIMARY SCHOOL
7,GARISSA,32,IJARA,158,SANGAILU,GEDILUUN PRIMARY SCHOOL
7,GARISSA,32,IJARA,158,SANGAILU,SANGAILU PRIMARY SCHOOL
7,GARISSA,32,IJARA,158,SANGAILU,MATA ARBA EARLY CHILD CENTER
7,GARISSA,32,IJARA,158,SANGAILU,MAREH EARLY CHILD CENTER
7,GARISSA,32,IJARA,158,SANGAILU,WAKAB HAREY EARLY CHILD CENTER
7,GARISSA,32,IJARA,158,SANGAILU,EGE EARLY CHILD CENTER
7,GARISSA,32,IJARA,158,SANGAILU,DAAROW ECD
7,GARISSA,32,IJARA,158,SANGAILU,MADERTO MOBILE
7,GARISSA,32,IJARA,158,SANGAILU,SANGAILU ICT CENTRE
7,GARISSA,32,IJARA,159,IJARA,GERILLE PRIMARY SCHOOL
7,GARISSA,32,IJARA,159,IJARA,SHEBO VILLAGE DAM
7,GARISSA,32,IJARA,159,IJARA,RUGHA PRIMARY SCHOOL
7,GARISSA,32,IJARA,159,IJARA,WARSAME VILLAGE DAM
7,GARISSA,32,IJARA,159,IJARA,IJARA PRIMARY SCHOOL
7,GARISSA,32,IJARA,159,IJARA,HUSSEIN KATALO VILLAGE DAM
7,GARISSA,32,IJARA,159,IJARA,DABEL WEYNE VILLAGE DAM
7,GARISSA,32,IJARA,159,IJARA,WARANWEINE PRIMARY SCHOOL
7,GARISSA,32,IJARA,159,IJARA,BULLA GOGON VILLAGE DAM
7,GARISSA,32,IJARA,159,IJARA,BULTOHAMA PRIMARY SCHOOL
7,GARISSA,32,IJARA,159,IJARA,DIBAYU CATTLE CRUSH
7,GARISSA,32,IJARA,159,IJARA,BOTHAI PRIMARY SCHOOL
7,GARISSA,32,IJARA,159,IJARA,JALISH PRIMARY SCHOOL
7,GARISSA,32,IJARA,159,IJARA,DOLOLO PRIMARY SCHOOL
7,GARISSA,32,IJARA,159,IJARA,ELMAAN PRIMARY SCHOOL
7,GARISSA,32,IJARA,159,IJARA,HAMORA VILLAGE DAM
7,GARISSA,32,IJARA,159,IJARA,BULLA WACHA EARLY CHILD CENTER
7,GARISSA,32,IJARA,159,IJARA,IJARA LIVESTOCK MARKET
7,GARISSA,32,IJARA,159,IJARA,MAAH VILLAGE DAM
7,GARISSA,32,IJARA,159,IJARA,SAGAR VILLAGE DAM
7,GARISSA,32,IJARA,159,IJARA,WARDEGOGA PRIMARY SCHOOL
7,GARISSA,32,IJARA,159,IJARA,BULLA AP DISPENSARY
7,GARISSA,32,IJARA,159,IJARA,FALAMA PRIMARY SCHOOL
7,GARISSA,32,IJARA,159,IJARA,GOLOL DERE VILLAGE DAM
7,GARISSA,32,IJARA,159,IJARA,WALMARE VILLAGE DAM
7,GARISSA,32,IJARA,160,MASALANI,GABABA PRIMARY SCHOOL
7,GARISSA,32,IJARA,160,MASALANI,ABDIGURE DAM
7,GARISSA,32,IJARA,160,MASALANI,MASALANI BARAZA PARK
7,GARISSA,32,IJARA,160,MASALANI,TURKATA PRIMARY SCHOOL
7,GARISSA,32,IJARA,160,MASALANI,RAHMA PRIMARY SCHOOL
7,GARISSA,32,IJARA,160,MASALANI,KORISSA PRIMARY SCHOOL
7,GARISSA,32,IJARA,160,MASALANI,KORISA DISPENSARY
7,GARISSA,32,IJARA,160,MASALANI,KOTILE EARLY CHILD CENTER
7,GARISSA,32,IJARA,160,MASALANI,KOTILE PRIMARY SCHOOL
7,GARISSA,32,IJARA,160,MASALANI,ALI JARIRE EARLY CHILD CENTER
7,GARISSA,32,IJARA,160,MASALANI,SHURIE SECONDARY SCHOOL
7,GARISSA,32,IJARA,160,MASALANI,DAHIR PRIMARY SCHOOL
7,GARISSA,32,IJARA,160,MASALANI,SUFI BASHIR DAM
7,GARISSA,32,IJARA,160,MASALANI,MAI PRIMARY SCHOOL
7,GARISSA,32,IJARA,160,MASALANI,HADAMA JARRI VILLAGE DAM
7,GARISSA,32,IJARA,160,MASALANI,GUMAREY PRIMARY SCHOOL
7,GARISSA,32,IJARA,160,MASALANI,HIDAYA PRIMARY SCHOOL
7,GARISSA,32,IJARA,160,MASALANI,KHALANKHAL DEROW
7,GARISSA,32,IJARA,160,MASALANI,QUNDI VILLAGE DAM
7,GARISSA,32,IJARA,160,MASALANI,TORABORA PRIMARY SCHOOL
7,GARISSA,32,IJARA,160,MASALANI,DAHIR DISPENSARY
7,GARISSA,32,IJARA,160,MASALANI,IJARA COUNTY COUNCIL
7,GARISSA,32,IJARA,160,MASALANI,TAQWA PRIMARY SCHOOL
7,GARISSA,32,IJARA,160,MASALANI,COUNTY COUNCIL MIXED SECONDARY SCHOOL
8,WAJIR,33,WAJIR NORTH,161,GURAR,GURAR OLD PRY
8,WAJIR,33,WAJIR NORTH,161,GURAR,KARIBUKE CENTRE
8,WAJIR,33,WAJIR NORTH,161,GURAR,GURAR PRY SCH
8,WAJIR,33,WAJIR NORTH,161,GURAR,BAMBA DAM
8,WAJIR,33,WAJIR NORTH,161,GURAR,GARIKILO PRY
8,WAJIR,33,WAJIR NORTH,161,GURAR,SAKE GAMADHA
8,WAJIR,33,WAJIR NORTH,161,GURAR,GARSE SARE VILLAGE
8,WAJIR,33,WAJIR NORTH,161,GURAR,QARSA ABULLA
8,WAJIR,33,WAJIR NORTH,161,GURAR,BILATU AMIN
8,WAJIR,33,WAJIR NORTH,161,GURAR,DARANLE PRIMARY SCHOOL
8,WAJIR,33,WAJIR NORTH,161,GURAR,GURAR SECONDARY SCHOOL
8,WAJIR,33,WAJIR NORTH,162,BUTE,BUTE ARID ZONE PRY
8,WAJIR,33,WAJIR NORTH,162,BUTE,MALABA PRY SCH
8,WAJIR,33,WAJIR NORTH,162,BUTE,WALENSTUTU CENTRE
8,WAJIR,33,WAJIR NORTH,162,BUTE,BUTE GIRLS SEC
8,WAJIR,33,WAJIR NORTH,162,BUTE,GARAROBA VILLAGE
8,WAJIR,33,WAJIR NORTH,162,BUTE,ADADIJOLE PRY SCH
8,WAJIR,33,WAJIR NORTH,162,BUTE,OGORJI PRY SCH
8,WAJIR,33,WAJIR NORTH,162,BUTE,OGORJILIBO CENTRE
8,WAJIR,33,WAJIR NORTH,162,BUTE,BUTE BOYS SEC
8,WAJIR,33,WAJIR NORTH,162,BUTE,JARTEY CENTRE
8,WAJIR,33,WAJIR NORTH,162,BUTE,OLOLDINLE PRIMARY SCHOOL
8,WAJIR,33,WAJIR NORTH,162,BUTE,CHALALAQA PRIMARY SCHOOL
8,WAJIR,33,WAJIR NORTH,162,BUTE,BUTE MIXED SECONDARY SCHOOL
8,WAJIR,33,WAJIR NORTH,163,KORONDILE,KORONDILE PRY SCH
8,WAJIR,33,WAJIR NORTH,163,KORONDILE,LENSAYU PRY SCH
8,WAJIR,33,WAJIR NORTH,163,KORONDILE,LAKOLE NORTH CENTRE
8,WAJIR,33,WAJIR NORTH,163,KORONDILE,UNSILE WATER POINT
8,WAJIR,33,WAJIR NORTH,163,KORONDILE,NYATA BORE HOLE
8,WAJIR,33,WAJIR NORTH,163,KORONDILE,RABSU CENTRE
8,WAJIR,33,WAJIR NORTH,163,KORONDILE,TULUROBA CENTRE
8,WAJIR,33,WAJIR NORTH,163,KORONDILE,BITOREBAY WATER POINT
8,WAJIR,33,WAJIR NORTH,163,KORONDILE,LENSAYU DISPENSARY
8,WAJIR,33,WAJIR NORTH,163,KORONDILE,MILISADED PRY SCH.
8,WAJIR,33,WAJIR NORTH,163,KORONDILE,KORONDILLE BOYS SEC.
8,WAJIR,33,WAJIR NORTH,163,KORONDILE,BASIR NORTH CENTRE
8,WAJIR,33,WAJIR NORTH,163,KORONDILE,SIREY PRIMARY SCHOOL
8,WAJIR,33,WAJIR NORTH,163,KORONDILE,JARTE ECD
8,WAJIR,33,WAJIR NORTH,163,KORONDILE,GOLBO ECD
8,WAJIR,33,WAJIR NORTH,163,KORONDILE,FUNAN HOSA PRIMARY
8,WAJIR,33,WAJIR NORTH,163,KORONDILE,NYATA PRIMARY SCHOOL
8,WAJIR,33,WAJIR NORTH,164,MALKAGUFU,MALKA GUFU PRY SCH
8,WAJIR,33,WAJIR NORTH,164,MALKAGUFU,BERTI ABDIAZIZ
8,WAJIR,33,WAJIR NORTH,164,MALKAGUFU,EL-BORU IDO WATER POINT
8,WAJIR,33,WAJIR NORTH,164,MALKAGUFU,CHABICHA VILLAGE
8,WAJIR,33,WAJIR NORTH,164,MALKAGUFU,INGIRIR PRY SCH
8,WAJIR,33,WAJIR NORTH,164,MALKAGUFU,JABDER
8,WAJIR,33,WAJIR NORTH,164,MALKAGUFU,INGIRIR DISPENSARY
8,WAJIR,33,WAJIR NORTH,164,MALKAGUFU,MALKAGUFU DISPENSARY
8,WAJIR,33,WAJIR NORTH,165,BATALU,BATALU PRY
8,WAJIR,33,WAJIR NORTH,165,BATALU,BASINEJA CENTRE
8,WAJIR,33,WAJIR NORTH,165,BATALU,KUROW CENTRE
8,WAJIR,33,WAJIR NORTH,165,BATALU,BUNA PRY SCH
8,WAJIR,33,WAJIR NORTH,165,BATALU,GARSE AKE WATER POINT
8,WAJIR,33,WAJIR NORTH,165,BATALU,BUNA OLD DISPENSARY
8,WAJIR,33,WAJIR NORTH,165,BATALU,FUNANBUA PRY SCH
8,WAJIR,33,WAJIR NORTH,165,BATALU,CHERATE MOBILE
8,WAJIR,33,WAJIR NORTH,165,BATALU,BUNA SEC SCH
8,WAJIR,33,WAJIR NORTH,165,BATALU,BERAMU PRY SCH)
8,WAJIR,33,WAJIR NORTH,165,BATALU,SALA CENTRE
8,WAJIR,33,WAJIR NORTH,165,BATALU,BERAMU 2 CENTRE
8,WAJIR,33,WAJIR NORTH,165,BATALU,BUNA GIRLS SECONDARY SCHOOL
8,WAJIR,33,WAJIR NORTH,165,BATALU,IDO ROBLE PRIMARY SCHOOL
8,WAJIR,33,WAJIR NORTH,165,BATALU,BUNA SUB COUNTY HOSPITAL
8,WAJIR,33,WAJIR NORTH,165,BATALU,BERAMU DISPENSARY
8,WAJIR,33,WAJIR NORTH,165,BATALU,BATALU DISPENSARY
8,WAJIR,33,WAJIR NORTH,165,BATALU,BASINEJA DISPENSARY
8,WAJIR,33,WAJIR NORTH,166,DANABA,DANABA PRY SCH
8,WAJIR,33,WAJIR NORTH,166,DANABA,QUDAMA PRY SCH
8,WAJIR,33,WAJIR NORTH,166,DANABA,AJAWA PRY SCH
8,WAJIR,33,WAJIR NORTH,166,DANABA,ANDARAKA PRY SCHOOL
8,WAJIR,33,WAJIR NORTH,166,DANABA,DUHUMA WATER POINT
8,WAJIR,33,WAJIR NORTH,166,DANABA,FARDAHOMA WATER POINT
8,WAJIR,33,WAJIR NORTH,166,DANABA,DIBE MOBILE
8,WAJIR,33,WAJIR NORTH,166,DANABA,BOSICHA CENTRE
8,WAJIR,33,WAJIR NORTH,166,DANABA,BOLOWLE CENTRE
8,WAJIR,33,WAJIR NORTH,166,DANABA,DANABA DAY MIXED SECONDARY SCHOOL
8,WAJIR,33,WAJIR NORTH,166,DANABA,DANABA WARD ADMIN OFFICE
8,WAJIR,33,WAJIR NORTH,166,DANABA,DANABA DISPENSARY
8,WAJIR,33,WAJIR NORTH,167,GODOMA,GODOMA NEP PRY
8,WAJIR,33,WAJIR NORTH,167,GODOMA,DUGO PRY
8,WAJIR,33,WAJIR NORTH,167,GODOMA,WATITI CENTRE
8,WAJIR,33,WAJIR NORTH,167,GODOMA,KARADUSE DAM
8,WAJIR,33,WAJIR NORTH,167,GODOMA,OGOMOI DISPENSARY
8,WAJIR,33,WAJIR NORTH,167,GODOMA,HOTE PRY SCH.
8,WAJIR,33,WAJIR NORTH,167,GODOMA,WATITI B CENTRE
8,WAJIR,33,WAJIR NORTH,167,GODOMA,KUNJURE PRIMARY SCHOOL
8,WAJIR,33,WAJIR NORTH,167,GODOMA,HOTE DISPENSARY
8,WAJIR,34,WAJIR EAST,168,WAGBERI,WAGBERI PR SCHOOL
8,WAJIR,34,WAJIR EAST,168,WAGBERI,CATHOLIC PR SCHOOL
8,WAJIR,34,WAJIR EAST,168,WAGBERI,VOLUNTEER PR SCHOOL
8,WAJIR,34,WAJIR EAST,168,WAGBERI,HALANE ADULT EDUCATION OFFICE
8,WAJIR,34,WAJIR EAST,168,WAGBERI,AL-FURQAN INTERGRATED
8,WAJIR,34,WAJIR EAST,168,WAGBERI,WAJIR POLY
8,WAJIR,34,WAJIR EAST,168,WAGBERI,LMD CAMP
8,WAJIR,34,WAJIR EAST,168,WAGBERI,WAGBERI SEC SCHOOL
8,WAJIR,34,WAJIR EAST,168,WAGBERI,HALANE PRY SCHOOL
8,WAJIR,34,WAJIR EAST,168,WAGBERI,ELMI PR SCHOOL
8,WAJIR,34,WAJIR EAST,168,WAGBERI,WAJIR TECHNICAL COLLEGE
8,WAJIR,34,WAJIR EAST,168,WAGBERI,WAGBERI GIRLS SECONDARY SCHOOL
8,WAJIR,34,WAJIR EAST,168,WAGBERI,WAGBERI DISPENSARY
8,WAJIR,34,WAJIR EAST,169,TOWNSHIP,HODHAN PRY SCHOOL
8,WAJIR,34,WAJIR EAST,169,TOWNSHIP,WAJIR SEC.SCHOOL
8,WAJIR,34,WAJIR EAST,169,TOWNSHIP,TOWNSHIP PR.SCHOOL
8,WAJIR,34,WAJIR EAST,169,TOWNSHIP,FURAHA PRY SCHOOL
8,WAJIR,34,WAJIR EAST,169,TOWNSHIP,AFRICA MUSLIM ACADEMY PRIMARY SCHOOL
8,WAJIR,34,WAJIR EAST,169,TOWNSHIP,AMA PRY SCHOOL
8,WAJIR,34,WAJIR EAST,169,TOWNSHIP,RAHMA PRY SCHOOL
8,WAJIR,34,WAJIR EAST,169,TOWNSHIP,ELBAY VILLAGE
8,WAJIR,34,WAJIR EAST,169,TOWNSHIP,FURAHA SEC SCHOOL
8,WAJIR,34,WAJIR EAST,169,TOWNSHIP,SHELETEY MIXED SEC SCHOOL
8,WAJIR,34,WAJIR EAST,169,TOWNSHIP,FURAHA GIRLS SEC SCHOOL
8,WAJIR,34,WAJIR EAST,169,TOWNSHIP,ALI MAOW DISPENSARY
8,WAJIR,34,WAJIR EAST,169,TOWNSHIP,WAJIR FULL PRI SCHOOL
8,WAJIR,34,WAJIR EAST,170,BARWAGO,SABULEY SECONDARY SCHOOL
8,WAJIR,34,WAJIR EAST,170,BARWAGO,GOT ADE PRY SCHOOL
8,WAJIR,34,WAJIR EAST,170,BARWAGO,MAKAROR PRY SCHOOL
8,WAJIR,34,WAJIR EAST,170,BARWAGO,WAJIR GIRLS PRY SCHOOL
8,WAJIR,34,WAJIR EAST,170,BARWAGO,JOGBARU PRY SCHOOL
8,WAJIR,34,WAJIR EAST,170,BARWAGO,LIVESTOCK MKT
8,WAJIR,34,WAJIR EAST,170,BARWAGO,COUNTY COUNCIL MKT
8,WAJIR,34,WAJIR EAST,170,BARWAGO,BARWAGO MIXED SEC SCHOOL
8,WAJIR,34,WAJIR EAST,170,BARWAGO,JOGBARO GIRLS SEC SCHOOL
8,WAJIR,34,WAJIR EAST,170,BARWAGO,BARWAGO HEALTH CENTER
8,WAJIR,34,WAJIR EAST,170,BARWAGO,BANGAL PRIMARY SCHOOL
8,WAJIR,34,WAJIR EAST,170,BARWAGO,BARWAGO GIRLS PRY
8,WAJIR,34,WAJIR EAST,170,BARWAGO,BARWAGO FRESH MARKET
8,WAJIR,34,WAJIR EAST,171,KHOROF/HARAR,KHOROF HARAR PR SCH
8,WAJIR,34,WAJIR EAST,171,KHOROF/HARAR,KHOROF HARAR SEC SCH
8,WAJIR,34,WAJIR EAST,171,KHOROF/HARAR,GUMAREY DAM
8,WAJIR,34,WAJIR EAST,171,KHOROF/HARAR,KONTON PR SCHOOL
8,WAJIR,34,WAJIR EAST,171,KHOROF/HARAR,QARSA PRY SCHOOL
8,WAJIR,34,WAJIR EAST,171,KHOROF/HARAR,RIBA PRY SCHOOL
8,WAJIR,34,WAJIR EAST,171,KHOROF/HARAR,WAJIRBOR PRY SCHOOL
8,WAJIR,34,WAJIR EAST,171,KHOROF/HARAR,HANDAKI EAST
8,WAJIR,34,WAJIR EAST,171,KHOROF/HARAR,STAR WARIO PRY SCHOOL
8,WAJIR,34,WAJIR EAST,171,KHOROF/HARAR,ARBAQERAMSI PRY SCHOOL
8,WAJIR,34,WAJIR EAST,171,KHOROF/HARAR,QAHIRA CENTRE
8,WAJIR,34,WAJIR EAST,171,KHOROF/HARAR,LANBIB PRY SCHOOL
8,WAJIR,34,WAJIR EAST,171,KHOROF/HARAR,AFAR SHANLE PRY SCHOOL
8,WAJIR,34,WAJIR EAST,171,KHOROF/HARAR,JOHAR EAST
8,WAJIR,34,WAJIR EAST,171,KHOROF/HARAR,DASHEGA EAST
8,WAJIR,34,WAJIR EAST,171,KHOROF/HARAR,KAJAJA ONE EAST
8,WAJIR,34,WAJIR EAST,171,KHOROF/HARAR,KAJAJA TWO EAST
8,WAJIR,34,WAJIR EAST,171,KHOROF/HARAR,KOTULO EAST
8,WAJIR,34,WAJIR EAST,171,KHOROF/HARAR,EL-ALI PRIMARY SCHOOL
8,WAJIR,34,WAJIR EAST,171,KHOROF/HARAR,KAFARSA EAST
8,WAJIR,34,WAJIR EAST,171,KHOROF/HARAR,GERILLE EAST
8,WAJIR,34,WAJIR EAST,171,KHOROF/HARAR,BOJI GARAS PRY SCHOOL
8,WAJIR,34,WAJIR EAST,171,KHOROF/HARAR,BULIS KURMAN
8,WAJIR,34,WAJIR EAST,171,KHOROF/HARAR,BALBALA WELLS
8,WAJIR,34,WAJIR EAST,171,KHOROF/HARAR,ABAQFIN PRY SCHOOL
8,WAJIR,34,WAJIR EAST,171,KHOROF/HARAR,JUNCTION
8,WAJIR,34,WAJIR EAST,171,KHOROF/HARAR,BELEDWEIN PRY SCHOOL
8,WAJIR,35,TARBAJ,172,ELBEN,BURMAYO PRY SCHOOL
8,WAJIR,35,TARBAJ,172,ELBEN,DIGA DIGA DAM
8,WAJIR,35,TARBAJ,172,ELBEN,OGARALE PRY SCHOOL
8,WAJIR,35,TARBAJ,172,ELBEN,MANSA PRY SCHOOL
8,WAJIR,35,TARBAJ,172,ELBEN,ABDI GAANEY BORE HOLE
8,WAJIR,35,TARBAJ,172,ELBEN,DURWAY DAM
8,WAJIR,35,TARBAJ,172,ELBEN,ELBEN PRY SCHOOL
8,WAJIR,35,TARBAJ,172,ELBEN,SINGO WELL
8,WAJIR,35,TARBAJ,172,ELBEN,MAJABYAR VILLAGE
8,WAJIR,35,TARBAJ,172,ELBEN,ELBEN DISPENSARY
8,WAJIR,35,TARBAJ,172,ELBEN,SINGOW BOREHOLE
8,WAJIR,35,TARBAJ,172,ELBEN,MANSA SECONDARY
8,WAJIR,35,TARBAJ,173,SARMAN,DAMBAS PRY SCHOOL
8,WAJIR,35,TARBAJ,173,SARMAN,MACHINE BEN PRY SCHOOL
8,WAJIR,35,TARBAJ,173,SARMAN,JAIJAI PRY SCHOOL
8,WAJIR,35,TARBAJ,173,SARMAN,SARMAN PRY SCHOOL
8,WAJIR,35,TARBAJ,173,SARMAN,KUBITULA DAM
8,WAJIR,35,TARBAJ,173,SARMAN,DUNTO PRY SCHOOL
8,WAJIR,35,TARBAJ,173,SARMAN,BASANIJE PRY SCHOOL
8,WAJIR,35,TARBAJ,173,SARMAN,BERJINI DAM
8,WAJIR,35,TARBAJ,173,SARMAN,GUNANA PRY SCHOOL
8,WAJIR,35,TARBAJ,173,SARMAN,DUNTOW DIPENSARY
8,WAJIR,35,TARBAJ,173,SARMAN,SARMAN BOYS SECONDARY
8,WAJIR,35,TARBAJ,173,SARMAN,DAMBAS HEALTH CENTER
8,WAJIR,35,TARBAJ,173,SARMAN,DAMBAS MARKET
8,WAJIR,35,TARBAJ,173,SARMAN,KUBIMANI MADARASATUL SALAM
8,WAJIR,35,TARBAJ,173,SARMAN,BALAD RAHA PRIMARY
8,WAJIR,35,TARBAJ,173,SARMAN,HADADO GOF CENTER
8,WAJIR,35,TARBAJ,174,TARBAJ,TARBAJ PRY SCHOOL
8,WAJIR,35,TARBAJ,174,TARBAJ,TARBAJ LIBRARY
8,WAJIR,35,TARBAJ,174,TARBAJ,HARAGAL PRY SCHOOL
8,WAJIR,35,TARBAJ,174,TARBAJ,MAJABOW PRY SCHOOL
8,WAJIR,35,TARBAJ,174,TARBAJ,DELLA DAM (MOBILE)
8,WAJIR,35,TARBAJ,174,TARBAJ,ELYUNIS PRY SCHOOL
8,WAJIR,35,TARBAJ,174,TARBAJ,BALATUL AMIN PRY SCHOOL
8,WAJIR,35,TARBAJ,174,TARBAJ,HASSAN YARROW PRY SCHOOL
8,WAJIR,35,TARBAJ,174,TARBAJ,DODHA PRY SCHOOL
8,WAJIR,35,TARBAJ,174,TARBAJ,KATOTE PRY SCHOOL
8,WAJIR,35,TARBAJ,174,TARBAJ,LAFALEY PRY SCHOOL
8,WAJIR,35,TARBAJ,174,TARBAJ,JOHAR PRY SCHOOL
8,WAJIR,35,TARBAJ,174,TARBAJ,DASHEG PRY SCHOOL
8,WAJIR,35,TARBAJ,174,TARBAJ,KAJAJA ONE PR Y SCHOOL
8,WAJIR,35,TARBAJ,174,TARBAJ,HARAKOBA DAM
8,WAJIR,35,TARBAJ,174,TARBAJ,AHMED LIBAN SEC SCHOOL
8,WAJIR,35,TARBAJ,174,TARBAJ,DOKSA PRIMARY
8,WAJIR,35,TARBAJ,174,TARBAJ,IILEYS MIXED DAY SECONDARY
8,WAJIR,35,TARBAJ,174,TARBAJ,JOWHAR MIXED DAY SECONDARY
8,WAJIR,35,TARBAJ,174,TARBAJ,HOLOKE CENTER
8,WAJIR,35,TARBAJ,174,TARBAJ,ALANLEY VILLAGE
8,WAJIR,35,TARBAJ,174,TARBAJ,TARBAJ BOYS SECONDARY
8,WAJIR,35,TARBAJ,174,TARBAJ,TARBAJ TECHNICAL TRAINING
8,WAJIR,35,TARBAJ,174,TARBAJ,TARBAJ SLOUGHTER HOUSE
8,WAJIR,35,TARBAJ,174,TARBAJ,FARJANO VILLAGE
8,WAJIR,35,TARBAJ,174,TARBAJ,KATOTE DISPENSARY
8,WAJIR,35,TARBAJ,174,TARBAJ,MADO PRIMARY
8,WAJIR,35,TARBAJ,175,WARGADUD,KUTULO PRY SCHOOL
8,WAJIR,35,TARBAJ,175,WARGADUD,BOJIGARAS PRY SCHOOL
8,WAJIR,35,TARBAJ,175,WARGADUD,EL- KUTULO CENTER
8,WAJIR,35,TARBAJ,175,WARGADUD,LEHELEY CENTRE
8,WAJIR,35,TARBAJ,175,WARGADUD,AUSEMUDULE
8,WAJIR,35,TARBAJ,175,WARGADUD,MAADATHE PRY SCHOOL
8,WAJIR,35,TARBAJ,175,WARGADUD,KAJAJA TWO PRY SCHOOL
8,WAJIR,35,TARBAJ,175,WARGADUD,WARGADUD PRY SCHOOL
8,WAJIR,35,TARBAJ,175,WARGADUD,DALSAN CENTER
8,WAJIR,35,TARBAJ,175,WARGADUD,OGLE MARKET
8,WAJIR,35,TARBAJ,175,WARGADUD,EL-KUSOW VILLAGE
8,WAJIR,35,TARBAJ,175,WARGADUD,KUTULO MIXED SECONDARY
8,WAJIR,35,TARBAJ,175,WARGADUD,KUTULO GIRLS PRIMARY
8,WAJIR,36,WAJIR WEST,176,ARBAJAHAN,ARBAJAHAN PRIMARY
8,WAJIR,36,WAJIR WEST,176,ARBAJAHAN,ADAN AWALE PRIMARY
8,WAJIR,36,WAJIR WEST,176,ARBAJAHAN,GARSEKHOFTU PRIMARY
8,WAJIR,36,WAJIR WEST,176,ARBAJAHAN,GRIFTU PRIMARY
8,WAJIR,36,WAJIR WEST,176,ARBAJAHAN,WELATHI CENTRE
8,WAJIR,36,WAJIR WEST,176,ARBAJAHAN,QARA
8,WAJIR,36,WAJIR WEST,176,ARBAJAHAN,KUBEY SURUR
8,WAJIR,36,WAJIR WEST,176,ARBAJAHAN,KURMAN CENTRE
8,WAJIR,36,WAJIR WEST,176,ARBAJAHAN,HON KHALIF GIRLS SECONDARY
8,WAJIR,36,WAJIR WEST,176,ARBAJAHAN,FOREST PRIMARY
8,WAJIR,36,WAJIR WEST,176,ARBAJAHAN,JAGAHIR DAM
8,WAJIR,36,WAJIR WEST,176,ARBAJAHAN,BAJI MOBILE
8,WAJIR,36,WAJIR WEST,176,ARBAJAHAN,MATHOW PRIMARY
8,WAJIR,36,WAJIR WEST,176,ARBAJAHAN,LANQOD CENTRE
8,WAJIR,36,WAJIR WEST,176,ARBAJAHAN,ARBAJAHAN SECONDARY SCHOOL
8,WAJIR,36,WAJIR WEST,176,ARBAJAHAN,ELDEROW CENTRE
8,WAJIR,36,WAJIR WEST,176,ARBAJAHAN,NUR GOWS PRIMARY SCHOOL
8,WAJIR,36,WAJIR WEST,176,ARBAJAHAN,GARAB BISIQ
8,WAJIR,36,WAJIR WEST,176,ARBAJAHAN,DARUSALAM
8,WAJIR,36,WAJIR WEST,176,ARBAJAHAN,BAJI PRIMARY
8,WAJIR,36,WAJIR WEST,176,ARBAJAHAN,GARSEYKHOFTU SECONDARY
8,WAJIR,36,WAJIR WEST,176,ARBAJAHAN,MADINA
8,WAJIR,36,WAJIR WEST,177,HADADO/ATHIBOHOL,HADADO NORTH PRIMARY
8,WAJIR,36,WAJIR WEST,177,HADADO/ATHIBOHOL,ATHIBOHOLE PRIMARY
8,WAJIR,36,WAJIR WEST,177,HADADO/ATHIBOHOL,JIRA DAM
8,WAJIR,36,WAJIR WEST,177,HADADO/ATHIBOHOL,LOLKUTA NORTH PRIMARY
8,WAJIR,36,WAJIR WEST,177,HADADO/ATHIBOHOL,LAGBOGOL PRIMARY
8,WAJIR,36,WAJIR WEST,177,HADADO/ATHIBOHOL,FATUMA NUR PRIMARY
8,WAJIR,36,WAJIR WEST,177,HADADO/ATHIBOHOL,SHANDARUA
8,WAJIR,36,WAJIR WEST,177,HADADO/ATHIBOHOL,HADADO WABERI
8,WAJIR,36,WAJIR WEST,177,HADADO/ATHIBOHOL,LAGBOGOL SECONDARY
8,WAJIR,36,WAJIR WEST,177,HADADO/ATHIBOHOL,KORICH
8,WAJIR,36,WAJIR WEST,177,HADADO/ATHIBOHOL,BUS BUS PRIMARY
8,WAJIR,36,WAJIR WEST,177,HADADO/ATHIBOHOL,BUKUMA
8,WAJIR,36,WAJIR WEST,177,HADADO/ATHIBOHOL,ELKALI MOBILE
8,WAJIR,36,WAJIR WEST,177,HADADO/ATHIBOHOL,BARAGATHEY
8,WAJIR,36,WAJIR WEST,177,HADADO/ATHIBOHOL,SHEIKH AHMED GARWEINE PRIMARY
8,WAJIR,36,WAJIR WEST,177,HADADO/ATHIBOHOL,HADADO MKT
8,WAJIR,36,WAJIR WEST,177,HADADO/ATHIBOHOL,ATHIBOHOL MKT
8,WAJIR,36,WAJIR WEST,177,HADADO/ATHIBOHOL,OMAR DIGILE PRIMARY
8,WAJIR,36,WAJIR WEST,177,HADADO/ATHIBOHOL,ISAKHIA PRIMARY
8,WAJIR,36,WAJIR WEST,177,HADADO/ATHIBOHOL,GARAB HANSHILEY PRIMARY
8,WAJIR,36,WAJIR WEST,178,ADAMASAJIDE,ADEMASAJIDA PRIMARY
8,WAJIR,36,WAJIR WEST,178,ADAMASAJIDE,LOLKUTA SOUTH PRIMARY
8,WAJIR,36,WAJIR WEST,178,ADAMASAJIDE,HADADO SOUTH PRIMARY
8,WAJIR,36,WAJIR WEST,178,ADAMASAJIDE,HADADO SOUTH MARKET
8,WAJIR,36,WAJIR WEST,178,ADAMASAJIDE,KANCHARA WEST PRIMARY
8,WAJIR,36,WAJIR WEST,178,ADAMASAJIDE,WARA MOBILE
8,WAJIR,36,WAJIR WEST,178,ADAMASAJIDE,KANCHARA NORTH CENTRE
8,WAJIR,36,WAJIR WEST,178,ADAMASAJIDE,GESDOR NURSARY
8,WAJIR,36,WAJIR WEST,178,ADAMASAJIDE,WASO GIRLS PRIMARY
8,WAJIR,36,WAJIR WEST,178,ADAMASAJIDE,ADEMASAJIDA SECONDARY
8,WAJIR,36,WAJIR WEST,178,ADAMASAJIDE,LAGHDIMA PRIMARY
8,WAJIR,36,WAJIR WEST,178,ADAMASAJIDE,GUTICHA
8,WAJIR,36,WAJIR WEST,178,ADAMASAJIDE,LMD PRIMARY
8,WAJIR,36,WAJIR WEST,178,ADAMASAJIDE,BILIQ CENTRE
8,WAJIR,36,WAJIR WEST,178,ADAMASAJIDE,MACANEY CENTRE
8,WAJIR,36,WAJIR WEST,178,ADAMASAJIDE,JIRTOY MOBILE
8,WAJIR,36,WAJIR WEST,178,ADAMASAJIDE,BURIYA DAM
8,WAJIR,36,WAJIR WEST,178,ADAMASAJIDE,RIQA-NORTH CENTRE
8,WAJIR,36,WAJIR WEST,178,ADAMASAJIDE,WELDIRI CENTRE
8,WAJIR,36,WAJIR WEST,178,ADAMASAJIDE,WASO GIRLS SECONDARY
8,WAJIR,36,WAJIR WEST,179,GANYURE/WAGALLA,WAGALLA PRIMARY
8,WAJIR,36,WAJIR WEST,179,GANYURE/WAGALLA,BARMISH CENTRE
8,WAJIR,36,WAJIR WEST,179,GANYURE/WAGALLA,GANYURE PRIMARY
8,WAJIR,36,WAJIR WEST,179,GANYURE/WAGALLA,KUKALE NUR. SCHOOL
8,WAJIR,36,WAJIR WEST,179,GANYURE/WAGALLA,BARMISH NURSARY
8,WAJIR,36,WAJIR WEST,179,GANYURE/WAGALLA,KALKACHA CENTRE
8,WAJIR,36,WAJIR WEST,179,GANYURE/WAGALLA,LAGBOR CENTRE
8,WAJIR,36,WAJIR WEST,179,GANYURE/WAGALLA,BARMISH PRIAMARY
8,WAJIR,36,WAJIR WEST,179,GANYURE/WAGALLA,WASO MIXED SECONDARY
8,WAJIR,36,WAJIR WEST,179,GANYURE/WAGALLA,BADADI
8,WAJIR,36,WAJIR WEST,179,GANYURE/WAGALLA,MAU MAU
8,WAJIR,36,WAJIR WEST,179,GANYURE/WAGALLA,WAGALLA SECONDARY
8,WAJIR,36,WAJIR WEST,179,GANYURE/WAGALLA,BOA PRIMARY
8,WAJIR,36,WAJIR WEST,179,GANYURE/WAGALLA,WACHIR WELLS
8,WAJIR,36,WAJIR WEST,179,GANYURE/WAGALLA,KALKACHA PRIMARY
8,WAJIR,36,WAJIR WEST,179,GANYURE/WAGALLA,SHANTAABAQ PRIMARY
8,WAJIR,36,WAJIR WEST,179,GANYURE/WAGALLA,BOJI PLAIN
8,WAJIR,36,WAJIR WEST,179,GANYURE/WAGALLA,BOJI-HERI NUR. SCHOOL
8,WAJIR,36,WAJIR WEST,179,GANYURE/WAGALLA,WAJIR GIRLS SECONDARY SCHOOL
8,WAJIR,36,WAJIR WEST,179,GANYURE/WAGALLA,MAKAROR SECONDARY
8,WAJIR,36,WAJIR WEST,179,GANYURE/WAGALLA,WAGALLA MEMORIAL ACADEMY
8,WAJIR,36,WAJIR WEST,179,GANYURE/WAGALLA,MAKAROR PRIMARY SCHOOL
8,WAJIR,36,WAJIR WEST,179,GANYURE/WAGALLA,WAGALLA BARAZA PARK
8,WAJIR,36,WAJIR WEST,179,GANYURE/WAGALLA,SHOWLI PRIMARY
8,WAJIR,36,WAJIR WEST,179,GANYURE/WAGALLA,HUTHULE SECONDARY SCHOOL
8,WAJIR,36,WAJIR WEST,179,GANYURE/WAGALLA,BANANE
8,WAJIR,37,ELDAS,180,ELDAS,KILKILEY PRIMARY
8,WAJIR,37,ELDAS,180,ELDAS,MASALALE PRIMARY
8,WAJIR,37,ELDAS,180,ELDAS,ELDAS PRIMARY
8,WAJIR,37,ELDAS,180,ELDAS,DADANTALAI PRIMARY
8,WAJIR,37,ELDAS,180,ELDAS,ELDAS SECONDARY
8,WAJIR,37,ELDAS,180,ELDAS,ELDAS JUA KALI
8,WAJIR,37,ELDAS,180,ELDAS,ELDAS PLOYTECHNIC
8,WAJIR,37,ELDAS,180,ELDAS,BULLA SHAIR
8,WAJIR,37,ELDAS,180,ELDAS,WARGADUD PRIMARY
8,WAJIR,37,ELDAS,180,ELDAS,MALKAGUFU SOUTH
8,WAJIR,37,ELDAS,180,ELDAS,GARSECHUKALA PRIMARY
8,WAJIR,37,ELDAS,180,ELDAS,ARJEG PRIMARY SCHOOL
8,WAJIR,37,ELDAS,180,ELDAS,TOWFIQ CENTRE
8,WAJIR,37,ELDAS,180,ELDAS,ELDAS WAGBERI PRIMARY SCHOOL
8,WAJIR,37,ELDAS,180,ELDAS,BULLA OBEID CENTRE
8,WAJIR,37,ELDAS,180,ELDAS,ELDAS ISLAMIC CENTRE
8,WAJIR,37,ELDAS,180,ELDAS,ELDAS HOSPITAL
8,WAJIR,37,ELDAS,180,ELDAS,BANADIR PRIMARY SCHOOL
8,WAJIR,37,ELDAS,181,DELLA,ANOLE DAM
8,WAJIR,37,ELDAS,181,DELLA,ABDIWAKO PRIMARY
8,WAJIR,37,ELDAS,181,DELLA,DELLA YAREY
8,WAJIR,37,ELDAS,181,DELLA,DELLA PRIMARY
8,WAJIR,37,ELDAS,181,DELLA,HARAGAL DAM WEST
8,WAJIR,37,ELDAS,181,DELLA,ANOLE PRIMARY
8,WAJIR,37,ELDAS,181,DELLA,MAJABOW CENTRE
8,WAJIR,37,ELDAS,181,DELLA,WARADE PRIMARY
8,WAJIR,37,ELDAS,181,DELLA,DELLA SECONDARY SCHOOL
8,WAJIR,37,ELDAS,181,DELLA,HAROTO PRIMARY SCHOOL
8,WAJIR,37,ELDAS,181,DELLA,LANGURA PRIMARY SCHOOL
8,WAJIR,37,ELDAS,181,DELLA,ANOLE SECONDARY SCHOOL
8,WAJIR,37,ELDAS,181,DELLA,JIGJIGA PRIMARY SCHOOL
8,WAJIR,37,ELDAS,181,DELLA,LIBAN PRIMARY SCHOOL
8,WAJIR,37,ELDAS,181,DELLA,ABDIWAKO DISPENSARY
8,WAJIR,37,ELDAS,181,DELLA,YAQO PRIMARY SCHOOL
8,WAJIR,37,ELDAS,182,LAKOLEY SOUTH/BASIR,MASALALE MOBILE
8,WAJIR,37,ELDAS,182,LAKOLEY SOUTH/BASIR,LAKOLE SOUTH PRIMARY
8,WAJIR,37,ELDAS,182,LAKOLEY SOUTH/BASIR,BASIR PRIMARY
8,WAJIR,37,ELDAS,182,LAKOLEY SOUTH/BASIR,BAJI DAM
8,WAJIR,37,ELDAS,182,LAKOLEY SOUTH/BASIR,TITO CENTRE
8,WAJIR,37,ELDAS,182,LAKOLEY SOUTH/BASIR,OROTE PRIMARY SCHOOL
8,WAJIR,37,ELDAS,182,LAKOLEY SOUTH/BASIR,BANANE PRIMARY SCHOOL
8,WAJIR,37,ELDAS,182,LAKOLEY SOUTH/BASIR,DAGAYAR PRIMARY SCHOOL
8,WAJIR,37,ELDAS,182,LAKOLEY SOUTH/BASIR,BASIR DISPENSARY
8,WAJIR,37,ELDAS,183,ELNUR/TULA TULA,GRIFTU SECONDARY
8,WAJIR,37,ELDAS,183,ELNUR/TULA TULA,MATHO DAM
8,WAJIR,37,ELDAS,183,ELNUR/TULA TULA,EL-NUR PRIMARY
8,WAJIR,37,ELDAS,183,ELNUR/TULA TULA,DODHA VILLAGE
8,WAJIR,37,ELDAS,183,ELNUR/TULA TULA,BIAD WATER POINT
8,WAJIR,37,ELDAS,183,ELNUR/TULA TULA,BILADUL AMIN PRIMARY SCHOOL
8,WAJIR,37,ELDAS,183,ELNUR/TULA TULA,TULA-TULA PRIMARY
8,WAJIR,37,ELDAS,183,ELNUR/TULA TULA,ABAQ MATHOBE
8,WAJIR,37,ELDAS,183,ELNUR/TULA TULA,TULA-TULA DAM
8,WAJIR,37,ELDAS,183,ELNUR/TULA TULA,TULA-TULA HEALTH CENTRE
8,WAJIR,37,ELDAS,183,ELNUR/TULA TULA,MIRGO HARUN PRIMARY
8,WAJIR,37,ELDAS,183,ELNUR/TULA TULA,EL-YUNIS CENTRE
8,WAJIR,37,ELDAS,183,ELNUR/TULA TULA,ICF PRIMARY
8,WAJIR,37,ELDAS,183,ELNUR/TULA TULA,TULATULA SECONDARY
8,WAJIR,37,ELDAS,183,ELNUR/TULA TULA,TOWHID PRIMARY SCHOOL
8,WAJIR,37,ELDAS,183,ELNUR/TULA TULA,BULLA MAHADEY PRIMARY SCHOOL
8,WAJIR,37,ELDAS,183,ELNUR/TULA TULA,ELNUR SECONDARY SCHOOL
8,WAJIR,37,ELDAS,183,ELNUR/TULA TULA,BIAD PRIMARY SCHOOL
8,WAJIR,37,ELDAS,183,ELNUR/TULA TULA,TOWFIQ PRIMARY SCHOOL
8,WAJIR,37,ELDAS,183,ELNUR/TULA TULA,TULATULA TOWNSHIP PRIMARY SCHOOL
8,WAJIR,37,ELDAS,183,ELNUR/TULA TULA,FARYAR CENTRE
8,WAJIR,38,WAJIR SOUTH,184,BENANE,FINNI CENTRE
8,WAJIR,38,WAJIR SOUTH,184,BENANE,SABULI PRIMARY SCHOOL
8,WAJIR,38,WAJIR SOUTH,184,BENANE,SABULI DISPENSARY
8,WAJIR,38,WAJIR SOUTH,184,BENANE,OLD BOREHOLE
8,WAJIR,38,WAJIR SOUTH,184,BENANE,DAGAHALEY PRIMARY SCHOOL
8,WAJIR,38,WAJIR SOUTH,184,BENANE,DAGAHALEY BOREHOLE
8,WAJIR,38,WAJIR SOUTH,184,BENANE,SHIMBIRBUL BOREHOLE
8,WAJIR,38,WAJIR SOUTH,184,BENANE,BIYAMADHOW PRIMARY SCHOOL
8,WAJIR,38,WAJIR SOUTH,184,BENANE,BIYAMADHOW DISPENSARY
8,WAJIR,38,WAJIR SOUTH,184,BENANE,TURGUTA CENTRE
8,WAJIR,38,WAJIR SOUTH,184,BENANE,SERIF PRIMARY SCHOOL
8,WAJIR,38,WAJIR SOUTH,184,BENANE,SERIF DISPENSARY
8,WAJIR,38,WAJIR SOUTH,184,BENANE,ILDALATE
8,WAJIR,38,WAJIR SOUTH,184,BENANE,KULMIS CENTRE
8,WAJIR,38,WAJIR SOUTH,184,BENANE,ABDILLE GAB PRIMARY SCHOOL
8,WAJIR,38,WAJIR SOUTH,184,BENANE,LAMBARAHA PRIMARY SCHOOL
8,WAJIR,38,WAJIR SOUTH,184,BENANE,WEL-ARI PRIMARY SCHOOL
8,WAJIR,38,WAJIR SOUTH,184,BENANE,MATHAH BAQAY
8,WAJIR,38,WAJIR SOUTH,184,BENANE,SHIDLEY PRIMARY SCHOOL
8,WAJIR,38,WAJIR SOUTH,184,BENANE,DABLEY CENTRE
8,WAJIR,38,WAJIR SOUTH,184,BENANE,BIYAMADHOW SECONDARY SCHOOL
8,WAJIR,38,WAJIR SOUTH,184,BENANE,DAGAHALEY DISPENSARY
8,WAJIR,38,WAJIR SOUTH,184,BENANE,BENANE SHANTARAL PRIMARY SCHOOL
8,WAJIR,38,WAJIR SOUTH,184,BENANE,ADHAY DHEER BOREHOLE
8,WAJIR,38,WAJIR SOUTH,184,BENANE,SIRIBA PRIMARY SCHOOL
8,WAJIR,38,WAJIR SOUTH,184,BENANE,ABAQ IJABA BOREHOLE
8,WAJIR,38,WAJIR SOUTH,184,BENANE,MUQDHERE BOREHOLE
8,WAJIR,38,WAJIR SOUTH,184,BENANE,Marodiley Primary School
8,WAJIR,38,WAJIR SOUTH,184,BENANE,REYDAB ALAN CENTER
8,WAJIR,38,WAJIR SOUTH,184,BENANE,DAGAHLEY SHEIKH OMAAR SECONDARY
8,WAJIR,38,WAJIR SOUTH,184,BENANE,MIDNIMO PRIMARY SCHOOL
8,WAJIR,38,WAJIR SOUTH,185,BURDER,BURDER PRIMARY SCHOOL
8,WAJIR,38,WAJIR SOUTH,185,BURDER,BURDER DISPENSARY
8,WAJIR,38,WAJIR SOUTH,185,BURDER,SHIMBIREY CENTRE
8,WAJIR,38,WAJIR SOUTH,185,BURDER,IBRAHIM JILIBEY CENTRE
8,WAJIR,38,WAJIR SOUTH,185,BURDER,ABAGDERE PRIMARY SCHOOL
8,WAJIR,38,WAJIR SOUTH,185,BURDER,WELGARASLE DAM
8,WAJIR,38,WAJIR SOUTH,185,BURDER,GULLET DERE DAM
8,WAJIR,38,WAJIR SOUTH,185,BURDER,QOQAR PRIMARY SCHOOL
8,WAJIR,38,WAJIR SOUTH,185,BURDER,RABABALE
8,WAJIR,38,WAJIR SOUTH,185,BURDER,KORSEN CENTRE
8,WAJIR,38,WAJIR SOUTH,185,BURDER,ALGOLE CENTER
8,WAJIR,38,WAJIR SOUTH,185,BURDER,Matatesa Center
8,WAJIR,38,WAJIR SOUTH,186,DADAJA BULLA,GARASKA PRIMARY SCHOOL
8,WAJIR,38,WAJIR SOUTH,186,DADAJA BULLA,DADAJABULLA PRIMARY SCHOOL
8,WAJIR,38,WAJIR SOUTH,186,DADAJA BULLA,DADAJABULLA HEALTH CENTRE
8,WAJIR,38,WAJIR SOUTH,186,DADAJA BULLA,GEDWAB
8,WAJIR,38,WAJIR SOUTH,186,DADAJA BULLA,BARON CENTRE
8,WAJIR,38,WAJIR SOUTH,186,DADAJA BULLA,ELEMA DAGOL
8,WAJIR,38,WAJIR SOUTH,186,DADAJA BULLA,QOOR DUBA CENTRE
8,WAJIR,38,WAJIR SOUTH,186,DADAJA BULLA,LAGDUB CENTER
8,WAJIR,38,WAJIR SOUTH,186,DADAJA BULLA,Haralawayo Primary School
8,WAJIR,38,WAJIR SOUTH,187,HABASSWEIN,KANJARA CENTRE
8,WAJIR,38,WAJIR SOUTH,187,HABASSWEIN,KIWANJA NDEGE PRIMARY SCHOOL
8,WAJIR,38,WAJIR SOUTH,187,HABASSWEIN,HABASWEIN POLYTECHNIC
8,WAJIR,38,WAJIR SOUTH,187,HABASSWEIN,HABASWEIN PRIMARY SCHOOL
8,WAJIR,38,WAJIR SOUTH,187,HABASSWEIN,HABASWEIN GIRLS SECONDARY SCHOOL
8,WAJIR,38,WAJIR SOUTH,187,HABASSWEIN,HABASWEIN BOYS SECONDARY SCHOOL
8,WAJIR,38,WAJIR SOUTH,187,HABASSWEIN,DILMAYALE PRIMARY SCHOOL
8,WAJIR,38,WAJIR SOUTH,187,HABASSWEIN,DULGUB CENTRE
8,WAJIR,38,WAJIR SOUTH,187,HABASSWEIN,DILMANYALE DISPENSARY
8,WAJIR,38,WAJIR SOUTH,187,HABASSWEIN,FADIWEIN CENTRE
8,WAJIR,38,WAJIR SOUTH,187,HABASSWEIN,ABAKORE PRIMARY SCHOOL
8,WAJIR,38,WAJIR SOUTH,187,HABASSWEIN,ABAKORE GIRLS BOARDING
8,WAJIR,38,WAJIR SOUTH,187,HABASSWEIN,ABAKORE SECONDARY SCHOOL
8,WAJIR,38,WAJIR SOUTH,187,HABASSWEIN,ABAKORE DISPENSARY
8,WAJIR,38,WAJIR SOUTH,187,HABASSWEIN,LAFAHA CENTRE
8,WAJIR,38,WAJIR SOUTH,187,HABASSWEIN,MERI PRIMARY SCHOOL
8,WAJIR,38,WAJIR SOUTH,187,HABASSWEIN,AQAL-AR CENTRE
8,WAJIR,38,WAJIR SOUTH,187,HABASSWEIN,DALSAN
8,WAJIR,38,WAJIR SOUTH,187,HABASSWEIN,ASAL CENTRE
8,WAJIR,38,WAJIR SOUTH,187,HABASSWEIN,KARU TRADING CENTRE
8,WAJIR,38,WAJIR SOUTH,187,HABASSWEIN,MATHAH LIBAH PRIMARY
8,WAJIR,38,WAJIR SOUTH,187,HABASSWEIN,ABOORE PRIMARY
8,WAJIR,38,WAJIR SOUTH,187,HABASSWEIN,SAMATAR CENTER
8,WAJIR,38,WAJIR SOUTH,187,HABASSWEIN,AJOF PRIMARY SCHOOL
8,WAJIR,38,WAJIR SOUTH,187,HABASSWEIN,LAGDIMA SOUTH CENTER
8,WAJIR,38,WAJIR SOUTH,188,LAGBOGHOL SOUTH,HARAQOTQOT BOREHOLE
8,WAJIR,38,WAJIR SOUTH,188,LAGBOGHOL SOUTH,TESORE PRIMARY SCHOOL
8,WAJIR,38,WAJIR SOUTH,188,LAGBOGHOL SOUTH,MACHEZA PRIMARY SCHOOL
8,WAJIR,38,WAJIR SOUTH,188,LAGBOGHOL SOUTH,MACHEZA DAM
8,WAJIR,38,WAJIR SOUTH,188,LAGBOGHOL SOUTH,ALI DUMALE PRIMARY SCHOOL
8,WAJIR,38,WAJIR SOUTH,188,LAGBOGHOL SOUTH,EL-GAL PRIMARY SCHOOL
8,WAJIR,38,WAJIR SOUTH,188,LAGBOGHOL SOUTH,LAGBOGHOL SOUTH CENTRE
8,WAJIR,38,WAJIR SOUTH,188,LAGBOGHOL SOUTH,GAMBIS DAM
8,WAJIR,38,WAJIR SOUTH,188,LAGBOGHOL SOUTH,EYRIB DAM
8,WAJIR,38,WAJIR SOUTH,188,LAGBOGHOL SOUTH,HUSSEIN KAMIR
8,WAJIR,38,WAJIR SOUTH,188,LAGBOGHOL SOUTH,BIL-IL BURBUR
8,WAJIR,38,WAJIR SOUTH,188,LAGBOGHOL SOUTH,BOJI YARE SOUTH
8,WAJIR,38,WAJIR SOUTH,188,LAGBOGHOL SOUTH,SUKELA PRIMARY SCHOOL
8,WAJIR,38,WAJIR SOUTH,188,LAGBOGHOL SOUTH,LEHELEY DISPENSARY
8,WAJIR,38,WAJIR SOUTH,188,LAGBOGHOL SOUTH,SHEBA SHEBA PRIMARY SCHOOL
8,WAJIR,38,WAJIR SOUTH,188,LAGBOGHOL SOUTH,MATANA PRIMARY SCHOOL
8,WAJIR,38,WAJIR SOUTH,188,LAGBOGHOL SOUTH,FURMATI PRIMARY SCHOOL
8,WAJIR,38,WAJIR SOUTH,188,LAGBOGHOL SOUTH,QULI HEALTH CENTER
8,WAJIR,38,WAJIR SOUTH,188,LAGBOGHOL SOUTH,HUSSEIN KAMIR BOREHOLE
8,WAJIR,38,WAJIR SOUTH,188,LAGBOGHOL SOUTH,Alan Gonder Center
8,WAJIR,38,WAJIR SOUTH,188,LAGBOGHOL SOUTH,Luqungoraya Primary School
8,WAJIR,38,WAJIR SOUTH,189,IBRAHIM URE,KHUMBI WELLS(MOBILE)
8,WAJIR,38,WAJIR SOUTH,189,IBRAHIM URE,HODHAN DISPENSARY
8,WAJIR,38,WAJIR SOUTH,189,IBRAHIM URE,ABUBAKARI SADIQ PRIMARY
8,WAJIR,38,WAJIR SOUTH,189,IBRAHIM URE,EL-ADO PRIMARY SCHOOL
8,WAJIR,38,WAJIR SOUTH,189,IBRAHIM URE,KULAALEY PRIMARY SCHOOL
8,WAJIR,38,WAJIR SOUTH,189,IBRAHIM URE,ARGANI CENTRE
8,WAJIR,38,WAJIR SOUTH,189,IBRAHIM URE,ARGANI DISPENSARY
8,WAJIR,38,WAJIR SOUTH,189,IBRAHIM URE,IBRAHIM URE CENTRE
8,WAJIR,38,WAJIR SOUTH,189,IBRAHIM URE,HIGLE POST(MOBILE)
8,WAJIR,38,WAJIR SOUTH,189,IBRAHIM URE,HANDAKI DAM
8,WAJIR,38,WAJIR SOUTH,189,IBRAHIM URE,GUBBAMBOW DAM
8,WAJIR,38,WAJIR SOUTH,189,IBRAHIM URE,HUBSOY PRIMARY SCHOOL
8,WAJIR,38,WAJIR SOUTH,189,IBRAHIM URE,MEYGAG CENTRE
8,WAJIR,38,WAJIR SOUTH,189,IBRAHIM URE,NOLEYA PRIMARY SCHOOL
8,WAJIR,38,WAJIR SOUTH,189,IBRAHIM URE,GUGUF MARKET CENTER
8,WAJIR,38,WAJIR SOUTH,189,IBRAHIM URE,AISHA ISMALIC INSTITUTE
8,WAJIR,38,WAJIR SOUTH,189,IBRAHIM URE,WAJIR BOR SOUTH PRIMARY SCHOOL
8,WAJIR,38,WAJIR SOUTH,190,DIIF,AKTALAHEL
8,WAJIR,38,WAJIR SOUTH,190,DIIF,SALALMA PRIMARY SCHOOL
8,WAJIR,38,WAJIR SOUTH,190,DIIF,DIIF PRIMARY SCHOOL
8,WAJIR,38,WAJIR SOUTH,190,DIIF,DIIF HEALTH CENTRE
8,WAJIR,38,WAJIR SOUTH,190,DIIF,DIIF OLD DAM PRIMARY SCHOOL
8,WAJIR,38,WAJIR SOUTH,190,DIIF,HAMBALASH BOREHOLE
8,WAJIR,38,WAJIR SOUTH,190,DIIF,GERILLE DISPENSARY
8,WAJIR,38,WAJIR SOUTH,190,DIIF,DIIF BARAZA PARK
8,WAJIR,38,WAJIR SOUTH,190,DIIF,GERILLE CENTRE
8,WAJIR,38,WAJIR SOUTH,190,DIIF,ALIO ISMAIL CENTRE
8,WAJIR,38,WAJIR SOUTH,190,DIIF,QARURAH PRIMARY SCHOOL
8,WAJIR,38,WAJIR SOUTH,190,DIIF,MADINA PRIMARY SCHOOL
8,WAJIR,38,WAJIR SOUTH,190,DIIF,ABAQ HALUL PRIMARY SCHOOL
8,WAJIR,38,WAJIR SOUTH,190,DIIF,WARA DARSAMA PRIMARY SCHOOL
8,WAJIR,38,WAJIR SOUTH,190,DIIF,Abaqmadobe Primary School
8,WAJIR,38,WAJIR SOUTH,190,DIIF,Jilalow Primary School
9,MANDERA,39,MANDERA WEST,191,TAKABA SOUTH,DIDKURO PRIMARY SCHOOL
9,MANDERA,39,MANDERA WEST,191,TAKABA SOUTH,DUDUBLE PRIMARY SCHOOL
9,MANDERA,39,MANDERA WEST,191,TAKABA SOUTH,WANGAI DAHAN PRIMARY SCHOOL
9,MANDERA,39,MANDERA WEST,191,TAKABA SOUTH,SUKELA QULI PRIMARY SCHOOL
9,MANDERA,39,MANDERA WEST,191,TAKABA SOUTH,KOTKOTO PRIMARY SCHOOL
9,MANDERA,39,MANDERA WEST,191,TAKABA SOUTH,BOLOWLE PRIMARY SCHOOL
9,MANDERA,39,MANDERA WEST,191,TAKABA SOUTH,KOBADADI PRIMARY SCHOOL
9,MANDERA,39,MANDERA WEST,191,TAKABA SOUTH,KOROBO PRIMARY SCHOOL
9,MANDERA,39,MANDERA WEST,191,TAKABA SOUTH,AMASA PRIMARY SCHOOL
9,MANDERA,39,MANDERA WEST,191,TAKABA SOUTH,WAYAM DERA PRIMARY SCHOOL
9,MANDERA,39,MANDERA WEST,191,TAKABA SOUTH,ITILALE PRIMARY SCHOOL
9,MANDERA,39,MANDERA WEST,191,TAKABA SOUTH,GULANI PRIMARY SCHOOL
9,MANDERA,39,MANDERA WEST,191,TAKABA SOUTH,MAJIGARAM PRIMARY SCHOOL
9,MANDERA,39,MANDERA WEST,191,TAKABA SOUTH,AYAN PRIMARY SCHOOL
9,MANDERA,39,MANDERA WEST,191,TAKABA SOUTH,DUDUBLE EAST CHIEF'S OFFICE
9,MANDERA,39,MANDERA WEST,192,TAKABA,KUBDISHAN PRIMARY SCHOOL
9,MANDERA,39,MANDERA WEST,192,TAKABA,ARDA HALO PRIMARY SCHOOL
9,MANDERA,39,MANDERA WEST,192,TAKABA,IYAN ABKULA PRIMARY SCHOOL
9,MANDERA,39,MANDERA WEST,192,TAKABA,BACHILE PRIMARY SCHOOL
9,MANDERA,39,MANDERA WEST,192,TAKABA,ALLOKOBA PRIMARY SCHOOL
9,MANDERA,39,MANDERA WEST,192,TAKABA,TAKABA PRIMARY SCHOOL
9,MANDERA,39,MANDERA WEST,192,TAKABA,ADULT EDUCATION CENTRE
9,MANDERA,39,MANDERA WEST,192,TAKABA,HAJI RASHID PRIMARY SCHOOL
9,MANDERA,39,MANDERA WEST,192,TAKABA,ROCKY HILLS PRIMARY SCHOOL
9,MANDERA,39,MANDERA WEST,192,TAKABA,GUBATU PRIMARY SCHOOL
9,MANDERA,39,MANDERA WEST,192,TAKABA,TAKABA BOYS SECONDARY SCHOOL
9,MANDERA,39,MANDERA WEST,192,TAKABA,BAMBA TAKA PRIMARY SCHOOL
9,MANDERA,39,MANDERA WEST,192,TAKABA,GAMBELA PRIMARY SCHOOL
9,MANDERA,39,MANDERA WEST,192,TAKABA,HAJI YUSSUF GIRLS SECONDARY SCHOOL
9,MANDERA,39,MANDERA WEST,193,LAGSURE,DARWED PRIMARY SCHOOL
9,MANDERA,39,MANDERA WEST,193,LAGSURE,LAG SURE PRIMARY SCHOOL
9,MANDERA,39,MANDERA WEST,193,LAGSURE,AWACHOSAMBUR PRIMARY SCHOOL
9,MANDERA,39,MANDERA WEST,193,LAGSURE,GUTOLE PRIMARY SCHOOL
9,MANDERA,39,MANDERA WEST,193,LAGSURE,MIRDAKAR PRIMARY SCHOOL
9,MANDERA,39,MANDERA WEST,193,LAGSURE,SUKELA QALQALCHA PRIMARY SCHOOL
9,MANDERA,39,MANDERA WEST,193,LAGSURE,QOROBO SAGLAN PRIMARY SCHOOL
9,MANDERA,39,MANDERA WEST,193,LAGSURE,OGODE PRIMARY SCHOOL
9,MANDERA,39,MANDERA WEST,193,LAGSURE,HOOPY PRIMARY SCHOOL
9,MANDERA,39,MANDERA WEST,194,DANDU,IRESTENO PRIMARY SCHOOL
9,MANDERA,39,MANDERA WEST,194,DANDU,KUBI HALO PRIMARY SCHOOL
9,MANDERA,39,MANDERA WEST,194,DANDU,DANDU PRIMARY SCHOOL
9,MANDERA,39,MANDERA WEST,194,DANDU,EL DANABA PRIMARY SCHOOL
9,MANDERA,39,MANDERA WEST,194,DANDU,ALATI DAM MOBILE
9,MANDERA,39,MANDERA WEST,194,DANDU,AWACHOSAQIRA DAM MOBILE
9,MANDERA,39,MANDERA WEST,194,DANDU,KARSA HAMA RPIMARY SCHOOL
9,MANDERA,39,MANDERA WEST,194,DANDU,DIDKOBA PRIMARY SCHOOL
9,MANDERA,39,MANDERA WEST,194,DANDU,DADABO PRIMARY SCHOOL
9,MANDERA,39,MANDERA WEST,194,DANDU,HADA PRIMARY SCHOOL
9,MANDERA,39,MANDERA WEST,194,DANDU,HARBUYO PRIMARY SCHOOL
9,MANDERA,39,MANDERA WEST,194,DANDU,MASHO PRIMARY SCHOOL
9,MANDERA,39,MANDERA WEST,194,DANDU,ARGESA PRIMARY SCHOOL
9,MANDERA,39,MANDERA WEST,194,DANDU,HABARKATU PRIMARY SCHOOL
9,MANDERA,39,MANDERA WEST,194,DANDU,ABKOTE PRIMARY SCHOOL
9,MANDERA,39,MANDERA WEST,194,DANDU,DIRIB MAFUKO PRIMARY SCHOOL
9,MANDERA,39,MANDERA WEST,194,DANDU,HADA DIMTU CENTRE
9,MANDERA,39,MANDERA WEST,195,GITHER,GITHER PRIMARY SCHOOL
9,MANDERA,39,MANDERA WEST,195,GITHER,SAKE CENTRE
9,MANDERA,39,MANDERA WEST,195,GITHER,BURDURAS PRIMARY SCHOOL
9,MANDERA,39,MANDERA WEST,195,GITHER,KARSA DIMA MOBILE
9,MANDERA,39,MANDERA WEST,195,GITHER,SAKE PRIMARY SCHOOL
9,MANDERA,39,MANDERA WEST,195,GITHER,GAGABA PRIMARY SCHOOL
9,MANDERA,39,MANDERA WEST,195,GITHER,TESO RAMO PRIMARY SCHOOL
9,MANDERA,39,MANDERA WEST,195,GITHER,DOBU PRIMARY SCHOOL
9,MANDERA,39,MANDERA WEST,195,GITHER,HARSHILMI PRIMARY SCHOOL
9,MANDERA,39,MANDERA WEST,195,GITHER,MIDINA PRIMARY SCHOOL
9,MANDERA,39,MANDERA WEST,195,GITHER,MUBARAK INTEGRATED PRIMARY SCHOOL
9,MANDERA,39,MANDERA WEST,195,GITHER,MUKUTANO RPIMARY SCHOOL
9,MANDERA,39,MANDERA WEST,195,GITHER,GOBO GALA PRIMARY SCHOOL
9,MANDERA,39,MANDERA WEST,195,GITHER,KALAF PRIMARY SCHOOL
9,MANDERA,39,MANDERA WEST,195,GITHER,KARSA DIMA PRIMARY SCHOOL
9,MANDERA,39,MANDERA WEST,195,GITHER,HARDIMTU PRIMARY SCHOOL
9,MANDERA,39,MANDERA WEST,195,GITHER,MALABA PRIMARY SCHOOL
9,MANDERA,39,MANDERA WEST,195,GITHER,GESREB PRIMARY SCHOOL
9,MANDERA,39,MANDERA WEST,195,GITHER,KINISA PRIMARY SCHOOL
9,MANDERA,39,MANDERA WEST,195,GITHER,SUKELA LOWO PRIMARY SCHOOL
9,MANDERA,39,MANDERA WEST,195,GITHER,DADACH DERA PRIMARY SCHOOL
9,MANDERA,40,BANISSA,196,BANISSA,LULIS PRIMARY SCHOOL
9,MANDERA,40,BANISSA,196,BANISSA,OGONDICHO PRIMARY SCHOOL
9,MANDERA,40,BANISSA,196,BANISSA,BANISA PRIMARY SCHOOL
9,MANDERA,40,BANISSA,196,BANISSA,CHIRACHA PRIMARY SCHOOL
9,MANDERA,40,BANISSA,196,BANISSA,AWAL YATANE PRIMARY SCHOOL
9,MANDERA,40,BANISSA,196,BANISSA,ANTRAK PRIMARY SCHOOL
9,MANDERA,40,BANISSA,196,BANISSA,HAJI MOHAMED GIRA PRIMARY SCHOOL
9,MANDERA,40,BANISSA,196,BANISSA,MERILLE PRIMARY SCHOOL
9,MANDERA,40,BANISSA,196,BANISSA,BANISA VOCATIONAL TECHNIC CENTER
9,MANDERA,40,BANISSA,196,BANISSA,MATAARBA PRIMARY SCHOOL
9,MANDERA,40,BANISSA,196,BANISSA,HARDAWA PRIMARY SCHOOL
9,MANDERA,40,BANISSA,197,DERKHALE,DERKHALE PRIMARY SCHOOL
9,MANDERA,40,BANISSA,197,DERKHALE,TARAMA PRIMARY SCHOOL
9,MANDERA,40,BANISSA,197,DERKHALE,GOLJO PRIMARY SCHOOL
9,MANDERA,40,BANISSA,197,DERKHALE,KUKUB PRIMARY SCHOOL
9,MANDERA,40,BANISSA,197,DERKHALE,BURASHUM PRIMARY SCHOOL
9,MANDERA,40,BANISSA,197,DERKHALE,DIRIBOR PRIMARY SCHOOL
9,MANDERA,40,BANISSA,197,DERKHALE,QOROBO ABEROPRIMARY SCHOOL
9,MANDERA,40,BANISSA,197,DERKHALE,QOROBOSHABA PRIMARY SCHOOL
9,MANDERA,40,BANISSA,197,DERKHALE,DAKAR PRIMARY SCHOOL
9,MANDERA,40,BANISSA,198,GUBA,GUBA PRIMARY SCHOOL
9,MANDERA,40,BANISSA,198,GUBA,CHIRIQO PRIMARY SCHOOL
9,MANDERA,40,BANISSA,198,GUBA,QOTQOT DAM PRIMARY SCHOOL
9,MANDERA,40,BANISSA,198,GUBA,MURAT ELOW CENTRE
9,MANDERA,40,BANISSA,198,GUBA,TARBEY PRIMARY SCHOOL
9,MANDERA,40,BANISSA,198,GUBA,MURITHOW CENTRE
9,MANDERA,40,BANISSA,198,GUBA,JIBAL PRIMARY SCHOOL
9,MANDERA,40,BANISSA,199,MALKAMARI,HULLOW PRIMARY SCHOOL
9,MANDERA,40,BANISSA,199,MALKAMARI,MALKAMARI PRIMARY SCHOOL
9,MANDERA,40,BANISSA,199,MALKAMARI,BISIQ MOBILE
9,MANDERA,40,BANISSA,199,MALKAMARI,MALKA RUQA PRIMARY SCHOOL
9,MANDERA,40,BANISSA,199,MALKAMARI,RAJAU MOBILE
9,MANDERA,40,BANISSA,199,MALKAMARI,BOQON SAAR CENTRE
9,MANDERA,40,BANISSA,199,MALKAMARI,GARAB JIQLE CENTRE
9,MANDERA,40,BANISSA,199,MALKAMARI,DOMAL PRIMARY SCHOOL
9,MANDERA,40,BANISSA,199,MALKAMARI,GOR ATHI PRIMARY SCHOOL
9,MANDERA,40,BANISSA,199,MALKAMARI,ATA-GARBIJA CENTRE
9,MANDERA,40,BANISSA,199,MALKAMARI,SHOBTOY PRIMARY SCHOOL
9,MANDERA,40,BANISSA,199,MALKAMARI,FARJAN PRIMARY SCHOOL
9,MANDERA,40,BANISSA,200,KILIWEHIRI,EYMOLE PRIMARY SCHOOL
9,MANDERA,40,BANISSA,200,KILIWEHIRI,KILIWEHIRI PRIMARY SCHOOL
9,MANDERA,40,BANISSA,200,KILIWEHIRI,AMEYI PRIMARY SCHOOL
9,MANDERA,40,BANISSA,200,KILIWEHIRI,BIRKAN PRIMARY SCHOOL
9,MANDERA,40,BANISSA,200,KILIWEHIRI,UMUR PRIMARY SCHOOL
9,MANDERA,40,BANISSA,200,KILIWEHIRI,DAKA BOR PRIMARY SCHOOL
9,MANDERA,40,BANISSA,200,KILIWEHIRI,FUNAN TESO PRIMARY SCHOOL
9,MANDERA,40,BANISSA,200,KILIWEHIRI,CHABI PRIMARY SCHOOL
9,MANDERA,40,BANISSA,200,KILIWEHIRI,ARDAGARSE PRIMARY SCHOOL
9,MANDERA,40,BANISSA,200,KILIWEHIRI,KHOTKHOT PRIMARY SCHOOL
9,MANDERA,40,BANISSA,200,KILIWEHIRI,DAMBALAGALE PRIMARY SCHOOL
9,MANDERA,40,BANISSA,200,KILIWEHIRI,ACHINI PRIMARY SCHOOL
9,MANDERA,40,BANISSA,200,KILIWEHIRI,KHORGOWLA PRIMARY SCHOOL
9,MANDERA,40,BANISSA,200,KILIWEHIRI,BULAFULAY PRIMARY SCHOOL
9,MANDERA,40,BANISSA,200,KILIWEHIRI,QARARIDERTU PRIMARY SCHOOL
9,MANDERA,40,BANISSA,200,KILIWEHIRI,DARKEN GABA PRIMARY SCHOOL
9,MANDERA,40,BANISSA,200,KILIWEHIRI,GESREBKI PRIMARY SCHOOL
9,MANDERA,40,BANISSA,200,KILIWEHIRI,SENIOR ABDULLAH GIRL SECONDARY SCHOOL
9,MANDERA,40,BANISSA,200,KILIWEHIRI,URILE PRIMARY SCHOOL
9,MANDERA,40,BANISSA,200,KILIWEHIRI,KHABA GUTO PRIMARY SCHOOL
9,MANDERA,41,MANDERA NORTH,201,ASHABITO,ASHABITO PRIMARY SCHOOL
9,MANDERA,41,MANDERA NORTH,201,ASHABITO,DARA FARMA
9,MANDERA,41,MANDERA NORTH,201,ASHABITO,LIBI BUL PRIMARY SCHOOL
9,MANDERA,41,MANDERA NORTH,201,ASHABITO,SIGARE HILLS
9,MANDERA,41,MANDERA NORTH,201,ASHABITO,BAMBO WEST
9,MANDERA,41,MANDERA NORTH,201,ASHABITO,SUKELA TIFNA PRIMARY SCHOOL
9,MANDERA,41,MANDERA NORTH,201,ASHABITO,QURAMATHOW
9,MANDERA,41,MANDERA NORTH,201,ASHABITO,ARDA ARGASU CENTRE
9,MANDERA,41,MANDERA NORTH,201,ASHABITO,BIRE CENTRE
9,MANDERA,41,MANDERA NORTH,201,ASHABITO,WARGADUD DAM
9,MANDERA,41,MANDERA NORTH,201,ASHABITO,KUBI HILLS
9,MANDERA,41,MANDERA NORTH,202,GUTICHA,OLLA PRIMARY SCHOOL
9,MANDERA,41,MANDERA NORTH,202,GUTICHA,KOBAN DAKA
9,MANDERA,41,MANDERA NORTH,202,GUTICHA,BARWAQO PRIMARY SCHOOL
9,MANDERA,41,MANDERA NORTH,202,GUTICHA,SHIR SHIR PRIMARY SCHOOL
9,MANDERA,41,MANDERA NORTH,202,GUTICHA,GOFA PRIMARY SCHOOL
9,MANDERA,41,MANDERA NORTH,202,GUTICHA,QORDOBO NURSERY SCHOOL
9,MANDERA,41,MANDERA NORTH,202,GUTICHA,GUTICHA PRIMARY SCHOOL
9,MANDERA,41,MANDERA NORTH,202,GUTICHA,SAQIRA VILLAGE
9,MANDERA,41,MANDERA NORTH,202,GUTICHA,DARAB ATHATHI PRIMARY SCHOOL
9,MANDERA,41,MANDERA NORTH,202,GUTICHA,KORMA ADOW
9,MANDERA,41,MANDERA NORTH,202,GUTICHA,SARMAN PRIMARY SCHOOL
9,MANDERA,41,MANDERA NORTH,202,GUTICHA,YAQILA FARMS
9,MANDERA,41,MANDERA NORTH,202,GUTICHA,LANQURA PRIMARY SCHOOL
9,MANDERA,41,MANDERA NORTH,202,GUTICHA,ISTANBUL CENTRE
9,MANDERA,41,MANDERA NORTH,202,GUTICHA,DAIDAI PRIMARY SCHOOL
9,MANDERA,41,MANDERA NORTH,202,GUTICHA,SHANDARMOD CENTRE
9,MANDERA,41,MANDERA NORTH,202,GUTICHA,GARABLAQA PRIMARY SCHOOL
9,MANDERA,41,MANDERA NORTH,202,GUTICHA,GARBAB PRIMARY SCHOOL
9,MANDERA,41,MANDERA NORTH,202,GUTICHA,GUMAR CENTRE
9,MANDERA,41,MANDERA NORTH,202,GUTICHA,DILLEY PRIMARY SCHOOL
9,MANDERA,41,MANDERA NORTH,202,GUTICHA,MKUTANO CENTRE
9,MANDERA,41,MANDERA NORTH,202,GUTICHA,JIKOW PRIMARY SCHOOL
9,MANDERA,41,MANDERA NORTH,202,GUTICHA,DAGAHTUR PRIMARY SCHOOL
9,MANDERA,41,MANDERA NORTH,202,GUTICHA,YUUB GELTUR PRIMARY
9,MANDERA,41,MANDERA NORTH,203,MOROTHILE,KUBI PRIMARY SCHOOL
9,MANDERA,41,MANDERA NORTH,203,MOROTHILE,KAJAJA
9,MANDERA,41,MANDERA NORTH,203,MOROTHILE,MOROTHILE PRIMARY SCHOOL
9,MANDERA,41,MANDERA NORTH,203,MOROTHILE,MOROTHILE CHIEF CAMP
9,MANDERA,41,MANDERA NORTH,204,RHAMU,RHAMU PRIMARY SCHOOL
9,MANDERA,41,MANDERA NORTH,204,RHAMU,SHANTOLEY PRIMARY SCHOOL
9,MANDERA,41,MANDERA NORTH,204,RHAMU,GIRISA PRIMARY SCHOOL
9,MANDERA,41,MANDERA NORTH,204,RHAMU,AL-FOWZAN PRIMARY SCHOOL
9,MANDERA,41,MANDERA NORTH,204,RHAMU,TOSSI PRIMARY SCHOOL
9,MANDERA,41,MANDERA NORTH,204,RHAMU,LADENI PRIMARY SCHOOL
9,MANDERA,41,MANDERA NORTH,204,RHAMU,SAAKORA
9,MANDERA,41,MANDERA NORTH,204,RHAMU,SHANQALA PRIMARY SHOOL
9,MANDERA,41,MANDERA NORTH,204,RHAMU,AWARA PRIMARY SCHOOL
9,MANDERA,41,MANDERA NORTH,204,RHAMU,JABI BAR
9,MANDERA,41,MANDERA NORTH,204,RHAMU,ALHIDAYA PRIMARY SCHOOL
9,MANDERA,41,MANDERA NORTH,204,RHAMU,SHEEKOLEY FARMS
9,MANDERA,41,MANDERA NORTH,204,RHAMU,RHAMU DAY SECONDARY SCHOOL
9,MANDERA,41,MANDERA NORTH,204,RHAMU,AL-FURQAN PRIMARY SCHOOL
9,MANDERA,41,MANDERA NORTH,204,RHAMU,RHAMU GIRLS SEC SCHOOL
9,MANDERA,41,MANDERA NORTH,204,RHAMU,ABAKARO PRIMARY SCHOOL
9,MANDERA,41,MANDERA NORTH,204,RHAMU,DARSALAM PRIMARY SCHOOL
9,MANDERA,41,MANDERA NORTH,204,RHAMU,RHAMU POLYTHECNIC
9,MANDERA,41,MANDERA NORTH,204,RHAMU,UPPER HILL PRIMARY SCHOOL
9,MANDERA,41,MANDERA NORTH,204,RHAMU,DAU RIVER DAY SEC SCHOOL
9,MANDERA,41,MANDERA NORTH,204,RHAMU,QODI
9,MANDERA,41,MANDERA NORTH,204,RHAMU,TAWAKAL PRIMARY
9,MANDERA,41,MANDERA NORTH,205,RHAMU-DIMTU,YABICHO A NURSERY
9,MANDERA,41,MANDERA NORTH,205,RHAMU-DIMTU,YABICHO PRIMARY SCHOOL
9,MANDERA,41,MANDERA NORTH,205,RHAMU-DIMTU,KALMALAB
9,MANDERA,41,MANDERA NORTH,205,RHAMU-DIMTU,KALICHA PRIMARY SCHOOL
9,MANDERA,41,MANDERA NORTH,205,RHAMU-DIMTU,MADO WELLS
9,MANDERA,41,MANDERA NORTH,205,RHAMU-DIMTU,RHAMU-DIMTU PRIMARY SCHOOL
9,MANDERA,41,MANDERA NORTH,205,RHAMU-DIMTU,GARSEY PRIMARY SCHOOL
9,MANDERA,41,MANDERA NORTH,205,RHAMU-DIMTU,ADO SADEN
9,MANDERA,41,MANDERA NORTH,205,RHAMU-DIMTU,BUR JOHN PRIMARY SCHOOL
9,MANDERA,41,MANDERA NORTH,205,RHAMU-DIMTU,BALANQA SHALLOW WELLS
9,MANDERA,41,MANDERA NORTH,205,RHAMU-DIMTU,LIBIN GIRLS PRIMARY
9,MANDERA,41,MANDERA NORTH,205,RHAMU-DIMTU,USUBEY CENTER
9,MANDERA,41,MANDERA NORTH,205,RHAMU-DIMTU,DAGAHTUR WATER POINT
9,MANDERA,41,MANDERA NORTH,205,RHAMU-DIMTU,DEGMARER PRIMARY SCHOOL
9,MANDERA,41,MANDERA NORTH,205,RHAMU-DIMTU,BARJIF CENTRE
9,MANDERA,41,MANDERA NORTH,205,RHAMU-DIMTU,GABRAY CENTRE
9,MANDERA,41,MANDERA NORTH,205,RHAMU-DIMTU,HARARE PRIMARY SCHOOL
9,MANDERA,42,MANDERA SOUTH,206,WARGADUD,ELELE PRIMARY SCHOOL
9,MANDERA,42,MANDERA SOUTH,206,WARGADUD,ERES KINTO PRIMARY SCHOOL
9,MANDERA,42,MANDERA SOUTH,206,WARGADUD,HARSANGA PRIMARY SCHOOL
9,MANDERA,42,MANDERA SOUTH,206,WARGADUD,CHIROLE PRIMARY SCHOOL
9,MANDERA,42,MANDERA SOUTH,206,WARGADUD,ARDA QALACHA PRIMARY SCHOOL
9,MANDERA,42,MANDERA SOUTH,206,WARGADUD,ABEY BUQE PRIMARY SCHOOL
9,MANDERA,42,MANDERA SOUTH,206,WARGADUD,WARGADUD PRIMARY SCHOOL
9,MANDERA,42,MANDERA SOUTH,206,WARGADUD,TULI PRIMARY SCHOOL
9,MANDERA,42,MANDERA SOUTH,206,WARGADUD,CORNER S
9,MANDERA,42,MANDERA SOUTH,206,WARGADUD,DAMOG PRIMARY SCHOOL
9,MANDERA,42,MANDERA SOUTH,206,WARGADUD,AWALBANDERA VILLAGE CENTRE
9,MANDERA,42,MANDERA SOUTH,207,KUTULO,NYAT ALIO PRIMARY
9,MANDERA,42,MANDERA SOUTH,207,KUTULO,KUTAYU PRIMARY SCHOOL
9,MANDERA,42,MANDERA SOUTH,207,KUTULO,GOGOGESA SHALLOW WELLS
9,MANDERA,42,MANDERA SOUTH,207,KUTULO,BOJI GARSE PRIMARY SCHOOL
9,MANDERA,42,MANDERA SOUTH,207,KUTULO,GARSESALA HEALTH CENTRE
9,MANDERA,42,MANDERA SOUTH,207,KUTULO,BORE HOLE 11 PRIMARY SCHOOL
9,MANDERA,42,MANDERA SOUTH,207,KUTULO,GODE PRIMARY SCHOOL
9,MANDERA,42,MANDERA SOUTH,207,KUTULO,CHIEF MOHAMED JARI ACADEMY
9,MANDERA,42,MANDERA SOUTH,207,KUTULO,DABACITY PRIMARY SCHOOL
9,MANDERA,42,MANDERA SOUTH,207,KUTULO,DIMU PRIMARY SCHOOL
9,MANDERA,42,MANDERA SOUTH,207,KUTULO,HARAWALE PRIMARY SCHOOL
9,MANDERA,42,MANDERA SOUTH,207,KUTULO,ABE UMUR PRIMARY SCHOOL
9,MANDERA,42,MANDERA SOUTH,207,KUTULO,ELRAMU PRIMARY SCHOOL
9,MANDERA,42,MANDERA SOUTH,207,KUTULO,LEHELE PRIMARY SCHOOL
9,MANDERA,42,MANDERA SOUTH,207,KUTULO,ELKURO
9,MANDERA,42,MANDERA SOUTH,207,KUTULO,OLD KUTULO PRIMARY
9,MANDERA,42,MANDERA SOUTH,207,KUTULO,MITITA PRIMARY SCHOOL
9,MANDERA,42,MANDERA SOUTH,207,KUTULO,MAJANI-DADACH PRIMARY SCHOOL
9,MANDERA,42,MANDERA SOUTH,207,KUTULO,QOBO ECD CENTRE
9,MANDERA,42,MANDERA SOUTH,207,KUTULO,KUTULO MODEL SECONDARY SCHOOL
9,MANDERA,42,MANDERA SOUTH,208,ELWAK SOUTH,ALUWES PRIMARY SCHOOL
9,MANDERA,42,MANDERA SOUTH,208,ELWAK SOUTH,HADA KALO
9,MANDERA,42,MANDERA SOUTH,208,ELWAK SOUTH,QOLATI NURSERY
9,MANDERA,42,MANDERA SOUTH,208,ELWAK SOUTH,ELWAK D. E. B. PRIMARY SCHOOL
9,MANDERA,42,MANDERA SOUTH,208,ELWAK SOUTH,ELWAK GIRLS PRIMARY SCHOOL
9,MANDERA,42,MANDERA SOUTH,208,ELWAK SOUTH,DAWDEER PRIMARY SCHOOL
9,MANDERA,42,MANDERA SOUTH,208,ELWAK SOUTH,MAKUTANO PRIMARY SCHOOL
9,MANDERA,42,MANDERA SOUTH,208,ELWAK SOUTH,ELWAK SECONDARY SCHOOL
9,MANDERA,42,MANDERA SOUTH,208,ELWAK SOUTH,UTHOLE PRIMARY SCHOOL
9,MANDERA,42,MANDERA SOUTH,208,ELWAK SOUTH,WACHILE PRIMARY
9,MANDERA,42,MANDERA SOUTH,208,ELWAK SOUTH,ABABOSONE PRIMARY SCHOOL
9,MANDERA,42,MANDERA SOUTH,208,ELWAK SOUTH,GEED ALO PRIMARY SCHOOL
9,MANDERA,42,MANDERA SOUTH,208,ELWAK SOUTH,ELHAGARSU PRIMARY
9,MANDERA,42,MANDERA SOUTH,208,ELWAK SOUTH,ALUTEIBI PRIMARY SCHOOL
9,MANDERA,42,MANDERA SOUTH,208,ELWAK SOUTH,MOTC CENTRE
9,MANDERA,42,MANDERA SOUTH,208,ELWAK SOUTH,AL-RAWLA PRIMARY
9,MANDERA,42,MANDERA SOUTH,208,ELWAK SOUTH,EL-SAFARA PRIMARY SCHOOL
9,MANDERA,42,MANDERA SOUTH,209,ELWAK NORTH,ERES SUKI PRIMARY SCHOOL
9,MANDERA,42,MANDERA SOUTH,209,ELWAK NORTH,ELGOLICHA PRIMARY SCHOOL
9,MANDERA,42,MANDERA SOUTH,209,ELWAK NORTH,ELGALA PRIMARY SCHOOL
9,MANDERA,42,MANDERA SOUTH,209,ELWAK NORTH,BULLA AFYA YOUTH CENTRE
9,MANDERA,42,MANDERA SOUTH,209,ELWAK NORTH,DASHENG ALANGO WATER POINT
9,MANDERA,42,MANDERA SOUTH,209,ELWAK NORTH,WANTE WATER POINT
9,MANDERA,42,MANDERA SOUTH,209,ELWAK NORTH,YADO CENTER
9,MANDERA,42,MANDERA SOUTH,209,ELWAK NORTH,BULLA AFYA PEIMARY
9,MANDERA,42,MANDERA SOUTH,209,ELWAK NORTH,QURQURA CENTRE
9,MANDERA,42,MANDERA SOUTH,209,ELWAK NORTH,BULLA NGUVU CENTRE
9,MANDERA,42,MANDERA SOUTH,210,SHIMBIR FATUMA,HARBATE PRIMARY SCHOOL
9,MANDERA,42,MANDERA SOUTH,210,SHIMBIR FATUMA,HAJI ABASS PRIMARY SCHOOL
9,MANDERA,42,MANDERA SOUTH,210,SHIMBIR FATUMA,DIDO PRIMARY SCHOOL
9,MANDERA,42,MANDERA SOUTH,210,SHIMBIR FATUMA,BURMAYO SOUTH PRIMARY SCHOOL
9,MANDERA,42,MANDERA SOUTH,210,SHIMBIR FATUMA,SHIMBIR FATUMA PRIMARY SCHOOL
9,MANDERA,42,MANDERA SOUTH,210,SHIMBIR FATUMA,HARADE
9,MANDERA,42,MANDERA SOUTH,210,SHIMBIR FATUMA,QARSA DAMU PRIMARY SCHOOL
9,MANDERA,42,MANDERA SOUTH,210,SHIMBIR FATUMA,QALANQALESA PRIMARY SCHOOL
9,MANDERA,42,MANDERA SOUTH,210,SHIMBIR FATUMA,FINCHARO PRIMARY SCHOOL
9,MANDERA,42,MANDERA SOUTH,210,SHIMBIR FATUMA,EGU DAM
9,MANDERA,42,MANDERA SOUTH,210,SHIMBIR FATUMA,CHACHABOLE PRIMARY SCHOOL
9,MANDERA,42,MANDERA SOUTH,210,SHIMBIR FATUMA,KOB ADADI PRIMARY SCHOOL
9,MANDERA,42,MANDERA SOUTH,210,SHIMBIR FATUMA,ELTUL
9,MANDERA,42,MANDERA SOUTH,210,SHIMBIR FATUMA,TUTES
9,MANDERA,42,MANDERA SOUTH,210,SHIMBIR FATUMA,WAYAMLECHA PRIMARY SCHOOL
9,MANDERA,42,MANDERA SOUTH,210,SHIMBIR FATUMA,HARQURA PRIMARY SCHOOL
9,MANDERA,42,MANDERA SOUTH,210,SHIMBIR FATUMA,CHARIFUDA PRIMARY SCHOOL
9,MANDERA,43,MANDERA EAST,211,ARABIA,OMAR JILLAOW CENTRE
9,MANDERA,43,MANDERA EAST,211,ARABIA,LEDI CENTRE
9,MANDERA,43,MANDERA EAST,211,ARABIA,ARABIA PRIMARY SCHOOL
9,MANDERA,43,MANDERA EAST,211,ARABIA,ODA PRIMARY SCHOOL
9,MANDERA,43,MANDERA EAST,211,ARABIA,FAREY PRIMARY SCHOOL
9,MANDERA,43,MANDERA EAST,211,ARABIA,SAROHINDI PRIMARY SCHOOL
9,MANDERA,43,MANDERA EAST,211,ARABIA,KAMAR BAHAWA
9,MANDERA,43,MANDERA EAST,211,ARABIA,KORJAB FARMS
9,MANDERA,43,MANDERA EAST,211,ARABIA,BERAWYON FARMS
9,MANDERA,43,MANDERA EAST,211,ARABIA,HEGALOW PRIMARY SCHOOL
9,MANDERA,43,MANDERA EAST,211,ARABIA,ARABIA BOYS SECONDARY SCHOOL
9,MANDERA,43,MANDERA EAST,212,TOWNSHIP,ALI IBRAHIM CENTRE
9,MANDERA,43,MANDERA EAST,212,TOWNSHIP,BULLA MPYA PRIMARY SCHOOL
9,MANDERA,43,MANDERA EAST,212,TOWNSHIP,BOKOLO DUSE CENTRE
9,MANDERA,43,MANDERA EAST,212,TOWNSHIP,KAMOR PRIMARY SCHOOL
9,MANDERA,43,MANDERA EAST,212,TOWNSHIP,KHADIJA GIRLS PRIMARY SCHOOL
9,MANDERA,43,MANDERA EAST,212,TOWNSHIP,DUSE PRIMARY SCHOOL
9,MANDERA,43,MANDERA EAST,212,TOWNSHIP,BORDER POINT 1
9,MANDERA,43,MANDERA EAST,212,TOWNSHIP,MANDERA VILLAGE POLY
9,MANDERA,43,MANDERA EAST,212,TOWNSHIP,TOWNSHIP PRIMARY SCHOOL
9,MANDERA,43,MANDERA EAST,212,TOWNSHIP,BURUBURU PRIMARY SCHOOL
9,MANDERA,43,MANDERA EAST,212,TOWNSHIP,KOROMEY PRIMARY SCHOOL
9,MANDERA,43,MANDERA EAST,212,TOWNSHIP,BARWAQO BOYS SECONDARY SCHOOL
9,MANDERA,43,MANDERA EAST,212,TOWNSHIP,BURUBURU GIRLS SECONDARY SCHOOL
9,MANDERA,43,MANDERA EAST,212,TOWNSHIP,JUA KALI CENTRE
9,MANDERA,43,MANDERA EAST,213,NEBOI,LIVESTOCK MARKET
9,MANDERA,43,MANDERA EAST,213,NEBOI,NEBOI PRIMARY SCHOOL
9,MANDERA,43,MANDERA EAST,213,NEBOI,SHAFSHAFEY PRIMARY SCHOOL
9,MANDERA,43,MANDERA EAST,213,NEBOI,D.E.B PRIMARY SCHOOL
9,MANDERA,43,MANDERA EAST,213,NEBOI,BOYS TOWN
9,MANDERA,43,MANDERA EAST,213,NEBOI,MANDERA OPEN AIR MARKET
9,MANDERA,43,MANDERA EAST,213,NEBOI,DAUA INTERGRATED
9,MANDERA,43,MANDERA EAST,213,NEBOI,SHAFSHAFEY BOYS SECONDARY SCHOOL
9,MANDERA,43,MANDERA EAST,213,NEBOI,TAWAKAL PRIMARY SCHOOL
9,MANDERA,43,MANDERA EAST,213,NEBOI,SOCIETY CENTRE
9,MANDERA,43,MANDERA EAST,214,KHALALIO,HARERI HOSLE PRIMARY SCHOOL
9,MANDERA,43,MANDERA EAST,214,KHALALIO,KAMOR ELLE PRIMARY SCHOOL
9,MANDERA,43,MANDERA EAST,214,KHALALIO,HARERI HOSLE MOBILE
9,MANDERA,43,MANDERA EAST,214,KHALALIO,GUDUDIYE PRIMARY SCHOOL
9,MANDERA,43,MANDERA EAST,214,KHALALIO,KHALALIO PRIMARY SCHOOL
9,MANDERA,43,MANDERA EAST,214,KHALALIO,DARIKA PRIMARY SCHOOL
9,MANDERA,43,MANDERA EAST,214,KHALALIO,BELLA PRIMARY SCHOOL
9,MANDERA,43,MANDERA EAST,214,KHALALIO,KARO PRIMARY SCHOOL
9,MANDERA,43,MANDERA EAST,214,KHALALIO,GARBAQOLEY PRIMARY SCHOOL
9,MANDERA,43,MANDERA EAST,214,KHALALIO,GINGO NURSERY
9,MANDERA,43,MANDERA EAST,214,KHALALIO,LAMADID NURSERY
9,MANDERA,43,MANDERA EAST,214,KHALALIO,MALKA GUDUDIYE
9,MANDERA,43,MANDERA EAST,214,KHALALIO,ADAN HIRSI PRIMARY SCHOOL
9,MANDERA,43,MANDERA EAST,214,KHALALIO,MATASAFARA CENTRE
9,MANDERA,43,MANDERA EAST,214,KHALALIO,BUR ABOR PRIMARY SCHOOL
9,MANDERA,43,MANDERA EAST,214,KHALALIO,FIGHO PRIMARY SCHOOL
9,MANDERA,43,MANDERA EAST,214,KHALALIO,BULLA HAJI PRIMARY SCHOOL
9,MANDERA,43,MANDERA EAST,214,KHALALIO,KHALALIO GIRLS SECONDARY SCHOOL
9,MANDERA,43,MANDERA EAST,214,KHALALIO,SHARIFF ILE PRIMARY SCHOOL
9,MANDERA,43,MANDERA EAST,214,KHALALIO,GINGO MARKET
9,MANDERA,43,MANDERA EAST,215,LIBEHIA,ARESA PRIMARY SCHOOL
9,MANDERA,43,MANDERA EAST,215,LIBEHIA,HARERI PRIMARY SCHOOL
9,MANDERA,43,MANDERA EAST,215,LIBEHIA,AMIN GUREY CENTER
9,MANDERA,43,MANDERA EAST,215,LIBEHIA,GUMBISO PRIMARY SCHOOL
9,MANDERA,43,MANDERA EAST,215,LIBEHIA,LIBEHIA PRIMARY SCHOOL
9,MANDERA,43,MANDERA EAST,215,LIBEHIA,QURADER SHALLOW WELLS
9,MANDERA,43,MANDERA EAST,215,LIBEHIA,KAMOR BUHLOW
9,MANDERA,43,MANDERA EAST,215,LIBEHIA,QARARI SHALLOW WELLS
9,MANDERA,43,MANDERA EAST,215,LIBEHIA,ARESA GIRLS SECONDARY SCHOOL
9,MANDERA,43,MANDERA EAST,215,LIBEHIA,HARERI MIXED SECONDARY SCHOOL
9,MANDERA,44,LAFEY,216,SALA,QUALLA WATER POINT
9,MANDERA,44,LAFEY,216,SALA,JABI EAST CENTRE
9,MANDERA,44,LAFEY,216,SALA,MEYGAG PRIMARY SCHOOL
9,MANDERA,44,LAFEY,217,FINO,FINO PRIMARY SCHOOL
9,MANDERA,44,LAFEY,217,FINO,SHEIKH BARROW COMMUNITY HALL
9,MANDERA,44,LAFEY,217,FINO,DAWA DUBA COMMUNITY HALL
9,MANDERA,44,LAFEY,217,FINO,WARTA AAD
9,MANDERA,44,LAFEY,217,FINO,DUNTOW
9,MANDERA,44,LAFEY,217,FINO,FINO YOUTH POLYTECHNIC
9,MANDERA,44,LAFEY,217,FINO,SHEIKH BARROW PRIMARY SCHOOL
9,MANDERA,44,LAFEY,217,FINO,BULLA MAALIM WATER POINT
9,MANDERA,44,LAFEY,218,LAFEY,KABO PRIMARY SCHOOL
9,MANDERA,44,LAFEY,218,LAFEY,KAMOR LIBAN PRIMARY SCHOOL
9,MANDERA,44,LAFEY,218,LAFEY,DAMASA CENTRE
9,MANDERA,44,LAFEY,218,LAFEY,LAFEY PRIMARY SCHOOL
9,MANDERA,44,LAFEY,218,LAFEY,QAHAREY PRIMARY SCHOOL
9,MANDERA,44,LAFEY,218,LAFEY,MANSA WATER POINT
9,MANDERA,44,LAFEY,218,LAFEY,SAQO DAM
9,MANDERA,44,LAFEY,218,LAFEY,HAYLOW DAM
9,MANDERA,44,LAFEY,218,LAFEY,LAFEY MARKET
9,MANDERA,44,LAFEY,218,LAFEY,NURUL YAQIN INTEGRATED
9,MANDERA,44,LAFEY,218,LAFEY,DIGDAR PRIMARY SCHOOL
9,MANDERA,44,LAFEY,218,LAFEY,LAFEY YOUTH POLYTECHNIC
9,MANDERA,44,LAFEY,218,LAFEY,LAFEY BOYS SECONDARY SCHOOL
9,MANDERA,44,LAFEY,218,LAFEY,KABO BOREHOLE
9,MANDERA,44,LAFEY,219,WARANQARA,BAMBO PRIMARY SCHOOL
9,MANDERA,44,LAFEY,219,WARANQARA,BARMILLE CENTRE
9,MANDERA,44,LAFEY,219,WARANQARA,WARANQARA PRIMARY SCHOOL
9,MANDERA,44,LAFEY,219,WARANQARA,KAMOR FARDA WATER POINT
9,MANDERA,44,LAFEY,219,WARANQARA,GARI PRIMARY SCHOOL
9,MANDERA,44,LAFEY,219,WARANQARA,SOGLE CENTRE
9,MANDERA,44,LAFEY,219,WARANQARA,SAFO DAM
9,MANDERA,44,LAFEY,219,WARANQARA,KHEIRA ALI PRIMARY SCHOOL
9,MANDERA,44,LAFEY,219,WARANQARA,HAREY CENTRE
9,MANDERA,44,LAFEY,219,WARANQARA,GOTHEY CENTER
9,MANDERA,44,LAFEY,219,WARANQARA,GARI BOREHOLE
9,MANDERA,44,LAFEY,219,WARANQARA,AHMED ISSACK FARM
9,MANDERA,44,LAFEY,219,WARANQARA,GABANO CENTRE
9,MANDERA,44,LAFEY,219,WARANQARA,BASA JULUN
9,MANDERA,44,LAFEY,220,ALANGO GOF,ALUNGU GOF
9,MANDERA,44,LAFEY,220,ALANGO GOF,ALUNGU PRIMARY SCHOOL
9,MANDERA,44,LAFEY,220,ALANGO GOF,YATHO CENTRE
9,MANDERA,44,LAFEY,220,ALANGO GOF,SHAABAN GEDI
9,MANDERA,44,LAFEY,220,ALANGO GOF,ALUNGU DAM
10,MARSABIT,45,MOYALE,221,BUTIYE,BORI PRIMARY SCHOOL
10,MARSABIT,45,MOYALE,221,BUTIYE,KATE PRIMARY SCHOOL
10,MARSABIT,45,MOYALE,221,BUTIYE,SOMARE PRIMARY SCHOOL
10,MARSABIT,45,MOYALE,221,BUTIYE,BUTIYE PRIMARY SCHOOL
10,MARSABIT,45,MOYALE,221,BUTIYE,MOYALE BOYS' SECONDARY SCHOOL
10,MARSABIT,45,MOYALE,221,BUTIYE,DADACHA LAKOLE PRIMARY SCHOOL
10,MARSABIT,45,MOYALE,221,BUTIYE,KURAA MANYATTA CENTRE
10,MARSABIT,45,MOYALE,221,BUTIYE,MALKA DHOKE MOBILE
10,MARSABIT,45,MOYALE,221,BUTIYE,QILTA PRIMARY SCHOOL
10,MARSABIT,45,MOYALE,221,BUTIYE,BUTIYE NURSERY SCHOOL
10,MARSABIT,45,MOYALE,221,BUTIYE,TESO PRIMARY SCHOOL
10,MARSABIT,45,MOYALE,221,BUTIYE,AROSA PRIMARY SCHOOL
10,MARSABIT,45,MOYALE,221,BUTIYE,MANQATTA MOBILE
10,MARSABIT,45,MOYALE,221,BUTIYE,MAEYI NURSERY
10,MARSABIT,45,MOYALE,222,SOLOLO,SOLOLO PRIMARY SCHOOL
10,MARSABIT,45,MOYALE,222,SOLOLO,MADO ADI PRIMARY SCHOOL
10,MARSABIT,45,MOYALE,222,SOLOLO,WAYE-GODHA PRIMARY SCHOOL
10,MARSABIT,45,MOYALE,222,SOLOLO,ANONA PRIMARY SCHOOL
10,MARSABIT,45,MOYALE,222,SOLOLO,SOLOLO SECONDARY SCHOOL
10,MARSABIT,45,MOYALE,222,SOLOLO,RAMOLE PRIMARY SCHOOL
10,MARSABIT,45,MOYALE,222,SOLOLO,SOLOLO WOMEN GROUP CENTRE
10,MARSABIT,45,MOYALE,222,SOLOLO,GODA LOKO VILLAGE CENTRE
10,MARSABIT,45,MOYALE,222,SOLOLO,MATA SADEN MOBILE
10,MARSABIT,45,MOYALE,222,SOLOLO,ABBO MANYATTA CENTRE
10,MARSABIT,45,MOYALE,222,SOLOLO,ANONA NURSERY SCHOOL
10,MARSABIT,45,MOYALE,222,SOLOLO,SOLOLO MADRASA
10,MARSABIT,45,MOYALE,222,SOLOLO,ARIA MOBILE
10,MARSABIT,45,MOYALE,222,SOLOLO,DR. GURACHA MEMORIAL GIRLS SCHOOL
10,MARSABIT,45,MOYALE,222,SOLOLO,OBBU TECHNICAL
10,MARSABIT,45,MOYALE,223,HEILLU/MANYATTA,MANYATTA BURJI MADRASSA
10,MARSABIT,45,MOYALE,223,HEILLU/MANYATTA,ST.MARY'S PRIMARY SCHOOL
10,MARSABIT,45,MOYALE,223,HEILLU/MANYATTA,HEILU PRIMARY SCHOOL
10,MARSABIT,45,MOYALE,223,HEILLU/MANYATTA,MANSILE PRIMARY SCHOOL
10,MARSABIT,45,MOYALE,223,HEILLU/MANYATTA,K/RASHIDIN PRIMARY SCHOOL
10,MARSABIT,45,MOYALE,223,HEILLU/MANYATTA,HEILU NURSERY SCHOOL
10,MARSABIT,45,MOYALE,223,HEILLU/MANYATTA,FATUL BAHRI MADRASA
10,MARSABIT,45,MOYALE,223,HEILLU/MANYATTA,HEILU SOCIAL HALL
10,MARSABIT,45,MOYALE,223,HEILLU/MANYATTA,MOYALE GIRLS SECONDARY SCHOOL
10,MARSABIT,45,MOYALE,223,HEILLU/MANYATTA,FUNAN DIMO MANYATTA CENTRE
10,MARSABIT,45,MOYALE,224,GOLBO,ODDA PRIMARY SCHOOL
10,MARSABIT,45,MOYALE,224,GOLBO,HADESA NURSERY SCHOOL
10,MARSABIT,45,MOYALE,224,GOLBO,FUNAN NYATTA PRIMARY SCHOOL
10,MARSABIT,45,MOYALE,224,GOLBO,NANA PRIMARY SCHOOL
10,MARSABIT,45,MOYALE,224,GOLBO,YABALO PRIMARY SCHOOL
10,MARSABIT,45,MOYALE,224,GOLBO,GODOMA PRIMARY SCHOOL
10,MARSABIT,45,MOYALE,224,GOLBO,GODOMA DIKO PRIMARY SCHOOL
10,MARSABIT,45,MOYALE,224,GOLBO,GOLLA CENTRE
10,MARSABIT,45,MOYALE,224,GOLBO,DABEL PRIMARY SCHOOL
10,MARSABIT,45,MOYALE,224,GOLBO,DIRR DIMA PRIMARY SCHOOL
10,MARSABIT,45,MOYALE,224,GOLBO,ODDA DISPENSARY
10,MARSABIT,45,MOYALE,224,GOLBO,FUNAN NYATTA WATER POINT
10,MARSABIT,45,MOYALE,224,GOLBO,NANA BORE HOLE
10,MARSABIT,45,MOYALE,224,GOLBO,WALENSU TAKA MOBILE
10,MARSABIT,45,MOYALE,224,GOLBO,GUYO TIMO NURSERY SCHOOL
10,MARSABIT,45,MOYALE,224,GOLBO,DABEL WATER POINT
10,MARSABIT,45,MOYALE,224,GOLBO,ILADU NURSERY SCHOOL
10,MARSABIT,45,MOYALE,224,GOLBO,WATITI PRIMARY SCHOOL
10,MARSABIT,45,MOYALE,224,GOLBO,QALALIWE CENTRE
10,MARSABIT,45,MOYALE,224,GOLBO,MISSA CENTRE
10,MARSABIT,45,MOYALE,224,GOLBO,QOMQOM PRIMARY SCHOOL
10,MARSABIT,45,MOYALE,224,GOLBO,GARSE NURSERY SCHOOL
10,MARSABIT,45,MOYALE,224,GOLBO,GODHE NURSERY SCHOOL
10,MARSABIT,45,MOYALE,224,GOLBO,QOLOBA PRIMARY SCHOOL
10,MARSABIT,45,MOYALE,225,MOYALE TOWNSHIP,MOYALE PRIMARY SCHOOL
10,MARSABIT,45,MOYALE,225,MOYALE TOWNSHIP,AL HUDA PRIMARY SCHOOL
10,MARSABIT,45,MOYALE,225,MOYALE TOWNSHIP,OLD HOSPITAL HALL
10,MARSABIT,45,MOYALE,225,MOYALE TOWNSHIP,ITISAM MADRASA
10,MARSABIT,45,MOYALE,225,MOYALE TOWNSHIP,MOYALE MADRASA
10,MARSABIT,45,MOYALE,225,MOYALE TOWNSHIP,SESSI PRIMARY SCHOOL
10,MARSABIT,45,MOYALE,225,MOYALE TOWNSHIP,MUSLIM PRIMARY SCHOOL
10,MARSABIT,45,MOYALE,225,MOYALE TOWNSHIP,AL AMIN MADRASA
10,MARSABIT,45,MOYALE,225,MOYALE TOWNSHIP,TAQWA MADRASA
10,MARSABIT,45,MOYALE,225,MOYALE TOWNSHIP,GURUMESA DISPENSARY
10,MARSABIT,45,MOYALE,226,URAN,WALDA PRIMARY SCHOOL
10,MARSABIT,45,MOYALE,226,URAN,RAWANA PRIMARY SCHOOL
10,MARSABIT,45,MOYALE,226,URAN,ELLE BORA PRIMARY SCHOOL
10,MARSABIT,45,MOYALE,226,URAN,URAN NURSERY SCHOOL
10,MARSABIT,45,MOYALE,226,URAN,URAN PRIMARY SCHOOL
10,MARSABIT,45,MOYALE,226,URAN,GOLOLE PRIMARY SCHOOL
10,MARSABIT,45,MOYALE,226,URAN,KARBURURI NURSERY SCHOOL
10,MARSABIT,45,MOYALE,226,URAN,YASARE MOBILE
10,MARSABIT,45,MOYALE,226,URAN,DADACH ELELE PRIMARY SCHOOL
10,MARSABIT,45,MOYALE,226,URAN,BUTI MOBILE
10,MARSABIT,45,MOYALE,226,URAN,FUNAN QUMBI PRIMARY SCHOOL
10,MARSABIT,45,MOYALE,226,URAN,BANALE WATER POINT
10,MARSABIT,45,MOYALE,226,URAN,HELLE DIMTU MOBILE
10,MARSABIT,45,MOYALE,226,URAN,URAN GODHA PRIMARY SCHOOL
10,MARSABIT,45,MOYALE,226,URAN,BADANOTA CENTRE
10,MARSABIT,45,MOYALE,226,URAN,QICHA PRIMARY SCHOOL
10,MARSABIT,45,MOYALE,226,URAN,MADO ADI MOBILE
10,MARSABIT,45,MOYALE,226,URAN,GOLOLE NURSERY SCHOOL
10,MARSABIT,45,MOYALE,226,URAN,KARBURURI PRIMARY SCHOOL
10,MARSABIT,45,MOYALE,226,URAN,QONQOMA MOBILE
10,MARSABIT,45,MOYALE,226,URAN,DIRMETTI NURSERY SCHOOL
10,MARSABIT,45,MOYALE,226,URAN,URAN DIDA CENTRE
10,MARSABIT,45,MOYALE,226,URAN,QILTIPE CENTRE
10,MARSABIT,45,MOYALE,226,URAN,GAWALE MOBILE
10,MARSABIT,45,MOYALE,227,OBBU,SOLOLO MAKUTANO PRIMARY SCHOOL
10,MARSABIT,45,MOYALE,227,OBBU,DIBU-DADACHA MOBILE
10,MARSABIT,45,MOYALE,227,OBBU,HAMBALO DISPENSARY
10,MARSABIT,45,MOYALE,227,OBBU,DAMBALA FACHANA PRIMARY SCHOOL
10,MARSABIT,45,MOYALE,227,OBBU,GARBA MOBILE
10,MARSABIT,45,MOYALE,227,OBBU,HOGA MOBILE
10,MARSABIT,45,MOYALE,227,OBBU,BADAN RERO COMMUNITY HALL
10,MARSABIT,45,MOYALE,227,OBBU,MUKH GURRA PRIMARY SCHOOL
10,MARSABIT,45,MOYALE,227,OBBU,SHINYILE MOBILE
10,MARSABIT,45,MOYALE,227,OBBU,MARAM MOBILE
10,MARSABIT,45,MOYALE,227,OBBU,MABLE BALLE MOBILE
10,MARSABIT,45,MOYALE,227,OBBU,KUKU BAR MOBILE
10,MARSABIT,45,MOYALE,227,OBBU,DABIYU MANYATTA CENTRE
10,MARSABIT,45,MOYALE,227,OBBU,GADHA KORMA CENTRE
10,MARSABIT,45,MOYALE,227,OBBU,WAYAAM CENTRE
10,MARSABIT,46,NORTH HORR,228,DUKANA,DUKANA PR. SCH
10,MARSABIT,46,NORTH HORR,228,DUKANA,ELJIBO WATER HOLE
10,MARSABIT,46,NORTH HORR,228,DUKANA,BALESSARU CTR
10,MARSABIT,46,NORTH HORR,228,DUKANA,SABARE CTR
10,MARSABIT,46,NORTH HORR,228,DUKANA,ARABTRIS AP POST
10,MARSABIT,46,NORTH HORR,228,DUKANA,BULLUK AP POST
10,MARSABIT,46,NORTH HORR,228,DUKANA,EL-HADI PRY
10,MARSABIT,46,NORTH HORR,228,DUKANA,DIBANDIBA MANYATTA
10,MARSABIT,46,NORTH HORR,228,DUKANA,RARA MANYATTA
10,MARSABIT,46,NORTH HORR,228,DUKANA,BALESA PR. SCH.
10,MARSABIT,46,NORTH HORR,228,DUKANA,DOSA AFURTOLE MANYATTA
10,MARSABIT,46,NORTH HORR,228,DUKANA,KONYE MANYATTA
10,MARSABIT,46,NORTH HORR,228,DUKANA,GARWOLE PRY
10,MARSABIT,46,NORTH HORR,228,DUKANA,REJICHA MANYATTA
10,MARSABIT,46,NORTH HORR,228,DUKANA,KUBI ADI NURSERY
10,MARSABIT,46,NORTH HORR,228,DUKANA,DOLOLO BOJI MANYATTA
10,MARSABIT,46,NORTH HORR,228,DUKANA,GOFF DUKANA
10,MARSABIT,46,NORTH HORR,228,DUKANA,DIID GOLLA MOBILE
10,MARSABIT,46,NORTH HORR,228,DUKANA,YAA ALGANA
10,MARSABIT,46,NORTH HORR,228,DUKANA,BARANBATE BALESA CENTRE
10,MARSABIT,46,NORTH HORR,228,DUKANA,KILKILE MANYATTA
10,MARSABIT,46,NORTH HORR,228,DUKANA,DUKANA GIRLS PRIMARY SCHOOL
10,MARSABIT,46,NORTH HORR,228,DUKANA,KALESA MANYATTA
10,MARSABIT,46,NORTH HORR,229,MAIKONA,LAG LOKO MOBILE
10,MARSABIT,46,NORTH HORR,229,MAIKONA,HURRI HILLS PR. SCH.
10,MARSABIT,46,NORTH HORR,229,MAIKONA,BURARAT MANYATTA
10,MARSABIT,46,NORTH HORR,229,MAIKONA,BORR MOBILE
10,MARSABIT,46,NORTH HORR,229,MAIKONA,KALACHA PR. SCH.
10,MARSABIT,46,NORTH HORR,229,MAIKONA,KARAWE WELLS
10,MARSABIT,46,NORTH HORR,229,MAIKONA,HILDER NURSERY
10,MARSABIT,46,NORTH HORR,229,MAIKONA,EL GADE PRY
10,MARSABIT,46,NORTH HORR,229,MAIKONA,RAGE PRY
10,MARSABIT,46,NORTH HORR,229,MAIKONA,TULU DIMTU MOBILE
10,MARSABIT,46,NORTH HORR,229,MAIKONA,RAMATA ROBI MANYATTA
10,MARSABIT,46,NORTH HORR,229,MAIKONA,MAIKONA PR. SCH.
10,MARSABIT,46,NORTH HORR,229,MAIKONA,HIYOLE MANYATTA
10,MARSABIT,46,NORTH HORR,229,MAIKONA,ARANO DAM
10,MARSABIT,46,NORTH HORR,229,MAIKONA,BISIK MOBILE
10,MARSABIT,46,NORTH HORR,229,MAIKONA,FOROLE PRY
10,MARSABIT,46,NORTH HORR,229,MAIKONA,SASALA MANYATTA
10,MARSABIT,46,NORTH HORR,229,MAIKONA,EL BOR CENTRE
10,MARSABIT,46,NORTH HORR,229,MAIKONA,SHANKIRA NURSERY
10,MARSABIT,46,NORTH HORR,229,MAIKONA,TORICHA NURSERY
10,MARSABIT,46,NORTH HORR,229,MAIKONA,WARRA MANYATTA
10,MARSABIT,46,NORTH HORR,229,MAIKONA,SELLE HARORESA MOBILE
10,MARSABIT,46,NORTH HORR,229,MAIKONA,ST MARY PRIMARY SCHOOL(HURRI HILLS)
10,MARSABIT,46,NORTH HORR,229,MAIKONA,KURAA WELLS
10,MARSABIT,46,NORTH HORR,229,MAIKONA,DAKANE MOBILE
10,MARSABIT,46,NORTH HORR,229,MAIKONA,CHALBI PR.SCH
10,MARSABIT,46,NORTH HORR,229,MAIKONA,GANDILE NURSERY
10,MARSABIT,46,NORTH HORR,229,MAIKONA,BAS BALESA NUSERY
10,MARSABIT,46,NORTH HORR,229,MAIKONA,ALI BORU NURSERY
10,MARSABIT,46,NORTH HORR,230,TURBI,TURBI PR. SCH.
10,MARSABIT,46,NORTH HORR,230,TURBI,BURGABO PRY
10,MARSABIT,46,NORTH HORR,230,TURBI,TIGO SATELITTE
10,MARSABIT,46,NORTH HORR,230,TURBI,BOJI MANAYATTA
10,MARSABIT,46,NORTH HORR,230,TURBI,BUBISA PR. SCH.
10,MARSABIT,46,NORTH HORR,230,TURBI,SHURA WATER PRY
10,MARSABIT,46,NORTH HORR,230,TURBI,LAGAWACHU MOBILE
10,MARSABIT,46,NORTH HORR,230,TURBI,WOLENA BAYE MANYATTA
10,MARSABIT,46,NORTH HORR,230,TURBI,SAPANSA-AWAL-DILO-MOBILE
10,MARSABIT,46,NORTH HORR,230,TURBI,HORRENDERI MANYATTA
10,MARSABIT,46,NORTH HORR,230,TURBI,DAKANTI MOBILE
10,MARSABIT,46,NORTH HORR,230,TURBI,DHEKUKU MOBILE
10,MARSABIT,46,NORTH HORR,230,TURBI,YAA GALBO MOBILE
10,MARSABIT,46,NORTH HORR,230,TURBI,MUTHE CENTRE
10,MARSABIT,46,NORTH HORR,230,TURBI,KAMBI NYOKA CENTRE
10,MARSABIT,46,NORTH HORR,230,TURBI,DEMO NURSERY
10,MARSABIT,46,NORTH HORR,230,TURBI,KUKUB FAMI NURSERY
10,MARSABIT,46,NORTH HORR,230,TURBI,AWAYE MOBILE
10,MARSABIT,46,NORTH HORR,230,TURBI,YAA ODHOLA MOBILE
10,MARSABIT,46,NORTH HORR,230,TURBI,CHAFA CHACHANE MOBILE
10,MARSABIT,46,NORTH HORR,231,NORTH HORR,GAS PR. SCH.
10,MARSABIT,46,NORTH HORR,231,NORTH HORR,ELTOKOCH WATER HOLE
10,MARSABIT,46,NORTH HORR,231,NORTH HORR,SARIMO MANYATTA
10,MARSABIT,46,NORTH HORR,231,NORTH HORR,KOROMTO MOBILE
10,MARSABIT,46,NORTH HORR,231,NORTH HORR,KETE MANYATTA
10,MARSABIT,46,NORTH HORR,231,NORTH HORR,NORTH HORR PR. SCH.
10,MARSABIT,46,NORTH HORR,231,NORTH HORR,URAN URA MANYATTA
10,MARSABIT,46,NORTH HORR,231,NORTH HORR,WORMO NURSERY
10,MARSABIT,46,NORTH HORR,231,NORTH HORR,EL-BESO PRY
10,MARSABIT,46,NORTH HORR,231,NORTH HORR,DARADE AP POST
10,MARSABIT,46,NORTH HORR,231,NORTH HORR,KARSA GATE
10,MARSABIT,46,NORTH HORR,231,NORTH HORR,HORRI GUNDA NURSERY
10,MARSABIT,46,NORTH HORR,231,NORTH HORR,GORICH NURSERY
10,MARSABIT,46,NORTH HORR,231,NORTH HORR,EL-BORU MAGADO CENTRE
10,MARSABIT,46,NORTH HORR,231,NORTH HORR,MALABOT PRY
10,MARSABIT,46,NORTH HORR,231,NORTH HORR,KORKA PRY
10,MARSABIT,46,NORTH HORR,231,NORTH HORR,SARIMO MOBILE (DARADE)
10,MARSABIT,46,NORTH HORR,231,NORTH HORR,BARCHUM GOS MOBILE
10,MARSABIT,46,NORTH HORR,231,NORTH HORR,EL-ISACKO MALA PRY
10,MARSABIT,46,NORTH HORR,231,NORTH HORR,RUSO PRIMARY SCHOOL
10,MARSABIT,46,NORTH HORR,232,ILLERET,ILLERET PR. SCH.
10,MARSABIT,46,NORTH HORR,232,ILLERET,ALIA BAY WILDLIFE P. HQS.
10,MARSABIT,46,NORTH HORR,232,ILLERET,KOOBI FORA CAMP.
10,MARSABIT,46,NORTH HORR,232,ILLERET,TELESGAYI MANYATTA
10,MARSABIT,46,NORTH HORR,232,ILLERET,OLOLO MANYATTA
10,MARSABIT,46,NORTH HORR,232,ILLERET,ILKIMIRE MANYATTA
10,MARSABIT,46,NORTH HORR,232,ILLERET,ELBOKOCH PRY
10,MARSABIT,46,NORTH HORR,232,ILLERET,DURA MOBILE
10,MARSABIT,46,NORTH HORR,232,ILLERET,KOKOI MOBILE
10,MARSABIT,47,SAKU,233,SAGANTE/JALDESA,MANYATTA JILLO PR. SCH
10,MARSABIT,47,SAKU,233,SAGANTE/JALDESA,ST. PETERS PR. SCH
10,MARSABIT,47,SAKU,233,SAGANTE/JALDESA,GORO RUKESA PR. SCH.
10,MARSABIT,47,SAKU,233,SAGANTE/JALDESA,GAR QARSA PR. SCH
10,MARSABIT,47,SAKU,233,SAGANTE/JALDESA,DIRIB GOMBO PR. SCH
10,MARSABIT,47,SAKU,233,SAGANTE/JALDESA,HEKIMA PR. SCH
10,MARSABIT,47,SAKU,233,SAGANTE/JALDESA,BORU HARO PR. SCH
10,MARSABIT,47,SAKU,233,SAGANTE/JALDESA,BADASA PR. SCH
10,MARSABIT,47,SAKU,233,SAGANTE/JALDESA,SCHEME NUR SCH
10,MARSABIT,47,SAKU,233,SAGANTE/JALDESA,MATAMUKA PRI. SCH
10,MARSABIT,47,SAKU,233,SAGANTE/JALDESA,GOF CHOPA MOBILE
10,MARSABIT,47,SAKU,233,SAGANTE/JALDESA,MWANGAZA PR. SCH
10,MARSABIT,47,SAKU,233,SAGANTE/JALDESA,DIDA ADI NUR SCH
10,MARSABIT,47,SAKU,233,SAGANTE/JALDESA,KUBI QALLO MOBILE
10,MARSABIT,47,SAKU,233,SAGANTE/JALDESA,QACHACHA PRI SCH
10,MARSABIT,47,SAKU,233,SAGANTE/JALDESA,KUBI BAGASA PR. SCH
10,MARSABIT,47,SAKU,233,SAGANTE/JALDESA,JALDESA ONE BOREHOLE
10,MARSABIT,47,SAKU,233,SAGANTE/JALDESA,OLA YAA NUR SCH
10,MARSABIT,47,SAKU,233,SAGANTE/JALDESA,DUB GINDOLE NUR SCH
10,MARSABIT,47,SAKU,233,SAGANTE/JALDESA,DIBAYU NUR SCH
10,MARSABIT,47,SAKU,233,SAGANTE/JALDESA,MANYATTA HARO HUKA AP POST.
10,MARSABIT,47,SAKU,233,SAGANTE/JALDESA,MANYATTA GUYO ARERO
10,MARSABIT,47,SAKU,233,SAGANTE/JALDESA,MANYATTA ILMAN MOLU
10,MARSABIT,47,SAKU,233,SAGANTE/JALDESA,MANYATTA GILLA NUR SCH
10,MARSABIT,47,SAKU,233,SAGANTE/JALDESA,SAKU CENTRE OF EXELLENCY
10,MARSABIT,47,SAKU,233,SAGANTE/JALDESA,DOKATU BORE HALL
10,MARSABIT,47,SAKU,233,SAGANTE/JALDESA,WASAFI MANYATTA
10,MARSABIT,47,SAKU,234,KARARE,HULA HULA PR. SCH.
10,MARSABIT,47,SAKU,234,KARARE,KARANTINA NUR SCH.
10,MARSABIT,47,SAKU,234,KARARE,KARARE PR. SCH
10,MARSABIT,47,SAKU,234,KARARE,PARKISHON PR. SCH
10,MARSABIT,47,SAKU,234,KARARE,KITURUNI PR. SCH.
10,MARSABIT,47,SAKU,234,KARARE,SONGA PR. SCH.
10,MARSABIT,47,SAKU,234,KARARE,LEYAI PR. SCH.
10,MARSABIT,47,SAKU,234,KARARE,LPUS NUR PR. SCH
10,MARSABIT,47,SAKU,234,KARARE,NASIKAKWE MOBILE
10,MARSABIT,47,SAKU,234,KARARE,LAKARTINYA PRI.SCH
10,MARSABIT,47,SAKU,234,KARARE,KARARE MIX SCH.
10,MARSABIT,47,SAKU,234,KARARE,S.K WINGS PR.SCHL
10,MARSABIT,47,SAKU,234,KARARE,LORUKO PR.SCHL
10,MARSABIT,47,SAKU,235,MARSABIT CENTRAL,FATHI MADRASSA
10,MARSABIT,47,SAKU,235,MARSABIT CENTRAL,SAKUU PR. SCH.
10,MARSABIT,47,SAKU,235,MARSABIT CENTRAL,KIWANJA NDEGE PR. SCH.
10,MARSABIT,47,SAKU,235,MARSABIT CENTRAL,OLA DAABA PRI. SCH.
10,MARSABIT,47,SAKU,235,MARSABIT CENTRAL,MARSABIT FULL PR. SCH.
10,MARSABIT,47,SAKU,235,MARSABIT CENTRAL,COMPLEX SOCIAL HALL
10,MARSABIT,47,SAKU,235,MARSABIT CENTRAL,ST. JOHNS PR. SCH.
10,MARSABIT,47,SAKU,235,MARSABIT CENTRAL,S.K.M PR. SCH.
10,MARSABIT,47,SAKU,235,MARSABIT CENTRAL,ALHIDAYA PRI. SCH.
10,MARSABIT,47,SAKU,235,MARSABIT CENTRAL,COMBONI NUR. SCH
10,MARSABIT,47,SAKU,235,MARSABIT CENTRAL,MEMBERS CLUB
10,MARSABIT,47,SAKU,235,MARSABIT CENTRAL,FR. JOHN MEMORIAL PR.SCHL
10,MARSABIT,47,SAKU,235,MARSABIT CENTRAL,TAQWA INTEGRATED MADRASSA
10,MARSABIT,47,SAKU,235,MARSABIT CENTRAL,NAGAYO CHIEF'S OFFICE
10,MARSABIT,47,SAKU,235,MARSABIT CENTRAL,MANYATTA MATO COMMUNITY HALL
10,MARSABIT,47,SAKU,235,MARSABIT CENTRAL,MOUNTAIN CHIEFS' OFFICE
10,MARSABIT,47,SAKU,235,MARSABIT CENTRAL,SHEGEL PR.SCHL
10,MARSABIT,47,SAKU,235,MARSABIT CENTRAL,PEFA CHURCH NUR.SCHL
10,MARSABIT,47,SAKU,235,MARSABIT CENTRAL,MANYATTA KARTASI MADRASSA
10,MARSABIT,47,SAKU,235,MARSABIT CENTRAL,SAKU YOUTH EMPOWERMENT CENTER
10,MARSABIT,47,SAKU,235,MARSABIT CENTRAL,DAKABARICHA DISPENSARY
10,MARSABIT,48,LAISAMIS,236,LOIYANGALANI,OLTUROT PRIMARY SCH.
10,MARSABIT,48,LAISAMIS,236,LOIYANGALANI,GATAB PRIMARY SCH.
10,MARSABIT,48,LAISAMIS,236,LOIYANGALANI,ARAPAL NUR. SCHOOL
10,MARSABIT,48,LAISAMIS,236,LOIYANGALANI,LARACHI CENTRE
10,MARSABIT,48,LAISAMIS,236,LOIYANGALANI,MOITE PRIMARY
10,MARSABIT,48,LAISAMIS,236,LOIYANGALANI,GAS MOBILE
10,MARSABIT,48,LAISAMIS,236,LOIYANGALANI,ELMOLO PRI. SCH
10,MARSABIT,48,LAISAMIS,236,LOIYANGALANI,LOIYANGALANI PRI. SCH.
10,MARSABIT,48,LAISAMIS,236,LOIYANGALANI,SERIMA MOBILE
10,MARSABIT,48,LAISAMIS,236,LOIYANGALANI,LUAI WATER POINT
10,MARSABIT,48,LAISAMIS,236,LOIYANGALANI,LOSIKIRIASH PRI. SCH
10,MARSABIT,48,LAISAMIS,236,LOIYANGALANI,NGOROROI PRY. SCH.
10,MARSABIT,48,LAISAMIS,236,LOIYANGALANI,PALLO MOBILE
10,MARSABIT,48,LAISAMIS,236,LOIYANGALANI,SANTUR PRY SCHOOL
10,MARSABIT,48,LAISAMIS,236,LOIYANGALANI,TITUS MEMORIAL PRY
10,MARSABIT,48,LAISAMIS,236,LOIYANGALANI,MBARNAT NURSERY
10,MARSABIT,48,LAISAMIS,236,LOIYANGALANI,TWO SISTERS PRIMARY SCHOOL
10,MARSABIT,48,LAISAMIS,237,KARGI/SOUTH HORR,KARGI SOC. HALL
10,MARSABIT,48,LAISAMIS,237,KARGI/SOUTH HORR,SEGEL MOBILE
10,MARSABIT,48,LAISAMIS,237,KARGI/SOUTH HORR,OGISHU MOBILE
10,MARSABIT,48,LAISAMIS,237,KARGI/SOUTH HORR,KURKUM PRY
10,MARSABIT,48,LAISAMIS,237,KARGI/SOUTH HORR,SOUTH HORR T. CENTRE
10,MARSABIT,48,LAISAMIS,237,KARGI/SOUTH HORR,TUNGUU NUR. SCHOOL
10,MARSABIT,48,LAISAMIS,237,KARGI/SOUTH HORR,KURUNGU PRIMARY SCH.
10,MARSABIT,48,LAISAMIS,237,KARGI/SOUTH HORR,KOROS WATER POINT
10,MARSABIT,48,LAISAMIS,237,KARGI/SOUTH HORR,ARGE MOBILE
10,MARSABIT,48,LAISAMIS,237,KARGI/SOUTH HORR,GANGEISA PRIMARY SCH.
10,MARSABIT,48,LAISAMIS,237,KARGI/SOUTH HORR,GORLE NUR. SCHOOL
10,MARSABIT,48,LAISAMIS,237,KARGI/SOUTH HORR,KAMBINYE MOBILE
10,MARSABIT,48,LAISAMIS,238,KORR/NGURUNIT,NGURUNIT PRIMARY SCH.
10,MARSABIT,48,LAISAMIS,238,KORR/NGURUNIT,LEPEBENDERA MOBILE
10,MARSABIT,48,LAISAMIS,238,KORR/NGURUNIT,NAMAREI PRIMARY SCH.
10,MARSABIT,48,LAISAMIS,238,KORR/NGURUNIT,LENGIMA PRIMARY
10,MARSABIT,48,LAISAMIS,238,KORR/NGURUNIT,FARAKORE PRY
10,MARSABIT,48,LAISAMIS,238,KORR/NGURUNIT,ILLAUT MOBILE
10,MARSABIT,48,LAISAMIS,238,KORR/NGURUNIT,KORR PRIMARY SCHOOL
10,MARSABIT,48,LAISAMIS,238,KORR/NGURUNIT,BALAH PRIMARY SCHOOL
10,MARSABIT,48,LAISAMIS,238,KORR/NGURUNIT,HALISIRWA MOBILE
10,MARSABIT,48,LAISAMIS,238,KORR/NGURUNIT,MPAKAS PRY
10,MARSABIT,48,LAISAMIS,238,KORR/NGURUNIT,DADABO AGUDHAN MOB.
10,MARSABIT,48,LAISAMIS,238,KORR/NGURUNIT,TIRRIM PRY
10,MARSABIT,48,LAISAMIS,238,KORR/NGURUNIT,BURRI HARAMIA MOBILE
10,MARSABIT,48,LAISAMIS,238,KORR/NGURUNIT,SUNYURO MOBILE
10,MARSABIT,48,LAISAMIS,238,KORR/NGURUNIT,LEKUCHULA PRIMARY
10,MARSABIT,48,LAISAMIS,238,KORR/NGURUNIT,SARAI MANYATTA
10,MARSABIT,48,LAISAMIS,238,KORR/NGURUNIT,NOMADS PRIMARY
10,MARSABIT,48,LAISAMIS,238,KORR/NGURUNIT,ILMODHI NURSERY SCHOOL
10,MARSABIT,48,LAISAMIS,239,LOGO LOGO,SANCHIR WATERPOINT
10,MARSABIT,48,LAISAMIS,239,LOGO LOGO,MARTI NURSERY
10,MARSABIT,48,LAISAMIS,239,LOGO LOGO,LOG LOGO PRIMARY
10,MARSABIT,48,LAISAMIS,239,LOGO LOGO,LOKILELENG NURSERY
10,MARSABIT,48,LAISAMIS,239,LOGO LOGO,ELBAAROK PRIMARY SCHOOL
10,MARSABIT,48,LAISAMIS,239,LOGO LOGO,KAMBOE PRIMARY SCH.
10,MARSABIT,48,LAISAMIS,239,LOGO LOGO,CATHOLIC NURSERY
10,MARSABIT,48,LAISAMIS,239,LOGO LOGO,LESITIMA BOREHOLE
10,MARSABIT,48,LAISAMIS,240,LAISAMIS,LAISAMIS PRIMARY SCH.
10,MARSABIT,48,LAISAMIS,240,LAISAMIS,SILIPANI PRIMARY SCHOOL
10,MARSABIT,48,LAISAMIS,240,LAISAMIS,SAKALDARA PRIMARY SCH
10,MARSABIT,48,LAISAMIS,240,LAISAMIS,TIRGAMO NURSERY
10,MARSABIT,48,LAISAMIS,240,LAISAMIS,HALUGUNDER NUR. SCH.
10,MARSABIT,48,LAISAMIS,240,LAISAMIS,LONTOLIO PRIMARY SCH.
10,MARSABIT,48,LAISAMIS,240,LAISAMIS,LOSIDAN PRIMARY SCHOOL
10,MARSABIT,48,LAISAMIS,240,LAISAMIS,MERILLE PRIMARY SCH.
10,MARSABIT,48,LAISAMIS,240,LAISAMIS,KAMOTONYI PRIMARY SCHOOL
10,MARSABIT,48,LAISAMIS,240,LAISAMIS,SALT LICK CENTRE
10,MARSABIT,48,LAISAMIS,240,LAISAMIS,AMBARA MOBILE
10,MARSABIT,48,LAISAMIS,240,LAISAMIS,SOWETO NURSERY
10,MARSABIT,48,LAISAMIS,240,LAISAMIS,ULAULI SCHOOL
10,MARSABIT,48,LAISAMIS,240,LAISAMIS,NAIRIBI PRIMARY
11,ISIOLO,49,ISIOLO NORTH,241,WABERA,WABERA PRY SCH
11,ISIOLO,49,ISIOLO NORTH,241,WABERA,ST KIZITO PRY SCH
11,ISIOLO,49,ISIOLO NORTH,241,WABERA,RAMADHAN PRY SCH
11,ISIOLO,49,ISIOLO NORTH,241,WABERA,ISIOLO BOYS SEC
11,ISIOLO,49,ISIOLO NORTH,241,WABERA,MWANGAZA PRY SCH
11,ISIOLO,49,ISIOLO NORTH,241,WABERA,KIWANJANI PRY SCH
11,ISIOLO,49,ISIOLO NORTH,241,WABERA,DEAF SCH
11,ISIOLO,49,ISIOLO NORTH,241,WABERA,ACACIA PLAY GROUND
11,ISIOLO,49,ISIOLO NORTH,241,WABERA,ISIOLO STADIUM
11,ISIOLO,49,ISIOLO NORTH,241,WABERA,TULLU ROBA CHIEFS CAMP
11,ISIOLO,49,ISIOLO NORTH,241,WABERA,Isiolo Girls Secondary School
11,ISIOLO,49,ISIOLO NORTH,241,WABERA,Ikhlas Academy
11,ISIOLO,49,ISIOLO NORTH,242,BULLA PESA,BULA MPYA PRY SCH
11,ISIOLO,49,ISIOLO NORTH,242,BULLA PESA,WASO PRY SCH
11,ISIOLO,49,ISIOLO NORTH,242,BULLA PESA,MARIRE NURSERY SCHOOL
11,ISIOLO,49,ISIOLO NORTH,242,BULLA PESA,KAMBI YA JUU NURSERY SCH.
11,ISIOLO,49,ISIOLO NORTH,242,BULLA PESA,BULA PESA WATER KIOSK
11,ISIOLO,49,ISIOLO NORTH,242,BULLA PESA,PEPO LA TUMAINI PRY SCH
11,ISIOLO,49,ISIOLO NORTH,242,BULLA PESA,BULLA PESA DISPENSARY
11,ISIOLO,49,ISIOLO NORTH,242,BULLA PESA,Agricultural Training Centre (Rural)
11,ISIOLO,49,ISIOLO NORTH,243,CHARI,BISAN BILIQO PRY SCH
11,ISIOLO,49,ISIOLO NORTH,243,CHARI,KURO BISAN OWO(HOT SPRING)
11,ISIOLO,49,ISIOLO NORTH,243,CHARI,MADO GURBA HUKA(MOBILE)
11,ISIOLO,49,ISIOLO NORTH,243,CHARI,KOM PRY SCH
11,ISIOLO,49,ISIOLO NORTH,243,CHARI,SABARWAWA WATER PAN (MOBILE)
11,ISIOLO,49,ISIOLO NORTH,243,CHARI,NYACHISA BORE HOLE (MOBILE)
11,ISIOLO,49,ISIOLO NORTH,243,CHARI,BULESA PRY SCH
11,ISIOLO,49,ISIOLO NORTH,243,CHARI,MADO HALKANO(MOBILE)
11,ISIOLO,49,ISIOLO NORTH,243,CHARI,GODA PRY SCH
11,ISIOLO,49,ISIOLO NORTH,243,CHARI,MADO GALLE(MOBILE)
11,ISIOLO,49,ISIOLO NORTH,243,CHARI,BARAMBATE(MOBILE)
11,ISIOLO,49,ISIOLO NORTH,243,CHARI,AWARSITU PRY SCH
11,ISIOLO,49,ISIOLO NORTH,243,CHARI,TUMTU(MOBILE)
11,ISIOLO,49,ISIOLO NORTH,243,CHARI,DIMA ADO PRY SCH.
11,ISIOLO,49,ISIOLO NORTH,244,CHERAB,GAMACHU MUSLIM PRY SCHOOL
11,ISIOLO,49,ISIOLO NORTH,244,CHERAB,MERTI PRY SCH
11,ISIOLO,49,ISIOLO NORTH,244,CHERAB,MERTI MUSLIM PRY SCH
11,ISIOLO,49,ISIOLO NORTH,244,CHERAB,MERTI SEC SCH
11,ISIOLO,49,ISIOLO NORTH,244,CHERAB,MACCI PRY SCH
11,ISIOLO,49,ISIOLO NORTH,244,CHERAB,KHALIFA PRY SCH
11,ISIOLO,49,ISIOLO NORTH,244,CHERAB,SALETI PRY SCH
11,ISIOLO,49,ISIOLO NORTH,244,CHERAB,BORAN(MOBILE)
11,ISIOLO,49,ISIOLO NORTH,244,CHERAB,KORBESA PRY SCH
11,ISIOLO,49,ISIOLO NORTH,244,CHERAB,MATAARBA PRY SCH
11,ISIOLO,49,ISIOLO NORTH,244,CHERAB,MALKAGALLA PRY SCH
11,ISIOLO,49,ISIOLO NORTH,244,CHERAB,DOLOLO DAKIYE PRY SCH
11,ISIOLO,49,ISIOLO NORTH,244,CHERAB,ADE WARABESA PRY SCH
11,ISIOLO,49,ISIOLO NORTH,244,CHERAB,DUMA BOREHOLE
11,ISIOLO,49,ISIOLO NORTH,244,CHERAB,MALGISH(MOBILE)
11,ISIOLO,49,ISIOLO NORTH,244,CHERAB,YAMICHA PRIMARY SCHOOL
11,ISIOLO,49,ISIOLO NORTH,244,CHERAB,DADACHA BASA PRY SCH
11,ISIOLO,49,ISIOLO NORTH,244,CHERAB,URURA BOREHOLE(MOBILE)
11,ISIOLO,49,ISIOLO NORTH,244,CHERAB,DOGOGICHA DAM(MOBILE)
11,ISIOLO,49,ISIOLO NORTH,244,CHERAB,RIGA NURSERY SCH
11,ISIOLO,49,ISIOLO NORTH,244,CHERAB,BILIQI PRI. SCH.
11,ISIOLO,49,ISIOLO NORTH,244,CHERAB,BOJI BOREHOLE(MOBILE)
11,ISIOLO,49,ISIOLO NORTH,244,CHERAB,KULA(MOBILE)
11,ISIOLO,49,ISIOLO NORTH,244,CHERAB,DADACHA LAFE(MOBILE)
11,ISIOLO,49,ISIOLO NORTH,244,CHERAB,MULANDA NURSERY SCH
11,ISIOLO,49,ISIOLO NORTH,244,CHERAB,LAKOLEY PRY SCH
11,ISIOLO,49,ISIOLO NORTH,244,CHERAB,BADAN RARO NURSERY
11,ISIOLO,49,ISIOLO NORTH,245,NGARE MARA,NGARE MARA PRY SCH
11,ISIOLO,49,ISIOLO NORTH,245,NGARE MARA,ATTAN PRY SCH
11,ISIOLO,49,ISIOLO NORTH,245,NGARE MARA,ISIOLO/SAMBURU COMPLEX
11,ISIOLO,49,ISIOLO NORTH,245,NGARE MARA,NAKUPURAT NURSERY SCH
11,ISIOLO,49,ISIOLO NORTH,245,NGARE MARA,DAABA PRI. SCH.
11,ISIOLO,49,ISIOLO NORTH,245,NGARE MARA,GOTU PRY SCH
11,ISIOLO,49,ISIOLO NORTH,245,NGARE MARA,KIWANJA NURSERY SCH
11,ISIOLO,49,ISIOLO NORTH,245,NGARE MARA,MANYATTA ZEBRA NURSERY SCH
11,ISIOLO,49,ISIOLO NORTH,245,NGARE MARA,LOWANGILA PRY SCH
11,ISIOLO,49,ISIOLO NORTH,245,NGARE MARA,Chumvi Yere Primary School
11,ISIOLO,49,ISIOLO NORTH,245,NGARE MARA,Nasuroi Nursery School
11,ISIOLO,49,ISIOLO NORTH,245,NGARE MARA,CHUMVI YARE PRIMARY SCHOOL
11,ISIOLO,49,ISIOLO NORTH,246,BURAT,SHAMBANI PRI. SCH.
11,ISIOLO,49,ISIOLO NORTH,246,BURAT,SAMBURU COMMUNITY SCHOOL
11,ISIOLO,49,ISIOLO NORTH,246,BURAT,AREMIET PRY SCH
11,ISIOLO,49,ISIOLO NORTH,246,BURAT,KILIMANI PRI. SCH.
11,ISIOLO,49,ISIOLO NORTH,246,BURAT,ELSA PRY SCH.
11,ISIOLO,49,ISIOLO NORTH,246,BURAT,LEPARUA PRY SCH.
11,ISIOLO,49,ISIOLO NORTH,246,BURAT,NTALABANY PRY. SCH.
11,ISIOLO,49,ISIOLO NORTH,246,BURAT,KAMBI GARBA PRY SCH
11,ISIOLO,49,ISIOLO NORTH,246,BURAT,UHURU PRY SCH
11,ISIOLO,49,ISIOLO NORTH,246,BURAT,OLLA BULLE NURSERY SCH
11,ISIOLO,49,ISIOLO NORTH,246,BURAT,EMEGEN PRIMARY SCHOOL
11,ISIOLO,49,ISIOLO NORTH,246,BURAT,KAMBI YA JUU PRY SCH
11,ISIOLO,49,ISIOLO NORTH,246,BURAT,OLLA ODHA NURSERY
11,ISIOLO,49,ISIOLO NORTH,246,BURAT,NOMADS PRY SCH
11,ISIOLO,49,ISIOLO NORTH,246,BURAT,ALAMACHI NURSERY SCH
11,ISIOLO,49,ISIOLO NORTH,246,BURAT,KAKILI PRI SCH.
11,ISIOLO,49,ISIOLO NORTH,246,BURAT,Uhuru Mixed Day Secondary School
11,ISIOLO,49,ISIOLO NORTH,247,OLDO/NYIRO,OLDONYIRO PRI. SCH.
11,ISIOLO,49,ISIOLO NORTH,247,OLDO/NYIRO,LONGOPITO LMD OFFICE
11,ISIOLO,49,ISIOLO NORTH,247,OLDO/NYIRO,RUMATE NUR. SCH.
11,ISIOLO,49,ISIOLO NORTH,247,OLDO/NYIRO,KIPSING PRI. SCH.
11,ISIOLO,49,ISIOLO NORTH,247,OLDO/NYIRO,TUALLE PRI. SCH.
11,ISIOLO,49,ISIOLO NORTH,247,OLDO/NYIRO,KAWALASH(MOBILE)
11,ISIOLO,49,ISIOLO NORTH,247,OLDO/NYIRO,NTEPES(MOBILE)
11,ISIOLO,49,ISIOLO NORTH,247,OLDO/NYIRO,LENGURUMA PRY. SCH.
11,ISIOLO,49,ISIOLO NORTH,247,OLDO/NYIRO,RAP PRY SCHOOL
11,ISIOLO,49,ISIOLO NORTH,247,OLDO/NYIRO,LOBARISHEREKI PRY SCH
11,ISIOLO,49,ISIOLO NORTH,247,OLDO/NYIRO,PARKURUK PRY SCHOOL
11,ISIOLO,49,ISIOLO NORTH,247,OLDO/NYIRO,NTUNDU (MOBILE)
11,ISIOLO,49,ISIOLO NORTH,247,OLDO/NYIRO,LEMORIJO (MOBILE)
11,ISIOLO,49,ISIOLO NORTH,247,OLDO/NYIRO,MOKORI NURSERY SCH
11,ISIOLO,49,ISIOLO NORTH,247,OLDO/NYIRO,NDUGU ZANGU PRY SCH
11,ISIOLO,49,ISIOLO NORTH,247,OLDO/NYIRO,LEGWENYI PRY SCH
11,ISIOLO,49,ISIOLO NORTH,247,OLDO/NYIRO,NOOLOROI PRY SCH
11,ISIOLO,50,ISIOLO SOUTH,248,GARBATULLA,GARBATULLA DAY PRIMARY SCHOOL
11,ISIOLO,50,ISIOLO SOUTH,248,GARBATULLA,DAAWA PRIMARY SCHOOL
11,ISIOLO,50,ISIOLO SOUTH,248,GARBATULLA,MATAGARI PRIMARY SCHOOL
11,ISIOLO,50,ISIOLO SOUTH,248,GARBATULLA,NAGAA PRIMARY SCHOOL
11,ISIOLO,50,ISIOLO SOUTH,248,GARBATULLA,MALKA-DAKA PRIMARY SCHOOL
11,ISIOLO,50,ISIOLO SOUTH,248,GARBATULLA,KURO MUMME MOBILE
11,ISIOLO,50,ISIOLO SOUTH,248,GARBATULLA,KUROFTU MOLLU(MOBILE)
11,ISIOLO,50,ISIOLO SOUTH,248,GARBATULLA,GAFARSA PRIMARY SCHOOL
11,ISIOLO,50,ISIOLO SOUTH,248,GARBATULLA,IRES KALICHA MADRASSA
11,ISIOLO,50,ISIOLO SOUTH,248,GARBATULLA,MUCHURO PRIMARY SCHOOL
11,ISIOLO,50,ISIOLO SOUTH,248,GARBATULLA,KOMBOLLA PRIMARY SCHOOL
11,ISIOLO,50,ISIOLO SOUTH,248,GARBATULLA,BELGESH PRIMARY SCHOOL
11,ISIOLO,50,ISIOLO SOUTH,248,GARBATULLA,BISANADHI PRIMARY
11,ISIOLO,50,ISIOLO SOUTH,248,GARBATULLA,BOJI PRIMARY SCHOOL
11,ISIOLO,50,ISIOLO SOUTH,248,GARBATULLA,TANA NURSERY SCHOOL
11,ISIOLO,50,ISIOLO SOUTH,248,GARBATULLA,ABAGARSE PRY SCHOOL
11,ISIOLO,50,ISIOLO SOUTH,249,KINNA,MADO YAKA (ABAKIRI) PRIMARY SCHOOL
11,ISIOLO,50,ISIOLO SOUTH,249,KINNA,YAK BARSADI PRIMARY SCHOOL
11,ISIOLO,50,ISIOLO SOUTH,249,KINNA,KULA MAWE PRIMARY SCHOOL
11,ISIOLO,50,ISIOLO SOUTH,249,KINNA,DABASITI PRIMARY SCHOOL
11,ISIOLO,50,ISIOLO SOUTH,249,KINNA,KURO BARATA MOBILE
11,ISIOLO,50,ISIOLO SOUTH,249,KINNA,ALGANI GIRLS PRIMARY SCHOOL
11,ISIOLO,50,ISIOLO SOUTH,249,KINNA,GALMA DIDO PRIMARY SCHOOL
11,ISIOLO,50,ISIOLO SOUTH,249,KINNA,KINNA PRIMARY SCHOOL
11,ISIOLO,50,ISIOLO SOUTH,249,KINNA,RAPSU PRIMARY SCHOOL
11,ISIOLO,50,ISIOLO SOUTH,249,KINNA,KORBESA PRIMARY
11,ISIOLO,50,ISIOLO SOUTH,249,KINNA,BIBI WATER SUPPLY
11,ISIOLO,50,ISIOLO SOUTH,249,KINNA,WAKO WARIO PRIMARY SCHOOL
11,ISIOLO,50,ISIOLO SOUTH,249,KINNA,KOTICHA PRY SCHOOL
11,ISIOLO,50,ISIOLO SOUTH,249,KINNA,KULAMAWE DAY SECONDAY SCHOOL
11,ISIOLO,50,ISIOLO SOUTH,249,KINNA,KINNA SOCIAL HALL
11,ISIOLO,50,ISIOLO SOUTH,249,KINNA,KUBI SERA
11,ISIOLO,50,ISIOLO SOUTH,250,SERICHO,MALKA MANSA PRY
11,ISIOLO,50,ISIOLO SOUTH,250,SERICHO,ERESABORU PRIMARY SCHOOL
11,ISIOLO,50,ISIOLO SOUTH,250,SERICHO,FORORSA MOBILE
11,ISIOLO,50,ISIOLO SOUTH,250,SERICHO,BADANA GARADIDA PRIMARY SCHOOL
11,ISIOLO,50,ISIOLO SOUTH,250,SERICHO,BILIQ NURU PRIMARY SCHOOL
11,ISIOLO,50,ISIOLO SOUTH,250,SERICHO,SERICHO PRIMARY SCHOOL
11,ISIOLO,50,ISIOLO SOUTH,250,SERICHO,QONE VILLAGE
11,ISIOLO,50,ISIOLO SOUTH,250,SERICHO,MAKARIM PRIMARY SCHOOL
11,ISIOLO,50,ISIOLO SOUTH,250,SERICHO,OMARA PRIMARY SCHOOL
11,ISIOLO,50,ISIOLO SOUTH,250,SERICHO,BARRIER VILLAGE
11,ISIOLO,50,ISIOLO SOUTH,250,SERICHO,ELDERA PRIMARY SCHOOL
11,ISIOLO,50,ISIOLO SOUTH,250,SERICHO,HAWAYE WELLS MOBILE
11,ISIOLO,50,ISIOLO SOUTH,250,SERICHO,BELGESH DAM (MOBILE)
11,ISIOLO,50,ISIOLO SOUTH,250,SERICHO,MOGORE PRIMARY
11,ISIOLO,50,ISIOLO SOUTH,250,SERICHO,BAHARI GIRLS PRY SCHOOL
12,MERU,51,IGEMBE SOUTH,251,MAUA,MAUA STADIUM
12,MERU,51,IGEMBE SOUTH,251,MAUA,MAUA GIRLS HIGH SCHOOL
12,MERU,51,IGEMBE SOUTH,251,MAUA,MAUA TEA BANDA
12,MERU,51,IGEMBE SOUTH,251,MAUA,KILALAI PRIMARY SCHOOL
12,MERU,51,IGEMBE SOUTH,251,MAUA,GITURA PRIMARY SCHOOL
12,MERU,51,IGEMBE SOUTH,251,MAUA,KATHIMA PRIMARY SCHOOL
12,MERU,51,IGEMBE SOUTH,251,MAUA,KITHETU PRIMARY SCHOOL
12,MERU,51,IGEMBE SOUTH,251,MAUA,ANKURANI PRIMARY SCHOOL
12,MERU,51,IGEMBE SOUTH,251,MAUA,MAKUTANO NURSERY SCHOOL
12,MERU,51,IGEMBE SOUTH,251,MAUA,KITHAENE NURSERY SCHOOL
12,MERU,51,IGEMBE SOUTH,251,MAUA,UBAAYA NURSERY SCHOOL
12,MERU,51,IGEMBE SOUTH,251,MAUA,KITHETU OPEN AIR MARKET
12,MERU,51,IGEMBE SOUTH,251,MAUA,MAUA METHODIST HOSPITAL COMPOUND
12,MERU,51,IGEMBE SOUTH,251,MAUA,KILULI VOICE OF SALVATION CHURCH
12,MERU,51,IGEMBE SOUTH,251,MAUA,MAUA YOUTH EMPOWERMENT CENTRE
12,MERU,51,IGEMBE SOUTH,252,KIEGOI/ANTUBOCHIU,NTINGIRAI TEA BUYING CENTRE
12,MERU,51,IGEMBE SOUTH,252,KIEGOI/ANTUBOCHIU,KIEGOI TEA BUYING CENTRE
12,MERU,51,IGEMBE SOUTH,252,KIEGOI/ANTUBOCHIU,NDUME TEA BUYING CENTRE
12,MERU,51,IGEMBE SOUTH,252,KIEGOI/ANTUBOCHIU,KANDU TEA BUYING CENTRE
12,MERU,51,IGEMBE SOUTH,252,KIEGOI/ANTUBOCHIU,LUBUENE TEA BUYING CENTRE
12,MERU,51,IGEMBE SOUTH,252,KIEGOI/ANTUBOCHIU,KANTHIARI COFFEE FACTORY
12,MERU,51,IGEMBE SOUTH,252,KIEGOI/ANTUBOCHIU,ITUMBI PRIMARY SCHOOL
12,MERU,51,IGEMBE SOUTH,252,KIEGOI/ANTUBOCHIU,GITUMI PRIMARY SCHOOL
12,MERU,51,IGEMBE SOUTH,252,KIEGOI/ANTUBOCHIU,KIEGOI PRIMARY SCHOOL
12,MERU,51,IGEMBE SOUTH,252,KIEGOI/ANTUBOCHIU,KIBILAKU PRIMARY SCHOOL
12,MERU,51,IGEMBE SOUTH,252,KIEGOI/ANTUBOCHIU,NTINGIRAI PRIMARY SCHOOL
12,MERU,51,IGEMBE SOUTH,252,KIEGOI/ANTUBOCHIU,MPURINE PRIMARY SCHOOL
12,MERU,51,IGEMBE SOUTH,252,KIEGOI/ANTUBOCHIU,KINYANKA PRIMARY SCHOOL
12,MERU,51,IGEMBE SOUTH,252,KIEGOI/ANTUBOCHIU,AUKI PRIMARY SCHOOL
12,MERU,51,IGEMBE SOUTH,252,KIEGOI/ANTUBOCHIU,LULUMA PRIMARY SCHOOL
12,MERU,51,IGEMBE SOUTH,252,KIEGOI/ANTUBOCHIU,URA PRIMARY SCHOOL
12,MERU,51,IGEMBE SOUTH,252,KIEGOI/ANTUBOCHIU,ANTUBOCHIU TEA BUYING CENTRE
12,MERU,51,IGEMBE SOUTH,252,KIEGOI/ANTUBOCHIU,ANTUBOCHIU PRIMARY SCHOOL
12,MERU,51,IGEMBE SOUTH,252,KIEGOI/ANTUBOCHIU,MAKIRI COFFEE FACTORY
12,MERU,51,IGEMBE SOUTH,252,KIEGOI/ANTUBOCHIU,KIOME EAPC CHURCH COMPOUND
12,MERU,51,IGEMBE SOUTH,252,KIEGOI/ANTUBOCHIU,MAUA YOUTH POLYTECHNIC
12,MERU,51,IGEMBE SOUTH,252,KIEGOI/ANTUBOCHIU,GITERETU EAPC
12,MERU,51,IGEMBE SOUTH,252,KIEGOI/ANTUBOCHIU,NGAWENE TBC
12,MERU,51,IGEMBE SOUTH,252,KIEGOI/ANTUBOCHIU,NKAA TBC
12,MERU,51,IGEMBE SOUTH,252,KIEGOI/ANTUBOCHIU,ATULI TBC
12,MERU,51,IGEMBE SOUTH,253,ATHIRU GAITI,KANIECHUNGE NURSERY SCHOOL
12,MERU,51,IGEMBE SOUTH,253,ATHIRU GAITI,GANTUTUNE NURSERY SCHOOL
12,MERU,51,IGEMBE SOUTH,253,ATHIRU GAITI,ANTUBANKUI PRIMARY SCHOOL
12,MERU,51,IGEMBE SOUTH,253,ATHIRU GAITI,MURUMUNE NURSERY SCHOOL
12,MERU,51,IGEMBE SOUTH,253,ATHIRU GAITI,NKARIA PRIMARY SCHOOL
12,MERU,51,IGEMBE SOUTH,253,ATHIRU GAITI,KIGUMA CIIRI PRIMARY SCHOOL
12,MERU,51,IGEMBE SOUTH,253,ATHIRU GAITI,ATHIRU GAITI PRIMARY SCHOOL
12,MERU,51,IGEMBE SOUTH,253,ATHIRU GAITI,AKUI PRIMARY SCHOOL
12,MERU,51,IGEMBE SOUTH,253,ATHIRU GAITI,KARURUNE PRIMARY SCHOOL
12,MERU,51,IGEMBE SOUTH,253,ATHIRU GAITI,IKINGO PRIMARY SCHOOL
12,MERU,51,IGEMBE SOUTH,253,ATHIRU GAITI,KAREMBWINE PRIMARY SCHOOL
12,MERU,51,IGEMBE SOUTH,253,ATHIRU GAITI,LAKATHI PRIMARY SCHOOL
12,MERU,51,IGEMBE SOUTH,253,ATHIRU GAITI,KILILI PRIMARY SCHOOL
12,MERU,51,IGEMBE SOUTH,253,ATHIRU GAITI,THUBAI PRIMARY SCHOOL
12,MERU,51,IGEMBE SOUTH,253,ATHIRU GAITI,NGONGO KALAMA NURSERY
12,MERU,51,IGEMBE SOUTH,253,ATHIRU GAITI,KALULI OPEN AIR MARKET
12,MERU,51,IGEMBE SOUTH,253,ATHIRU GAITI,KITHANGA PRIMARY SCHOOL
12,MERU,51,IGEMBE SOUTH,253,ATHIRU GAITI,ATHIRU GAITI OPEN AIR MARKET
12,MERU,51,IGEMBE SOUTH,253,ATHIRU GAITI,ANJARU NURSERY SCHOOL
12,MERU,51,IGEMBE SOUTH,253,ATHIRU GAITI,KIRAONE HEALTH CENTRE COMPOUND
12,MERU,51,IGEMBE SOUTH,253,ATHIRU GAITI,KIAMIRINGA OPEN AIR MARKET
12,MERU,51,IGEMBE SOUTH,253,ATHIRU GAITI,KINDANI OPEN AIR MARKET
12,MERU,51,IGEMBE SOUTH,253,ATHIRU GAITI,NGURUMA ASSISTANT CHIEFS' OFFICE
12,MERU,51,IGEMBE SOUTH,253,ATHIRU GAITI,THURIA METHODIST CHURCH OF KENYA
12,MERU,51,IGEMBE SOUTH,253,ATHIRU GAITI,KATHANGALINE NEW APOSTOLIC CHURCH
12,MERU,51,IGEMBE SOUTH,253,ATHIRU GAITI,IRUMA NEW APOSTOLIC CHURCH
12,MERU,51,IGEMBE SOUTH,254,AKACHIU,KAMBENE PRIMARY SCHOOL
12,MERU,51,IGEMBE SOUTH,254,AKACHIU,RIAKI PRIMARY SCHOOL
12,MERU,51,IGEMBE SOUTH,254,AKACHIU,AMWAMBA PRIMARY SCHOOL
12,MERU,51,IGEMBE SOUTH,254,AKACHIU,NCEME PRIMARY SCHOOL
12,MERU,51,IGEMBE SOUTH,254,AKACHIU,KAMBURU PRIMARY SCHOOL
12,MERU,51,IGEMBE SOUTH,254,AKACHIU,RYENYA PRIMARY SCHOOL
12,MERU,51,IGEMBE SOUTH,254,AKACHIU,ATHI PRIMARY SCHOOL
12,MERU,51,IGEMBE SOUTH,254,AKACHIU,MUTHIRU PRIMARY SCHOOL
12,MERU,51,IGEMBE SOUTH,254,AKACHIU,TIIRA PRIMARY SCHOOL
12,MERU,51,IGEMBE SOUTH,254,AKACHIU,AMUNJU PRIMARY SCHOOL
12,MERU,51,IGEMBE SOUTH,254,AKACHIU,GIIKA PRIMARY SCHOOL
12,MERU,51,IGEMBE SOUTH,254,AKACHIU,UGOTI PRIMARY SCHOOL
12,MERU,51,IGEMBE SOUTH,254,AKACHIU,RIIGI PRIMARY SCHOOL
12,MERU,51,IGEMBE SOUTH,254,AKACHIU,KALAMENE HEALTH CENTRE
12,MERU,51,IGEMBE SOUTH,254,AKACHIU,MUTIOKIAMA HEALTH CENTER
12,MERU,51,IGEMBE SOUTH,254,AKACHIU,URA TEA BUYING CENTRE
12,MERU,51,IGEMBE SOUTH,254,AKACHIU,AMUNJU METHODIST CHURCH COMPOUND
12,MERU,51,IGEMBE SOUTH,254,AKACHIU,CHOI TEA BUYING CENTER
12,MERU,51,IGEMBE SOUTH,254,AKACHIU,ANTUAMUO TEA BUYING CENTER
12,MERU,51,IGEMBE SOUTH,254,AKACHIU,NKINJA PRIMARY SCHOOL
12,MERU,51,IGEMBE SOUTH,254,AKACHIU,MUNYARIKI PRIMARY SCHOOL
12,MERU,51,IGEMBE SOUTH,254,AKACHIU,AMWAMBA S.D.A PRIMARY SCHOOL
12,MERU,51,IGEMBE SOUTH,254,AKACHIU,KIALE T.B.C
12,MERU,51,IGEMBE SOUTH,254,AKACHIU,GATAI T.B.C
12,MERU,51,IGEMBE SOUTH,255,KANUNI,AMUNG'ENTI PRIMARY SCHOOL
12,MERU,51,IGEMBE SOUTH,255,KANUNI,MURUA PRIMARY SCHOOL
12,MERU,51,IGEMBE SOUTH,255,KANUNI,ABUURI PRIMARY SCHOOL
12,MERU,51,IGEMBE SOUTH,255,KANUNI,KARUMARU PRIMARY SCHOOL
12,MERU,51,IGEMBE SOUTH,255,KANUNI,ATHIMBA PRIMARY SCHOOL
12,MERU,51,IGEMBE SOUTH,255,KANUNI,ANTUAMBUI PRIMARY SCHOOL
12,MERU,51,IGEMBE SOUTH,255,KANUNI,NKIENE PRIMARY SCHOOL
12,MERU,51,IGEMBE SOUTH,255,KANUNI,KIANDA PRIMARY SCHOOL
12,MERU,51,IGEMBE SOUTH,255,KANUNI,THAICU PRIMARY SCHOOL
12,MERU,51,IGEMBE SOUTH,255,KANUNI,IGEMBE SECONDARY SCHOOL
12,MERU,51,IGEMBE SOUTH,255,KANUNI,KATHAMBI PRIMARY SCHOOL
12,MERU,51,IGEMBE SOUTH,255,KANUNI,KIZIMANI PRIMARY SCHOOL
12,MERU,51,IGEMBE SOUTH,255,KANUNI,ANTUBEIGA NURSERY SCHOOL
12,MERU,51,IGEMBE SOUTH,255,KANUNI,KIGURU PRIMARY SCHOOL
12,MERU,51,IGEMBE SOUTH,255,KANUNI,NTHERONE PRIMARY SCHOOL
12,MERU,51,IGEMBE SOUTH,255,KANUNI,KANUNI OPEN AIR MARKET.
12,MERU,51,IGEMBE SOUTH,255,KANUNI,MUKWEONE EAPC CHURCH COMPOUND
12,MERU,51,IGEMBE SOUTH,255,KANUNI,TUMTUM EAPC
12,MERU,52,IGEMBE CENTRAL,256,AKIRANG'ONDU,KATHELWA PRIMARY SCHOOL
12,MERU,52,IGEMBE CENTRAL,256,AKIRANG'ONDU,K.K. NANGA PRIMARY SCHOOL
12,MERU,52,IGEMBE CENTRAL,256,AKIRANG'ONDU,NKOE PRIMARY SCHOOL
12,MERU,52,IGEMBE CENTRAL,256,AKIRANG'ONDU,LIMBUKU PRIMARY SCHOOL
12,MERU,52,IGEMBE CENTRAL,256,AKIRANG'ONDU,MACHUNGULU PRIMARY SCHOOL
12,MERU,52,IGEMBE CENTRAL,256,AKIRANG'ONDU,MURINGINENE PRIMARY SCHOOL
12,MERU,52,IGEMBE CENTRAL,256,AKIRANG'ONDU,MWERENE PRIMARY SCHOOL
12,MERU,52,IGEMBE CENTRAL,256,AKIRANG'ONDU,TUURU PRIMARY SCHOOL
12,MERU,52,IGEMBE CENTRAL,256,AKIRANG'ONDU,MWERONGAI PRIMARY SCHOOL
12,MERU,52,IGEMBE CENTRAL,256,AKIRANG'ONDU,NGUTHUKI PRIMARY SCHOOL
12,MERU,52,IGEMBE CENTRAL,256,AKIRANG'ONDU,ST. MARY S PRIMARY SCHOOL
12,MERU,52,IGEMBE CENTRAL,256,AKIRANG'ONDU,MUKORENE PRIMARY SCHOOL
12,MERU,52,IGEMBE CENTRAL,256,AKIRANG'ONDU,GITUINE TEA B.CTR
12,MERU,52,IGEMBE CENTRAL,256,AKIRANG'ONDU,KARAMA ANTUAMUO PRIMARY SCHOOL
12,MERU,52,IGEMBE CENTRAL,256,AKIRANG'ONDU,MPOROKO PRIMARY SCHOOL
12,MERU,52,IGEMBE CENTRAL,256,AKIRANG'ONDU,LIMBUKU NURSERY SCHOOL
12,MERU,52,IGEMBE CENTRAL,256,AKIRANG'ONDU,IRINDII BAPTIST NURSERY SCHOOL
12,MERU,52,IGEMBE CENTRAL,256,AKIRANG'ONDU,KATHELWA CATHOLIC NURSERY SCHOOL
12,MERU,52,IGEMBE CENTRAL,256,AKIRANG'ONDU,GITUINE AIPCA NURSERY SCHOOL
12,MERU,52,IGEMBE CENTRAL,256,AKIRANG'ONDU,KIANI KIA MUUTI OPEN AIR MARKET
12,MERU,52,IGEMBE CENTRAL,256,AKIRANG'ONDU,K.K MWERE PRIMARY SCHOOL
12,MERU,52,IGEMBE CENTRAL,256,AKIRANG'ONDU,AKIRANG'ONDU BOYS SECONDARY SCHOOL
12,MERU,52,IGEMBE CENTRAL,256,AKIRANG'ONDU,K.K CATTLE DIP
12,MERU,52,IGEMBE CENTRAL,257,ATHIRU RUUJINE,KIANI KIA AARU PRIMARY SCHOOL
12,MERU,52,IGEMBE CENTRAL,257,ATHIRU RUUJINE,KALANKWARE PRIMARY SCHOOL
12,MERU,52,IGEMBE CENTRAL,257,ATHIRU RUUJINE,KANATHU PRIMARY SCHOOL
12,MERU,52,IGEMBE CENTRAL,257,ATHIRU RUUJINE,THIMBILI PRIMARY SCHOOL
12,MERU,52,IGEMBE CENTRAL,257,ATHIRU RUUJINE,ATHIRU RUUJINE PRIMARY SCHOOL
12,MERU,52,IGEMBE CENTRAL,257,ATHIRU RUUJINE,KALUCHU NURSERY SCHOOL
12,MERU,52,IGEMBE CENTRAL,257,ATHIRU RUUJINE,KIBULINE NURSERY SCHOOL
12,MERU,52,IGEMBE CENTRAL,257,ATHIRU RUUJINE,KARAMA TEA B.CTR
12,MERU,52,IGEMBE CENTRAL,257,ATHIRU RUUJINE,MATIRINE PRIMARY SCHOOL
12,MERU,52,IGEMBE CENTRAL,257,ATHIRU RUUJINE,BAIBARIU PRIMARY SCHOOL
12,MERU,52,IGEMBE CENTRAL,257,ATHIRU RUUJINE,KATHITHINE PRIMARY SCHOOL
12,MERU,52,IGEMBE CENTRAL,257,ATHIRU RUUJINE,KAWIRU PRIMARY SCHOOL
12,MERU,52,IGEMBE CENTRAL,257,ATHIRU RUUJINE,KAMIRURU PRIMARY SCHOOL
12,MERU,52,IGEMBE CENTRAL,257,ATHIRU RUUJINE,AKUUNE PRIMARY SCHOOL
12,MERU,52,IGEMBE CENTRAL,257,ATHIRU RUUJINE,KABUKURO PRIMARY SCHOOL
12,MERU,52,IGEMBE CENTRAL,257,ATHIRU RUUJINE,MURERA PRIMARY SCHOOL
12,MERU,52,IGEMBE CENTRAL,257,ATHIRU RUUJINE,NKANGA PRIMARY SCHOOL
12,MERU,52,IGEMBE CENTRAL,257,ATHIRU RUUJINE,KALUI PRIMARY SCHOOL
12,MERU,52,IGEMBE CENTRAL,257,ATHIRU RUUJINE,THIMBILI SECONDARY SCHOOL
12,MERU,52,IGEMBE CENTRAL,257,ATHIRU RUUJINE,THITHA SECONDARY SCHOOL
12,MERU,52,IGEMBE CENTRAL,257,ATHIRU RUUJINE,KAWIRU SECONDARY SCHOOL
12,MERU,52,IGEMBE CENTRAL,257,ATHIRU RUUJINE,KIUTINE OPEN AIR MARKET
12,MERU,52,IGEMBE CENTRAL,257,ATHIRU RUUJINE,KALULUU PRIMARY SCHOOL
12,MERU,52,IGEMBE CENTRAL,257,ATHIRU RUUJINE,MALAENE PRIMARY SCHOOL
12,MERU,52,IGEMBE CENTRAL,257,ATHIRU RUUJINE,NTUKAI NURSERY SCHOOL
12,MERU,52,IGEMBE CENTRAL,258,IGEMBE EAST,MATIANDUI PRIMARY SCHOOL
12,MERU,52,IGEMBE CENTRAL,258,IGEMBE EAST,KIMUTUBUA PRIMARY SCHOOL
12,MERU,52,IGEMBE CENTRAL,258,IGEMBE EAST,MPINDA PRIMARY SCHOOL
12,MERU,52,IGEMBE CENTRAL,258,IGEMBE EAST,MIORI PRIMARY SCHOOL
12,MERU,52,IGEMBE CENTRAL,258,IGEMBE EAST,NTHARE PRIMARY SCHOOL
12,MERU,52,IGEMBE CENTRAL,258,IGEMBE EAST,KAURINE PRIMARY SCHOOL
12,MERU,52,IGEMBE CENTRAL,258,IGEMBE EAST,KARIRU PRIMARY SCHOOL
12,MERU,52,IGEMBE CENTRAL,258,IGEMBE EAST,NTHAMBIRO PRIMARY SCHOOL
12,MERU,52,IGEMBE CENTRAL,258,IGEMBE EAST,KABUITO PRIMARY SCHOOL
12,MERU,52,IGEMBE CENTRAL,258,IGEMBE EAST,KANJOO PRIMARY SCHOOL
12,MERU,52,IGEMBE CENTRAL,258,IGEMBE EAST,NANKENGE NURSERY SCHOOL
12,MERU,52,IGEMBE CENTRAL,258,IGEMBE EAST,KALIMIKUU PRIMARY SCHOOL
12,MERU,52,IGEMBE CENTRAL,258,IGEMBE EAST,NGUJUJU PRIMARY SCHOOL
12,MERU,52,IGEMBE CENTRAL,258,IGEMBE EAST,MUTUATINE PRIMARY SCHOOL
12,MERU,52,IGEMBE CENTRAL,258,IGEMBE EAST,KATHATHENE PRIMARY SCHOOL
12,MERU,52,IGEMBE CENTRAL,258,IGEMBE EAST,NTUENE PRIMARY SCHOOL
12,MERU,52,IGEMBE CENTRAL,258,IGEMBE EAST,ITHANJA NURSERY SCHOOL
12,MERU,52,IGEMBE CENTRAL,258,IGEMBE EAST,AMAKU NURSERY SCHOOL
12,MERU,52,IGEMBE CENTRAL,258,IGEMBE EAST,ANDIALA NURSERY SCHOOL
12,MERU,52,IGEMBE CENTRAL,258,IGEMBE EAST,KIRINDARA NURSERY SCHOOL
12,MERU,52,IGEMBE CENTRAL,258,IGEMBE EAST,MWOMWERE PRIMARY SCHOOL
12,MERU,52,IGEMBE CENTRAL,258,IGEMBE EAST,KIENGU OPEN AIR MARKET
12,MERU,52,IGEMBE CENTRAL,258,IGEMBE EAST,KIENGU METHODIST CHURCH COMPOUND
12,MERU,52,IGEMBE CENTRAL,258,IGEMBE EAST,NTHAMBIRO HEALTH CENTRE
12,MERU,52,IGEMBE CENTRAL,258,IGEMBE EAST,MUURU PENTECOST CHURCH COMPOUND
12,MERU,52,IGEMBE CENTRAL,258,IGEMBE EAST,MAUKUNE METHODIST CHURCH COMPOUND
12,MERU,52,IGEMBE CENTRAL,258,IGEMBE EAST,MUURIINE PENTECOST CHURCH COMPOUND
12,MERU,52,IGEMBE CENTRAL,258,IGEMBE EAST,KIBORIONE NURSERY SCHOOL
12,MERU,52,IGEMBE CENTRAL,258,IGEMBE EAST,NARK NKIRI PRIMARY SCHOOL
12,MERU,52,IGEMBE CENTRAL,258,IGEMBE EAST,MIORI CHIEF'S CAMP
12,MERU,52,IGEMBE CENTRAL,259,NJIA,MUUMONE PRIMARY SCHOOL
12,MERU,52,IGEMBE CENTRAL,259,NJIA,MPITHA PRIMARY SCHOOL
12,MERU,52,IGEMBE CENTRAL,259,NJIA,KAMUYA NURSERY SCHOOL
12,MERU,52,IGEMBE CENTRAL,259,NJIA,MBAYO NURSERY SCHOOL
12,MERU,52,IGEMBE CENTRAL,259,NJIA,LIMORO PRIMARY SCHOOL
12,MERU,52,IGEMBE CENTRAL,259,NJIA,KIOLO KIA MUUTI PRIMARY SCHOOL
12,MERU,52,IGEMBE CENTRAL,259,NJIA,KIUJULINE NURSERY SCHOOL
12,MERU,52,IGEMBE CENTRAL,259,NJIA,NJIA SECONDARY SCHOOL
12,MERU,52,IGEMBE CENTRAL,259,NJIA,THUMBERERIA PRIMARY SCHOOL
12,MERU,52,IGEMBE CENTRAL,259,NJIA,IKOMBO NURSERY SCHOOL
12,MERU,52,IGEMBE CENTRAL,259,NJIA,NTUUI NURSERY SCHOOL
12,MERU,52,IGEMBE CENTRAL,259,NJIA,CHURUI PRIMARY SCHOOL
12,MERU,52,IGEMBE CENTRAL,259,NJIA,KAUMONE PRIMARY SCHOOL
12,MERU,52,IGEMBE CENTRAL,259,NJIA,KITHARE PRIMARY SCHOOL
12,MERU,52,IGEMBE CENTRAL,259,NJIA,MUIYO TEA BUYING CENTRE
12,MERU,52,IGEMBE CENTRAL,259,NJIA,MURINGENE TEA BUYING CENTRE
12,MERU,52,IGEMBE CENTRAL,259,NJIA,THAMARE PRIMARY SCHOOL
12,MERU,52,IGEMBE CENTRAL,259,NJIA,NCUNGURU PRIMARY SCHOOL
12,MERU,52,IGEMBE CENTRAL,259,NJIA,MWIRIENE NURSERY SCHOOL
12,MERU,52,IGEMBE CENTRAL,259,NJIA,MAILI TATU TEA BUYING CENTRE
12,MERU,52,IGEMBE CENTRAL,259,NJIA,BURIERURI SECONDARY SCHOOL
12,MERU,52,IGEMBE CENTRAL,259,NJIA,MPOROKO NURSERY SCHOOL
12,MERU,52,IGEMBE CENTRAL,259,NJIA,MWOMALUI PRIMARY SCHOOL
12,MERU,52,IGEMBE CENTRAL,259,NJIA,THUURU PRIMARY SCHOOL
12,MERU,52,IGEMBE CENTRAL,259,NJIA,NKALUNE NURSERY SCHOOL
12,MERU,52,IGEMBE CENTRAL,259,NJIA,KIUJULINE PRIMARY SCHOOL
12,MERU,52,IGEMBE CENTRAL,259,NJIA,KAONGO KA MAUGU PRIMARY SCHOOL
12,MERU,52,IGEMBE CENTRAL,260,KANGETA,KANIKARUI PRIMARY SCHOOL
12,MERU,52,IGEMBE CENTRAL,260,KANGETA,MUKULULU PRIMARY SCHOOL
12,MERU,52,IGEMBE CENTRAL,260,KANGETA,GITUENE PRIMARY SCHOOL
12,MERU,52,IGEMBE CENTRAL,260,KANGETA,NKONGUNE PRIMARY SCHOOL
12,MERU,52,IGEMBE CENTRAL,260,KANGETA,MBARANGA NURSERY SCHOOL
12,MERU,52,IGEMBE CENTRAL,260,KANGETA,NJIA PRIMARY SCHOOL
12,MERU,52,IGEMBE CENTRAL,260,KANGETA,KIEYA PRIMARY SCHOOL
12,MERU,52,IGEMBE CENTRAL,260,KANGETA,NTUTI PRIMARY SCHOOL
12,MERU,52,IGEMBE CENTRAL,260,KANGETA,KANDUBAI PRIMARY SCHOOL
12,MERU,52,IGEMBE CENTRAL,260,KANGETA,LIKIAU PRIMARY SCHOOL
12,MERU,52,IGEMBE CENTRAL,260,KANGETA,KIANI KIRAYA PRIMARY SCHOOL
12,MERU,52,IGEMBE CENTRAL,260,KANGETA,LAIKUMUKUMU NURSERY SCHOOL
12,MERU,52,IGEMBE CENTRAL,260,KANGETA,NKINYANG'A PRIMARY SCHOOL
12,MERU,52,IGEMBE CENTRAL,260,KANGETA,KANGETA PRIMARY SCHOOL
12,MERU,52,IGEMBE CENTRAL,260,KANGETA,NKINYANG'A DISPENSARY
12,MERU,52,IGEMBE CENTRAL,260,KANGETA,KATHIMA COFFEE FACTORY
12,MERU,52,IGEMBE CENTRAL,260,KANGETA,NTURUBA SECONDARY SCHOOL
12,MERU,52,IGEMBE CENTRAL,260,KANGETA,C.C.M MACHENGE NURSERY SCHOOL
12,MERU,52,IGEMBE CENTRAL,260,KANGETA,AIPCEA LIBURU NURSERY SCHOOL
12,MERU,52,IGEMBE CENTRAL,260,KANGETA,KANGETA OPEN AIR MARKET
12,MERU,52,IGEMBE CENTRAL,260,KANGETA,ST.THOMAS CATHOLIC NURSERY SCHOOL
12,MERU,52,IGEMBE CENTRAL,260,KANGETA,NTUTI CATTLE DIP
12,MERU,52,IGEMBE CENTRAL,260,KANGETA,NKINYANGA AIPCEA CHURCH COMPOUND
12,MERU,52,IGEMBE CENTRAL,260,KANGETA,KAITHICIA TEA BUYING CENTRE
12,MERU,53,IGEMBE NORTH,261,ANTUAMBUI,MEA PRIMARY SCHOOL
12,MERU,53,IGEMBE NORTH,261,ANTUAMBUI,NDUMURU NURSERY SCHOOL
12,MERU,53,IGEMBE NORTH,261,ANTUAMBUI,ATHAWENE NURSERY SCHOOL
12,MERU,53,IGEMBE NORTH,261,ANTUAMBUI,KIOLO NURSERY SCHOOL
12,MERU,53,IGEMBE NORTH,261,ANTUAMBUI,K.K. BAITUIRI NURSERY SCHOOL
12,MERU,53,IGEMBE NORTH,261,ANTUAMBUI,KANGENYONE PRIMARY SCHOOL
12,MERU,53,IGEMBE NORTH,261,ANTUAMBUI,KAUTINE NURSERY SCHOOL
12,MERU,53,IGEMBE NORTH,261,ANTUAMBUI,MWERONGUNDU PRIMARY SCHOOL
12,MERU,53,IGEMBE NORTH,261,ANTUAMBUI,LUKUNUNU PRIMARY SCHOOL
12,MERU,53,IGEMBE NORTH,261,ANTUAMBUI,MIUINE PRIMARY SCHOOL
12,MERU,53,IGEMBE NORTH,261,ANTUAMBUI,NKIRIANA PRIMARY SCHOOL
12,MERU,53,IGEMBE NORTH,261,ANTUAMBUI,K.K. ETAMA PRIMARY SCHOOL
12,MERU,53,IGEMBE NORTH,261,ANTUAMBUI,K.K. KIULA PRIMARY SCHOOL
12,MERU,53,IGEMBE NORTH,261,ANTUAMBUI,LUBUA PRIMARY SCHOOL
12,MERU,53,IGEMBE NORTH,261,ANTUAMBUI,LAARE SOCIAL HALL
12,MERU,53,IGEMBE NORTH,261,ANTUAMBUI,MWERONGUNDU SECONDARY SCHOOL
12,MERU,53,IGEMBE NORTH,261,ANTUAMBUI,KAORONENE PRIMARY SCHOOL
12,MERU,53,IGEMBE NORTH,261,ANTUAMBUI,ANTUAMBUI SECONDARY SCHOOL
12,MERU,53,IGEMBE NORTH,261,ANTUAMBUI,NKANDA SECONDARY SCHOOL
12,MERU,53,IGEMBE NORTH,261,ANTUAMBUI,KIRAMA AIPCA NURSERY SCHOOL
12,MERU,53,IGEMBE NORTH,261,ANTUAMBUI,KAMARINGA PRIMARY SCHOOL
12,MERU,53,IGEMBE NORTH,261,ANTUAMBUI,MULIKA NURSERY SCHOOL
12,MERU,53,IGEMBE NORTH,261,ANTUAMBUI,MITHIARU PRIMARY SCHOOL
12,MERU,53,IGEMBE NORTH,262,NTUNENE,LINJOKA PRIMARY SCHOOL
12,MERU,53,IGEMBE NORTH,262,NTUNENE,KILEERA PRIMARY SCHOOL
12,MERU,53,IGEMBE NORTH,262,NTUNENE,MARIRI PRIMARY SCHOOL
12,MERU,53,IGEMBE NORTH,262,NTUNENE,KIRINDARA PRIMARY SCHOOL
12,MERU,53,IGEMBE NORTH,262,NTUNENE,MURUNGENE PRIMARY SCHOOL
12,MERU,53,IGEMBE NORTH,262,NTUNENE,NTOBUINE NURSERY SCHOOL
12,MERU,53,IGEMBE NORTH,262,NTUNENE,LINJOKA CATHOLIC CHURCH NURSERY SCHOOL
12,MERU,53,IGEMBE NORTH,262,NTUNENE,NTUNENE COFFEE FACTORY
12,MERU,53,IGEMBE NORTH,262,NTUNENE,MUURUNE AIPCA NURSERY SCHOOL
12,MERU,53,IGEMBE NORTH,262,NTUNENE,TUANDA NURSERY SCHOOL
12,MERU,53,IGEMBE NORTH,262,NTUNENE,MARIRI NURSERY SCHOOL
12,MERU,53,IGEMBE NORTH,262,NTUNENE,NTUNENE GIRLS'SECONDARY SCHOOL
12,MERU,53,IGEMBE NORTH,262,NTUNENE,LAARE CATHOLIC CHURCH
12,MERU,53,IGEMBE NORTH,262,NTUNENE,KIMACHIA METHODIST CHURCH
12,MERU,53,IGEMBE NORTH,263,ANTUBETWE KIONGO,KAMUWE PRIMARY SCHOOL
12,MERU,53,IGEMBE NORTH,263,ANTUBETWE KIONGO,NAIRURU PRIMARY SCHOOL
12,MERU,53,IGEMBE NORTH,263,ANTUBETWE KIONGO,KITHANGA NURSERY SCHOOL
12,MERU,53,IGEMBE NORTH,263,ANTUBETWE KIONGO,NTANKI SECONDARY SCHOOL
12,MERU,53,IGEMBE NORTH,263,ANTUBETWE KIONGO,NDOLELI PRIMARY SCHOOL
12,MERU,53,IGEMBE NORTH,263,ANTUBETWE KIONGO,KARICHU PRIMARY SCHOOL
12,MERU,53,IGEMBE NORTH,263,ANTUBETWE KIONGO,KATHATENE PRIMARY SCHOOL
12,MERU,53,IGEMBE NORTH,263,ANTUBETWE KIONGO,KIROMWATHI PRIMARY SCHOOL
12,MERU,53,IGEMBE NORTH,263,ANTUBETWE KIONGO,ANJALU PRIMARY SCHOOL
12,MERU,53,IGEMBE NORTH,263,ANTUBETWE KIONGO,THEERA PRIMARY SCHOOL
12,MERU,53,IGEMBE NORTH,263,ANTUBETWE KIONGO,KIANI PRIMARY SCHOOL
12,MERU,53,IGEMBE NORTH,263,ANTUBETWE KIONGO,LUCIUTI PRIMARY SCHOOL
12,MERU,53,IGEMBE NORTH,263,ANTUBETWE KIONGO,MIRIKI PRIMARY SCHOOL
12,MERU,53,IGEMBE NORTH,263,ANTUBETWE KIONGO,MUTIORUI NURSERY SCHOOL
12,MERU,53,IGEMBE NORTH,263,ANTUBETWE KIONGO,ANTUBETWE SECONDARY SCHOOL
12,MERU,53,IGEMBE NORTH,263,ANTUBETWE KIONGO,LUCIUTI SOCIAL HALL
12,MERU,53,IGEMBE NORTH,263,ANTUBETWE KIONGO,MARERE POLYTECHNIC
12,MERU,53,IGEMBE NORTH,263,ANTUBETWE KIONGO,KALERENE NURSERY SCHOOL
12,MERU,53,IGEMBE NORTH,263,ANTUBETWE KIONGO,KIBUTU NURSERY SCHOOL
12,MERU,53,IGEMBE NORTH,263,ANTUBETWE KIONGO,EAPC THAICUI MWANGANTHIA
12,MERU,53,IGEMBE NORTH,263,ANTUBETWE KIONGO,MPEKETONI POLICE POST
12,MERU,53,IGEMBE NORTH,263,ANTUBETWE KIONGO,KINA MERU
12,MERU,53,IGEMBE NORTH,264,NAATHU,MUTUATI PRIMARY SCHOOL
12,MERU,53,IGEMBE NORTH,264,NAATHU,KIBUCHWA NURSERY SCHOOL
12,MERU,53,IGEMBE NORTH,264,NAATHU,KANTHALI PRIMARY SCHOOL
12,MERU,53,IGEMBE NORTH,264,NAATHU,THIRUA PRIMARY SCHOOL
12,MERU,53,IGEMBE NORTH,264,NAATHU,NDUNYU NURSERY SCHOOL
12,MERU,53,IGEMBE NORTH,264,NAATHU,NDULU NURSERY SCHOOL
12,MERU,53,IGEMBE NORTH,264,NAATHU,MBAYO PRIMARY SCHOOL
12,MERU,53,IGEMBE NORTH,264,NAATHU,KALEMBUINE NURSERY SCHOOL
12,MERU,53,IGEMBE NORTH,264,NAATHU,K.K. BAITHAI PRIMARY SCHOOL
12,MERU,53,IGEMBE NORTH,264,NAATHU,MWEROMUTUA PRIMARY SCHOOL
12,MERU,53,IGEMBE NORTH,264,NAATHU,MUTUATI SECONDARY SCHOOL
12,MERU,53,IGEMBE NORTH,264,NAATHU,NAATHU PRIMARY SCHOOL
12,MERU,53,IGEMBE NORTH,264,NAATHU,NAATHU SECONDARY SCHOOL
12,MERU,53,IGEMBE NORTH,264,NAATHU,MBAYO SECONDARY SCHOOL
12,MERU,53,IGEMBE NORTH,264,NAATHU,NAIKURIU PRIMARY SCHOOL
12,MERU,53,IGEMBE NORTH,264,NAATHU,TAMANI PENTECOSTAL PRIMARY SCHOOL
12,MERU,53,IGEMBE NORTH,264,NAATHU,LATUANI PRIMARY SCHOOL
12,MERU,53,IGEMBE NORTH,264,NAATHU,KAMUKUNJI CHURCH ON THE ROCK
12,MERU,53,IGEMBE NORTH,264,NAATHU,LIUNDU MCK PRIMARY
12,MERU,53,IGEMBE NORTH,265,AMWATHI,MUTUATI METHODIST NURSERY SCHOOL
12,MERU,53,IGEMBE NORTH,265,AMWATHI,MBURANJIRU PRIMARY SCHOOL
12,MERU,53,IGEMBE NORTH,265,AMWATHI,LEETA PRIMARY SCHOOL
12,MERU,53,IGEMBE NORTH,265,AMWATHI,AMBARU PRIMARY SCHOOL
12,MERU,53,IGEMBE NORTH,265,AMWATHI,NTHANGARINE PRIMARY SCHOOL
12,MERU,53,IGEMBE NORTH,265,AMWATHI,BARENTA PRIMARY SCHOOL
12,MERU,53,IGEMBE NORTH,265,AMWATHI,KAMWELINE PRIMARY SCHOOL
12,MERU,53,IGEMBE NORTH,265,AMWATHI,NKAMATHI PRIMARY SCHOOL
12,MERU,53,IGEMBE NORTH,265,AMWATHI,MURWETI PRIMARY SCHOOL
12,MERU,53,IGEMBE NORTH,265,AMWATHI,KIOLO PRIMARY SCHOOL
12,MERU,53,IGEMBE NORTH,265,AMWATHI,MEERIA PRIMARY SCHOOL
12,MERU,53,IGEMBE NORTH,265,AMWATHI,KAUNGU PRIMARY SCHOOL
12,MERU,53,IGEMBE NORTH,265,AMWATHI,KINISA NURSERY SCHOOL
12,MERU,53,IGEMBE NORTH,265,AMWATHI,KIEGOI NURSERY SCHOOL
12,MERU,53,IGEMBE NORTH,265,AMWATHI,MURUNYA NURSERY SCH
12,MERU,53,IGEMBE NORTH,265,AMWATHI,MURARA PRIMARY SCHOOL
12,MERU,53,IGEMBE NORTH,265,AMWATHI,KATHANGA PRIMARY SCHOOL
12,MERU,53,IGEMBE NORTH,265,AMWATHI,AITHU PRIMARY SCHOOL
12,MERU,53,IGEMBE NORTH,265,AMWATHI,MBIRIATA PRIMARY SCHOOL
12,MERU,53,IGEMBE NORTH,265,AMWATHI,KAMBOO PRIMARY SCHOOL
12,MERU,53,IGEMBE NORTH,265,AMWATHI,NGITANA PRIMARY SCHOOL
12,MERU,53,IGEMBE NORTH,265,AMWATHI,NGUKWINE PRIMARY SCHOOL
12,MERU,53,IGEMBE NORTH,265,AMWATHI,KACHIURU PRIMARY SCHOOL
12,MERU,53,IGEMBE NORTH,265,AMWATHI,NKAMATHI SECONDARY SCHOOL
12,MERU,53,IGEMBE NORTH,265,AMWATHI,ST. ANTHONY NG'INYO NURSERY SCHOOL
12,MERU,53,IGEMBE NORTH,265,AMWATHI,AITHU NURSERY SCHOOL
12,MERU,53,IGEMBE NORTH,265,AMWATHI,KABACHI MULTIPURPOSE HALL
12,MERU,53,IGEMBE NORTH,265,AMWATHI,TIRI PRIMARY SCHOOL
12,MERU,53,IGEMBE NORTH,265,AMWATHI,MCK NGAYA
12,MERU,54,TIGANIA WEST,266,ATHWANA,MAITHA PRIMARY SCHOOL
12,MERU,54,TIGANIA WEST,266,ATHWANA,MWANIKA PRIMARY SCHOOL
12,MERU,54,TIGANIA WEST,266,ATHWANA,KIBIRU PRIMARY SCHOOL
12,MERU,54,TIGANIA WEST,266,ATHWANA,MWERONKORO PRIMARY SCHOOL
12,MERU,54,TIGANIA WEST,266,ATHWANA,K.K NKENGECHIA PRIMARY SCHOOL
12,MERU,54,TIGANIA WEST,266,ATHWANA,LACIATHURIU PRIMARY SCHOOL
12,MERU,54,TIGANIA WEST,266,ATHWANA,ATHWANA SECONDARY SCHOOL
12,MERU,54,TIGANIA WEST,266,ATHWANA,KAMANORO PRIMARY SCHOOL
12,MERU,54,TIGANIA WEST,266,ATHWANA,NKILUTHU PRIMARY SCHOOL
12,MERU,54,TIGANIA WEST,266,ATHWANA,1. KADEBENE LIVESTOCK MARKET
12,MERU,54,TIGANIA WEST,266,ATHWANA,MULUTA DISPENSARY
12,MERU,54,TIGANIA WEST,266,ATHWANA,KIARE PRIMARY SCHOOL
12,MERU,54,TIGANIA WEST,267,AKITHII,KIMUTHII PRIMARY SCHOOL
12,MERU,54,TIGANIA WEST,267,AKITHII,NTIBA PRIMARY SCHOOL
12,MERU,54,TIGANIA WEST,267,AKITHII,KITHEO PRIMARY SCHOOL
12,MERU,54,TIGANIA WEST,267,AKITHII,K.K THARAINE PRIMARY SCHOOL
12,MERU,54,TIGANIA WEST,267,AKITHII,MUCUUNE PRIMARY SCHOOL
12,MERU,54,TIGANIA WEST,267,AKITHII,KAMARIMA PRIMARY SCHOOL
12,MERU,54,TIGANIA WEST,267,AKITHII,KALIMBA PRIMARY SCHOOL
12,MERU,54,TIGANIA WEST,267,AKITHII,MWERONKANGA PRIMARY SCHOOL
12,MERU,54,TIGANIA WEST,267,AKITHII,K.K LUMBI PRIMARY SCHOOL
12,MERU,54,TIGANIA WEST,267,AKITHII,TWALE PRIMARY SCHOOL
12,MERU,54,TIGANIA WEST,267,AKITHII,MANYIRI PRIMARY SCHOOL
12,MERU,54,TIGANIA WEST,267,AKITHII,ITHATENE PRIMARY SCHOOL
12,MERU,54,TIGANIA WEST,267,AKITHII,LIMBINE PRIMARY SCHOOL
12,MERU,54,TIGANIA WEST,267,AKITHII,NKURARE PRIMARY SCHOOL
12,MERU,54,TIGANIA WEST,267,AKITHII,MWILI PRIMARY SCHOOL
12,MERU,54,TIGANIA WEST,267,AKITHII,MWERONDU PRIMARY SCHOOL
12,MERU,54,TIGANIA WEST,267,AKITHII,THINYAINE PRIMARY SCHOOL
12,MERU,54,TIGANIA WEST,267,AKITHII,MAATHII PRIMARY SCHOOL
12,MERU,54,TIGANIA WEST,267,AKITHII,KARII PRIMARY SCHOOL
12,MERU,54,TIGANIA WEST,267,AKITHII,MURICHIA PRIMARY SCHOOL
12,MERU,54,TIGANIA WEST,267,AKITHII,BARAU BAPTIST CHURCH
12,MERU,54,TIGANIA WEST,267,AKITHII,ACCS OFFICE NGUDUNE
12,MERU,54,TIGANIA WEST,267,AKITHII,NCHURAI MCK CHURCH
12,MERU,54,TIGANIA WEST,267,AKITHII,KATHINGE CATHOLIC CHURCH
12,MERU,54,TIGANIA WEST,267,AKITHII,AMUKOI ASS CHIEF OFFICE
12,MERU,54,TIGANIA WEST,268,KIANJAI,URRU COUNTY COUNCIL HALL
12,MERU,54,TIGANIA WEST,268,KIANJAI,KITHIRU PRIMARY SCHOOL
12,MERU,54,TIGANIA WEST,268,KIANJAI,MBAARUA PRIMARY SCHOOL
12,MERU,54,TIGANIA WEST,268,KIANJAI,NAIRIRI PRIMARY SCHOOL
12,MERU,54,TIGANIA WEST,268,KIANJAI,MACHAKU PRIMARY SCHOOL
12,MERU,54,TIGANIA WEST,268,KIANJAI,KIANJAI PRIMARY SCHOOL
12,MERU,54,TIGANIA WEST,268,KIANJAI,MUTIONJURI PRIMARY SCHOOL
12,MERU,54,TIGANIA WEST,268,KIANJAI,AMATU PRIMARY SCHOOL
12,MERU,54,TIGANIA WEST,268,KIANJAI,KANJALU PRIMARY SCHOOL
12,MERU,54,TIGANIA WEST,268,KIANJAI,RWONGO RWA NYANKI PRIMARY SCHOOL
12,MERU,54,TIGANIA WEST,268,KIANJAI,ANTUBEIGA PRIMARY SCHOOL
12,MERU,54,TIGANIA WEST,268,KIANJAI,KIANDIU PRIMARY SCHOOL
12,MERU,54,TIGANIA WEST,268,KIANJAI,ITHAMARE PRIMARY SCHOOL
12,MERU,54,TIGANIA WEST,268,KIANJAI,LUURIA PRIMARY SCHOOL
12,MERU,54,TIGANIA WEST,268,KIANJAI,REI PRIMARY SCHOOL
12,MERU,54,TIGANIA WEST,268,KIANJAI,MUMUI PRIMARY SCHOOL
12,MERU,54,TIGANIA WEST,268,KIANJAI,LAIRANG'I PRIMARY SCHOOL
12,MERU,54,TIGANIA WEST,268,KIANJAI,THAU PRIMARY SCHOOL
12,MERU,54,TIGANIA WEST,268,KIANJAI,NTALAMI PRIMARY SCHOOL
12,MERU,54,TIGANIA WEST,268,KIANJAI,MITUNTU PRIMARY SCHOOL
12,MERU,54,TIGANIA WEST,268,KIANJAI,MURAMBA PRIMARY SCHOOL
12,MERU,54,TIGANIA WEST,268,KIANJAI,URRU PRIMARY SCHOOL
12,MERU,54,TIGANIA WEST,268,KIANJAI,KIRUKIRE PRIMARY SCHOOL
12,MERU,54,TIGANIA WEST,268,KIANJAI,KIANJAI CHIEFS CAMP
12,MERU,54,TIGANIA WEST,268,KIANJAI,MAILI TATU POLICE POST
12,MERU,54,TIGANIA WEST,268,KIANJAI,RWANDERI FULL GOSPEL CHURCH
12,MERU,54,TIGANIA WEST,268,KIANJAI,ACK NGAITETHIA PRY SCHOOL
12,MERU,54,TIGANIA WEST,268,KIANJAI,MUGAE CATHOLIC CHURCH
12,MERU,54,TIGANIA WEST,269,NKOMO,RWANJOE PRIMARY SCHOOL
12,MERU,54,TIGANIA WEST,269,NKOMO,KAMITONGU PRIMARY SCHOOL
12,MERU,54,TIGANIA WEST,269,NKOMO,GIMPINE PRIMARY SCHOOL
12,MERU,54,TIGANIA WEST,269,NKOMO,KANJAI PRIMARY SCHOOL
12,MERU,54,TIGANIA WEST,269,NKOMO,MWITHANGA PRIMARY SCHOOL
12,MERU,54,TIGANIA WEST,269,NKOMO,AMWARI PRIMARY SCHOOL
12,MERU,54,TIGANIA WEST,269,NKOMO,KIMACHIA PRIMARY SCHOOL
12,MERU,54,TIGANIA WEST,269,NKOMO,KAMAROO PRIMARY SCHOOL
12,MERU,54,TIGANIA WEST,269,NKOMO,NTOOMBO PRIMARY SHOOL
12,MERU,54,TIGANIA WEST,269,NKOMO,KITHIIRI PRIMARY SCHOOL
12,MERU,54,TIGANIA WEST,269,NKOMO,URINGU PRIMARY SCHOOL
12,MERU,54,TIGANIA WEST,269,NKOMO,LUBUNU PRIMARY SCHOOL
12,MERU,54,TIGANIA WEST,269,NKOMO,KUNENE PRIMARY SCHOOL
12,MERU,54,TIGANIA WEST,269,NKOMO,ST.RITA PRIMARY SCHOOL
12,MERU,54,TIGANIA WEST,269,NKOMO,KANTHIARI PRIMARY SCHOOL
12,MERU,54,TIGANIA WEST,269,NKOMO,KAMARUKI PRY SCHOOL
12,MERU,54,TIGANIA WEST,269,NKOMO,KUNENE HEALTH CENTRE
12,MERU,54,TIGANIA WEST,269,NKOMO,MWATHENE DISPENSARY
12,MERU,54,TIGANIA WEST,270,MBEU,MAKANDI PRIMARY SCHOOL
12,MERU,54,TIGANIA WEST,270,MBEU,BARAIMU PRIMARY SCHOOL
12,MERU,54,TIGANIA WEST,270,MBEU,KIBULINE PRIMARY SCHOOL
12,MERU,54,TIGANIA WEST,270,MBEU,KALIATI PRIMARY SCHOOL
12,MERU,54,TIGANIA WEST,270,MBEU,KIMIRII PRIMARY SCHOOL
12,MERU,54,TIGANIA WEST,270,MBEU,KIERU PRIMARY SCHOOL
12,MERU,54,TIGANIA WEST,270,MBEU,KIBULINE SECONDARY SCHOOL
12,MERU,54,TIGANIA WEST,270,MBEU,MAILU NURSERY SCHOOL
12,MERU,54,TIGANIA WEST,270,MBEU,CHAIKURU PRIMARY SCHOOL
12,MERU,54,TIGANIA WEST,270,MBEU,THANANTU PRIMARY SCHOOL
12,MERU,54,TIGANIA WEST,270,MBEU,KAAMU PRIMARY SCHOOL
12,MERU,54,TIGANIA WEST,270,MBEU,MUKINDU PRIMARY SCHOOL
12,MERU,54,TIGANIA WEST,270,MBEU,KAMUTHANGA PRY SCHOOL
12,MERU,54,TIGANIA WEST,270,MBEU,AIPCA CHURCH MACHEGENE
12,MERU,54,TIGANIA WEST,270,MBEU,BRIGHT FUTURE ACADEMY
12,MERU,54,TIGANIA WEST,270,MBEU,ST JOHNS KAGAENE CATHOLIC CHURCH
12,MERU,55,TIGANIA EAST,271,THANGATHA,ANKAMIA PRIMARY SCHOOL
12,MERU,55,TIGANIA EAST,271,THANGATHA,ANTUATHENGE PRIMARY SCHOOL
12,MERU,55,TIGANIA EAST,271,THANGATHA,KAMUNJINE PRIMARY SCHOOL
12,MERU,55,TIGANIA EAST,271,THANGATHA,KAATHI PRIMARY SCHOOL
12,MERU,55,TIGANIA EAST,271,THANGATHA,AMUGAA PRIMARY SCHOOL
12,MERU,55,TIGANIA EAST,271,THANGATHA,IRINDIRO PRIMARY SCHOOL
12,MERU,55,TIGANIA EAST,271,THANGATHA,KALULI PRIMARY SCHOOL
12,MERU,55,TIGANIA EAST,271,THANGATHA,RARIMBU PRIMARY SCHOOL
12,MERU,55,TIGANIA EAST,271,THANGATHA,MIURINE PRIMARY SCHOOL
12,MERU,55,TIGANIA EAST,271,THANGATHA,KIRUMONE EVANGELISM CHURCH
12,MERU,55,TIGANIA EAST,271,THANGATHA,IKANA PRIMARY SCHOOL
12,MERU,55,TIGANIA EAST,271,THANGATHA,KATITHINE PRIMARY SCHOOL
12,MERU,55,TIGANIA EAST,271,THANGATHA,NGONGOAKA PRIMARY SCHOOL
12,MERU,55,TIGANIA EAST,271,THANGATHA,MUKUNGA PRIMARY
12,MERU,55,TIGANIA EAST,271,THANGATHA,THAI DISCIPLES CHRIST CHURCH
12,MERU,55,TIGANIA EAST,271,THANGATHA,RURII PRIMARY SCHOOL
12,MERU,55,TIGANIA EAST,271,THANGATHA,NGAGE SECONDARY SCHOOL
12,MERU,55,TIGANIA EAST,271,THANGATHA,KALANTINA PRIMARY SCHOOL
12,MERU,55,TIGANIA EAST,271,THANGATHA,THATHI PRIMARY SCHOOL
12,MERU,55,TIGANIA EAST,271,THANGATHA,NGUTU PRIMARY SCHOOL
12,MERU,55,TIGANIA EAST,271,THANGATHA,KIGUMA PRIMARY SCHOOL
12,MERU,55,TIGANIA EAST,271,THANGATHA,LWANJILU PRIMARY SCHOOL
12,MERU,55,TIGANIA EAST,271,THANGATHA,ANTUARIMATA PRIMARY SCHOOL
12,MERU,55,TIGANIA EAST,271,THANGATHA,KATHANENE PRIMARY SCHOOL
12,MERU,55,TIGANIA EAST,271,THANGATHA,KIARAO PRIMARY SCHOOL
12,MERU,55,TIGANIA EAST,271,THANGATHA,GAKIAMA PRIMARY SCHOOL
12,MERU,55,TIGANIA EAST,272,MIKINDURI,MIKINDURI PRIMARY SCHOOL
12,MERU,55,TIGANIA EAST,272,MIKINDURI,KIRIENE PRIMARY SCHOOL
12,MERU,55,TIGANIA EAST,272,MIKINDURI,RUUJU PRIMARY SCHOOL
12,MERU,55,TIGANIA EAST,272,MIKINDURI,ST.STEPHEN CATHOLIC CHURCH
12,MERU,55,TIGANIA EAST,272,MIKINDURI,KIAMIKUU PRIMARY SCHOOL
12,MERU,55,TIGANIA EAST,272,MIKINDURI,MAREGA PRIMARY SCHOOL
12,MERU,55,TIGANIA EAST,272,MIKINDURI,KANG ETHIA WOMEN HALL
12,MERU,55,TIGANIA EAST,272,MIKINDURI,THUURI PRIMARY SCHOOL
12,MERU,55,TIGANIA EAST,272,MIKINDURI,MUKONO PRIMARY SCHOOL
12,MERU,55,TIGANIA EAST,272,MIKINDURI,ATHWANA PRIMARY SCHOOL
12,MERU,55,TIGANIA EAST,272,MIKINDURI,MUTEWA PRIMARY SCHOOL
12,MERU,55,TIGANIA EAST,272,MIKINDURI,MIKINDURI COFFEE FACTORY
12,MERU,55,TIGANIA EAST,272,MIKINDURI,KABULINE PRIMARY SCHOOL
12,MERU,55,TIGANIA EAST,272,MIKINDURI,K.K. MUTHANGENE PRIMARY SCHOOL
12,MERU,55,TIGANIA EAST,272,MIKINDURI,NTHANGATHI PRIMARY SCHOOL
12,MERU,55,TIGANIA EAST,272,MIKINDURI,ATHWANA CATTLE DIP.
12,MERU,55,TIGANIA EAST,272,MIKINDURI,AKAIGA PRIMARY SCHOOL
12,MERU,55,TIGANIA EAST,272,MIKINDURI,MUKORONE PRIMARY SCHOOL
12,MERU,55,TIGANIA EAST,272,MIKINDURI,KABETI PRIMARY SCHOL
12,MERU,55,TIGANIA EAST,272,MIKINDURI,"RUONGO RWA BUURI CHIEF""""S CAMP"
12,MERU,55,TIGANIA EAST,272,MIKINDURI,KITHURAKU PRIMARY SCHOOL
12,MERU,55,TIGANIA EAST,272,MIKINDURI,KINOE PRIMARY SCHOOL
12,MERU,55,TIGANIA EAST,273,KIGUCHWA,KAILUNE PRIMARY SCHOOL
12,MERU,55,TIGANIA EAST,273,KIGUCHWA,MICHIMIKURU PRIMARY SCHOOL
12,MERU,55,TIGANIA EAST,273,KIGUCHWA,AMETHO PRIMARY SCHOOL
12,MERU,55,TIGANIA EAST,273,KIGUCHWA,IRINDIRO FULL GOSPEL CHURCH
12,MERU,55,TIGANIA EAST,273,KIGUCHWA,KALIENE PRIMARY SCHOOL
12,MERU,55,TIGANIA EAST,273,KIGUCHWA,K.K.MWETHE PRIMARY SCHOOL
12,MERU,55,TIGANIA EAST,273,KIGUCHWA,ST.BENEDICT'S PRIMARY SCHOOL
12,MERU,55,TIGANIA EAST,273,KIGUCHWA,KAILUNE TEA BUYING CENTRE
12,MERU,55,TIGANIA EAST,273,KIGUCHWA,NGO'MBE NJIRU PRIMARY SCHOOL
12,MERU,55,TIGANIA EAST,273,KIGUCHWA,KIGUCHWA PRIMARY SCHOOL
12,MERU,55,TIGANIA EAST,273,KIGUCHWA,KIRIMANCUMA PRIMARY SCHOOL
12,MERU,55,TIGANIA EAST,273,KIGUCHWA,THANGATHA TEA BUYING CENTRE
12,MERU,55,TIGANIA EAST,273,KIGUCHWA,AKAIRU PRIMARY SCHOOL
12,MERU,55,TIGANIA EAST,274,MUTHARA,TURINGWI OPEN GROUND
12,MERU,55,TIGANIA EAST,274,MUTHARA,MATABITHI PRIMARY SCHOOL
12,MERU,55,TIGANIA EAST,274,MUTHARA,MWEROMALIA PRIMARY SCHOOL
12,MERU,55,TIGANIA EAST,274,MUTHARA,KISIMA PRIMARY SCHOOL
12,MERU,55,TIGANIA EAST,274,MUTHARA,NTULILI PRIMARY SCHOOL
12,MERU,55,TIGANIA EAST,274,MUTHARA,KIREMU PRIMARY SCHOOL
12,MERU,55,TIGANIA EAST,274,MUTHARA,LAILUBA PRIMARY SCHOOL
12,MERU,55,TIGANIA EAST,274,MUTHARA,MWEROMUTHANGA PRIMARY SCHOOL
12,MERU,55,TIGANIA EAST,274,MUTHARA,LUUMA PRIMARY SCHOOL
12,MERU,55,TIGANIA EAST,274,MUTHARA,MUTHARA OPEN MARKET
12,MERU,55,TIGANIA EAST,274,MUTHARA,MABUURWA PRIMARY SCHOOL
12,MERU,55,TIGANIA EAST,274,MUTHARA,LANYIRUU PRIMARY SCHOOL
12,MERU,55,TIGANIA EAST,274,MUTHARA,RUMANTHI PRIMARY SCHOOL
12,MERU,55,TIGANIA EAST,274,MUTHARA,LUBUATHIRUA PRIMARY SCHOOL
12,MERU,55,TIGANIA EAST,274,MUTHARA,KINANG'ARU PRIMARY SCHOOL
12,MERU,55,TIGANIA EAST,274,MUTHARA,MUTHARA PRIMARY SCHOOL
12,MERU,55,TIGANIA EAST,274,MUTHARA,ATHAMBU PRIMARY SCHOOL
12,MERU,55,TIGANIA EAST,274,MUTHARA,NGUTHIRU PRIMARY SCHOOL
12,MERU,55,TIGANIA EAST,274,MUTHARA,K.K. THAITA TEA BUYING CENTRE
12,MERU,55,TIGANIA EAST,274,MUTHARA,ANTUANUU PRIMARY SCHOOL
12,MERU,55,TIGANIA EAST,274,MUTHARA,NCUUI PRIMARY SCHOOL
12,MERU,55,TIGANIA EAST,274,MUTHARA,NDULUMA PRIMARY SCHOOL
12,MERU,55,TIGANIA EAST,274,MUTHARA,CHARURU PRIMARY SCHOOL
12,MERU,55,TIGANIA EAST,274,MUTHARA,THUURIA PRIMARY SCHOOL
12,MERU,55,TIGANIA EAST,274,MUTHARA,NTAMICHU PRIMARY SCHOOL
12,MERU,55,TIGANIA EAST,274,MUTHARA,KAONGO PRIMARY SCHOOL
12,MERU,55,TIGANIA EAST,274,MUTHARA,KAILUTHA PRIMARY SCHOOL
12,MERU,55,TIGANIA EAST,274,MUTHARA,KIBORE TEA BUYING CENTRE
12,MERU,55,TIGANIA EAST,274,MUTHARA,LII PRIMARY SCHOOL
12,MERU,55,TIGANIA EAST,275,KARAMA,MWEROKIENI PRIMARY SCHOOL
12,MERU,55,TIGANIA EAST,275,KARAMA,KIITHE PRIMARY SCHOOL
12,MERU,55,TIGANIA EAST,275,KARAMA,MBARANGA PRIMARY SCHOOL
12,MERU,55,TIGANIA EAST,275,KARAMA,LAIBOCHA PRIMARY SCHOOL
12,MERU,55,TIGANIA EAST,275,KARAMA,MUTHARA POLYTECHNIC
12,MERU,55,TIGANIA EAST,275,KARAMA,NTIRUTU PRIMARY SCHOOL
12,MERU,55,TIGANIA EAST,275,KARAMA,MITUNGUUNE PRIMARY SCHOOL
12,MERU,55,TIGANIA EAST,275,KARAMA,KIRIMA PRIMARY SCHOOL
12,MERU,55,TIGANIA EAST,275,KARAMA,ANTUANDURU PRIMARY SCHOOL
12,MERU,55,TIGANIA EAST,275,KARAMA,MUKUIRU PRIMARY SCHOOL
12,MERU,55,TIGANIA EAST,275,KARAMA,KINJO TEA BUYING CENTRE
12,MERU,55,TIGANIA EAST,275,KARAMA,ANGILI PRIMARY SCHOOL
12,MERU,55,TIGANIA EAST,275,KARAMA,LUTHIE PRIMARY SCHOOL
12,MERU,55,TIGANIA EAST,275,KARAMA,KANDUNYURINGA OPEN GROUND
12,MERU,55,TIGANIA EAST,275,KARAMA,MULA PRIMARY SCHOOL
12,MERU,55,TIGANIA EAST,275,KARAMA,MUTUNDURU PRIMARY SCHOOL
12,MERU,55,TIGANIA EAST,275,KARAMA,MUKUANI PRIMARY SCHOOL
12,MERU,55,TIGANIA EAST,275,KARAMA,NDUBUA NAINCU NURSERY
12,MERU,55,TIGANIA EAST,275,KARAMA,LING'URI PRIMARY SCHOOL
12,MERU,56,NORTH IMENTI,276,MUNICIPALITY,FOREST CAMP
12,MERU,56,NORTH IMENTI,276,MUNICIPALITY,KINORU PRIMARY SCHOOL
12,MERU,56,NORTH IMENTI,276,MUNICIPALITY,MILIMANI MOBILE
12,MERU,56,NORTH IMENTI,276,MUNICIPALITY,MWENDANTU GROUNDS
12,MERU,56,NORTH IMENTI,276,MUNICIPALITY,D.E.B TOWNSHIP PRIMARY SCHOOL
12,MERU,56,NORTH IMENTI,276,MUNICIPALITY,GITORO PRIMARY SCHOOL
12,MERU,56,NORTH IMENTI,276,MUNICIPALITY,MERU PRIMARY SCHOOL
12,MERU,56,NORTH IMENTI,276,MUNICIPALITY,CCM PRIMARY SCHOOL
12,MERU,56,NORTH IMENTI,276,MUNICIPALITY,MOSQUE ROAD HALL (MKT)
12,MERU,56,NORTH IMENTI,276,MUNICIPALITY,LIBRARY GROUNDS
12,MERU,56,NORTH IMENTI,276,MUNICIPALITY,NTEERE PARK
12,MERU,56,NORTH IMENTI,276,MUNICIPALITY,PIG & WHISTLE GROUNDS
12,MERU,56,NORTH IMENTI,276,MUNICIPALITY,NJURI NCHEKE STREET
12,MERU,56,NORTH IMENTI,276,MUNICIPALITY,M.O.W YARD
12,MERU,56,NORTH IMENTI,276,MUNICIPALITY,KONGOACHEKE COFFEE FACTORY
12,MERU,56,NORTH IMENTI,276,MUNICIPALITY,NTIMA KINANI HOUSING GROUNDS
12,MERU,56,NORTH IMENTI,276,MUNICIPALITY,MAKUTANO MARKET
12,MERU,56,NORTH IMENTI,276,MUNICIPALITY,KIRUKURI STREET
12,MERU,56,NORTH IMENTI,276,MUNICIPALITY,KAAGA COFFEE FACTORY
12,MERU,56,NORTH IMENTI,277,NTIMA EAST,MIRIGA MIERU SOCIETY OFFICES
12,MERU,56,NORTH IMENTI,277,NTIMA EAST,GOOD SHEPHERD PRIMARY SCHOOL
12,MERU,56,NORTH IMENTI,277,NTIMA EAST,NJUKI NJIRU PRIMARY SCHOOL
12,MERU,56,NORTH IMENTI,277,NTIMA EAST,KATHURINE COFFEE FACTORY
12,MERU,56,NORTH IMENTI,277,NTIMA EAST,MURINGO MBUGI PRIMARY SCHOOL
12,MERU,56,NORTH IMENTI,277,NTIMA EAST,GACHANKA PRIMARY SCHOOL
12,MERU,56,NORTH IMENTI,277,NTIMA EAST,KATHURINE MARKET
12,MERU,56,NORTH IMENTI,277,NTIMA EAST,MWIRINE PRIMARY SCHOOL
12,MERU,56,NORTH IMENTI,277,NTIMA EAST,GAKOROMONE OPEN AIR MARKET
12,MERU,56,NORTH IMENTI,277,NTIMA EAST,MWITERIA PRIMARY SCHOOL
12,MERU,56,NORTH IMENTI,277,NTIMA EAST,GITIMBINE MARKET
12,MERU,56,NORTH IMENTI,277,NTIMA EAST,MERU MAIN BUS PARK
12,MERU,56,NORTH IMENTI,277,NTIMA EAST,MCK GAKOROMONE
12,MERU,56,NORTH IMENTI,278,NTIMA WEST,MPURI PRIMARY SCHOOL
12,MERU,56,NORTH IMENTI,278,NTIMA WEST,KIAMIRIRU PRIMARY SCHOOL
12,MERU,56,NORTH IMENTI,278,NTIMA WEST,NTHIMBIRI PRIMARY SCHOOL
12,MERU,56,NORTH IMENTI,278,NTIMA WEST,KAING'INYO PRIMARY SCHOOL
12,MERU,56,NORTH IMENTI,278,NTIMA WEST,NG'ONYI PRIMARY SCHOOL
12,MERU,56,NORTH IMENTI,278,NTIMA WEST,MWIRA MWANKI PRIMARY SCHOOL
12,MERU,56,NORTH IMENTI,278,NTIMA WEST,IRINDA PRIMARY SCHOOL
12,MERU,56,NORTH IMENTI,278,NTIMA WEST,GIKUMENE PRIMARY SCHOOL
12,MERU,56,NORTH IMENTI,278,NTIMA WEST,GIANTUNE PRIMARY SCHOOL
12,MERU,56,NORTH IMENTI,278,NTIMA WEST,GITEBE MARKET
12,MERU,56,NORTH IMENTI,278,NTIMA WEST,NCHAURE PRIMARY SCHOOL
12,MERU,56,NORTH IMENTI,278,NTIMA WEST,KIRARIA PRIMARY SCHOOL
12,MERU,56,NORTH IMENTI,278,NTIMA WEST,GACHIEGE COFFEE FACTORY
12,MERU,56,NORTH IMENTI,278,NTIMA WEST,KIANJURI FARMERS SOCIETY
12,MERU,56,NORTH IMENTI,278,NTIMA WEST,GAUKENE MARKET
12,MERU,56,NORTH IMENTI,278,NTIMA WEST,NATIONAL CEREALS AND PRODUCE OFFICES
12,MERU,56,NORTH IMENTI,278,NTIMA WEST,KATHURINE PRIMARY SCHOOL
12,MERU,56,NORTH IMENTI,279,NYAKI WEST,MWITHUMWIRU PRIMARY SCHOOL
12,MERU,56,NORTH IMENTI,279,NYAKI WEST,MURATHANKARI PRIMARY SCHOOL
12,MERU,56,NORTH IMENTI,279,NYAKI WEST,GICHUNGE PRIMARY SCHOOL
12,MERU,56,NORTH IMENTI,279,NYAKI WEST,NGIINE PRIMARY SCHOOL
12,MERU,56,NORTH IMENTI,279,NYAKI WEST,KAITHE MARKET
12,MERU,56,NORTH IMENTI,279,NYAKI WEST,KAAGA BOYS HIGH SCHOOL
12,MERU,56,NORTH IMENTI,279,NYAKI WEST,KAAGA PRIMARY SCHOOL
12,MERU,56,NORTH IMENTI,279,NYAKI WEST,CHABUENE MOBILE
12,MERU,56,NORTH IMENTI,279,NYAKI WEST,RUNOGONE CATTLE DIP
12,MERU,56,NORTH IMENTI,279,NYAKI WEST,KIRWIRO MARKET
12,MERU,56,NORTH IMENTI,279,NYAKI WEST,KAUTHENE MARKET
12,MERU,56,NORTH IMENTI,279,NYAKI WEST,MUNITHU COFFEE FACTORY
12,MERU,56,NORTH IMENTI,279,NYAKI WEST,KIENDERU MARKET
12,MERU,56,NORTH IMENTI,279,NYAKI WEST,KARINGENE NURSERY SCHOOL
12,MERU,56,NORTH IMENTI,279,NYAKI WEST,MUNITHU PRIMARY SCHOOL
12,MERU,56,NORTH IMENTI,279,NYAKI WEST,KAMBITI PRIMARY SCHOOL
12,MERU,56,NORTH IMENTI,279,NYAKI WEST,KATHITHI PRIMARY SCHOOL
12,MERU,56,NORTH IMENTI,279,NYAKI WEST,RUNOGONE PRIMARY SCHOOL
12,MERU,56,NORTH IMENTI,279,NYAKI WEST,KITHOKA PRIMARY SCHOOL
12,MERU,56,NORTH IMENTI,279,NYAKI WEST,CHUGU PRIMARY SCHOOL
12,MERU,56,NORTH IMENTI,279,NYAKI WEST,KARIMA GA NTUIKO PRIMARY SCHOOL
12,MERU,56,NORTH IMENTI,279,NYAKI WEST,GAKURINE MARKET
12,MERU,56,NORTH IMENTI,279,NYAKI WEST,KIRUAI COFFEE FACTORY
12,MERU,56,NORTH IMENTI,279,NYAKI WEST,KIBACHIA GROUNDS
12,MERU,56,NORTH IMENTI,280,NYAKI EAST,NKABUNE PRIMARY SCHOOL
12,MERU,56,NORTH IMENTI,280,NYAKI EAST,MUKONGORONE PRIMARY SCHOOL
12,MERU,56,NORTH IMENTI,280,NYAKI EAST,RWANYANGE PRIMARY SCHOOL
12,MERU,56,NORTH IMENTI,280,NYAKI EAST,THUURA HIGH SCHOOL
12,MERU,56,NORTH IMENTI,280,NYAKI EAST,GIAKI PRIMARY SCHOOL
12,MERU,56,NORTH IMENTI,280,NYAKI EAST,RURIINE PRIMARY SCHOOL
12,MERU,56,NORTH IMENTI,280,NYAKI EAST,KARIRWARA PRIMARY SCHOOL
12,MERU,56,NORTH IMENTI,280,NYAKI EAST,MBEU PRIMARY SCHOOL
12,MERU,56,NORTH IMENTI,280,NYAKI EAST,MBIRIKENE PRIMARY SCHOOL
12,MERU,56,NORTH IMENTI,280,NYAKI EAST,CIOTHIRAI PRIMARY SCHOOL
12,MERU,56,NORTH IMENTI,280,NYAKI EAST,GACHUA PRIMARY SCHOOL
12,MERU,56,NORTH IMENTI,280,NYAKI EAST,MBUUTA PRIMARY SCHOOL
12,MERU,56,NORTH IMENTI,280,NYAKI EAST,NDIINE PRIMARY SCHOOL
12,MERU,56,NORTH IMENTI,280,NYAKI EAST,NDEKERO CATTLE DIP
12,MERU,56,NORTH IMENTI,280,NYAKI EAST,THUURA PRIMARY SCHOOL
12,MERU,56,NORTH IMENTI,280,NYAKI EAST,NDURUMO MILK COLLECTION CENTRE
12,MERU,56,NORTH IMENTI,280,NYAKI EAST,KATHIRUNE PRIMARY SCHOOL
12,MERU,56,NORTH IMENTI,280,NYAKI EAST,NKUGWE COFFEE FACTORY
12,MERU,56,NORTH IMENTI,280,NYAKI EAST,CIOTHIRAI MARKET
12,MERU,56,NORTH IMENTI,280,NYAKI EAST,KIBURINE CDC CENTRE
12,MERU,56,NORTH IMENTI,280,NYAKI EAST,THIMANGIRI MARKET
12,MERU,56,NORTH IMENTI,280,NYAKI EAST,KIRIMAITUNE PRIMARY SCHOOL
12,MERU,56,NORTH IMENTI,280,NYAKI EAST,NTHAMIIRI PRIMARY SCHOOL
12,MERU,56,NORTH IMENTI,280,NYAKI EAST,MCK ST PETERS MUKINDU
12,MERU,56,NORTH IMENTI,280,NYAKI EAST,NTANI PRIMARY SCHOOL
12,MERU,56,NORTH IMENTI,280,NYAKI EAST,MUNANDENE MARKET
12,MERU,56,NORTH IMENTI,280,NYAKI EAST,M.C.K KUURU CHURCH
12,MERU,56,NORTH IMENTI,280,NYAKI EAST,E.A.P.C MUKUNDU CHURCH
12,MERU,57,BUURI,281,TIMAU,ONTULILI CCM PRIMARY SCHOOL
12,MERU,57,BUURI,281,TIMAU,CCM ANGAINE PRIMARY SCHOOL
12,MERU,57,BUURI,281,TIMAU,KANGAITA PRIMARY SCHOOL
12,MERU,57,BUURI,281,TIMAU,KIRANGA PRIMARY SCHOOL
12,MERU,57,BUURI,281,TIMAU,NDEMU PRIMARY SCHOOL
12,MERU,57,BUURI,281,TIMAU,KITHITHINA PRIMARY SCHOOL
12,MERU,57,BUURI,281,TIMAU,MUTEITHIA PRIMARY SCHOOL
12,MERU,57,BUURI,281,TIMAU,TIMAU PRIMARY SCHOOL
12,MERU,57,BUURI,281,TIMAU,KIAMBOGO PRIMARY SCHOOL
12,MERU,57,BUURI,281,TIMAU,NKIRIA PRIMARY SCHOOL
12,MERU,57,BUURI,281,TIMAU,SIRIMON CENTRE
12,MERU,57,BUURI,281,TIMAU,NKANDO PRIMARY SCHOOL (ONTULILI)
12,MERU,57,BUURI,281,TIMAU,KONGUNE NURSERY SCHOOL
12,MERU,57,BUURI,281,TIMAU,PYRETHRUM HOUSE
12,MERU,57,BUURI,281,TIMAU,TIMAU DISTRICT HOSPITAL
12,MERU,57,BUURI,281,TIMAU,KAIRIRI NURSERY SCHOOL
12,MERU,57,BUURI,281,TIMAU,KIRIMARA PRIMARY SCHOOL
12,MERU,57,BUURI,281,TIMAU,MCK KIRIMBA ACADEMY
12,MERU,57,BUURI,281,TIMAU,MCK MWANA MUTETHUA CDC CENTRE
12,MERU,57,BUURI,281,TIMAU,MUTETHIA CATTLE DIP
12,MERU,57,BUURI,281,TIMAU,TIMAU DAY SECONDARY SCHOOL
12,MERU,57,BUURI,282,KISIMA,MARITATI PRIMARY SCHOOL
12,MERU,57,BUURI,282,KISIMA,MADARAKA PRIMARY SCHOOL
12,MERU,57,BUURI,282,KISIMA,NGUSISHI PRIMARY SCHOOL
12,MERU,57,BUURI,282,KISIMA,CCM GUNDUA PRIMARY SCHOOL
12,MERU,57,BUURI,282,KISIMA,MBUJU PRIMARY SCHOOL
12,MERU,57,BUURI,282,KISIMA,NTIRIMITI PRIMARY SCHOOL
12,MERU,57,BUURI,282,KISIMA,KAMITI PRIMARY SCHOOL
12,MERU,57,BUURI,282,KISIMA,MUTUNYI PRIMARY SCHOOL
12,MERU,57,BUURI,282,KISIMA,LEWA DOWNS PRIMARY SCHOOL
12,MERU,57,BUURI,282,KISIMA,KANYUNGA PRIMARY SCHOOL
12,MERU,57,BUURI,282,KISIMA,NDURUMURU PRIMARY SCHOOL
12,MERU,57,BUURI,282,KISIMA,MURANGINE PRIMARY SCHOOL
12,MERU,57,BUURI,282,KISIMA,AIPCA SUBUIGA PRIMARY SCHOOL
12,MERU,57,BUURI,282,KISIMA,SACRED HEART EDUCATION CENTER
12,MERU,57,BUURI,282,KISIMA,VICTOR CRESS
12,MERU,57,BUURI,282,KISIMA,TIMA FARM
12,MERU,57,BUURI,282,KISIMA,SIRAJ FARM
12,MERU,57,BUURI,282,KISIMA,KISIMA FARM
12,MERU,57,BUURI,282,KISIMA,UHURU FARM
12,MERU,57,BUURI,282,KISIMA,KARIMBA PRIMARY SCHOOL
12,MERU,57,BUURI,282,KISIMA,KISIMA SEC. SCHOOL
12,MERU,57,BUURI,282,KISIMA,ETHI POLYTECHNIC
12,MERU,57,BUURI,282,KISIMA,MUKURI FGCK
12,MERU,57,BUURI,282,KISIMA,DEB KIANDA PRIMARY SCHOOL
12,MERU,57,BUURI,282,KISIMA,MCK MUGUMONE PRIMARY SCHOOL
12,MERU,57,BUURI,282,KISIMA,DUNIA E.C.D.E
12,MERU,57,BUURI,282,KISIMA,MIENJERA AIPCA
12,MERU,57,BUURI,283,KIIRUA/NAARI,KINYENJERE PRIMARY SCHOOL
12,MERU,57,BUURI,283,KIIRUA/NAARI,NKANDO PRIMARY SCHOOL
12,MERU,57,BUURI,283,KIIRUA/NAARI,MAILI SABA MARKET
12,MERU,57,BUURI,283,KIIRUA/NAARI,KIIRUA PRIMARY SCHOOL
12,MERU,57,BUURI,283,KIIRUA/NAARI,MARINYARUIBI PRIMARY SCHOOL
12,MERU,57,BUURI,283,KIIRUA/NAARI,KIENI KIA NDEGE PRIMARY SCHOOL
12,MERU,57,BUURI,283,KIIRUA/NAARI,MICHOGOMONE PRIMARY SCHOOL
12,MERU,57,BUURI,283,KIIRUA/NAARI,MICHAKA PRIMARY SCHOOL
12,MERU,57,BUURI,283,KIIRUA/NAARI,THEGE PRIMARY SCHOOL
12,MERU,57,BUURI,283,KIIRUA/NAARI,KIRONYA PRIMARY SCHOOL
12,MERU,57,BUURI,283,KIIRUA/NAARI,KIIRUA TECHNICAL TRAINNIG INSTITUTE
12,MERU,57,BUURI,283,KIIRUA/NAARI,RUNKURU PRIMARY SCHOOL
12,MERU,57,BUURI,283,KIIRUA/NAARI,MITOONE PRIMARY SCHOOL
12,MERU,57,BUURI,283,KIIRUA/NAARI,MIUGUNE PRIMARY SCHOOL
12,MERU,57,BUURI,283,KIIRUA/NAARI,MUNANDA PRIMARY SCHOOL
12,MERU,57,BUURI,283,KIIRUA/NAARI,MUUTI-O-NTHUNGURI PRIMARY SCHOOL
12,MERU,57,BUURI,283,KIIRUA/NAARI,KAMUKETHA PRIMARY SCHOOL
12,MERU,57,BUURI,283,KIIRUA/NAARI,RUGETENE PRIMARY SCHOOL
12,MERU,57,BUURI,283,KIIRUA/NAARI,NDUNYU BARIKUI PRIMARY SCHOOL
12,MERU,57,BUURI,283,KIIRUA/NAARI,NKUNGA PRIMARY SCHOOL
12,MERU,57,BUURI,283,KIIRUA/NAARI,MURUGUMA PRIMARY SCHOOL
12,MERU,57,BUURI,283,KIIRUA/NAARI,KAURU NKURIGA PRIMARY SCHOOL
12,MERU,57,BUURI,283,KIIRUA/NAARI,KIRINGO PRIMARY SCHOOL
12,MERU,57,BUURI,283,KIIRUA/NAARI,MUJUJUNE PRIMARY SCHOOL
12,MERU,57,BUURI,284,RUIRI/RWARERA,TUTUA PRIMARY SCHOOL
12,MERU,57,BUURI,284,RUIRI/RWARERA,RWARERA PRIMARY SCHOOL
12,MERU,57,BUURI,284,RUIRI/RWARERA,KAIRUNE PRIMARY SCHOOL
12,MERU,57,BUURI,284,RUIRI/RWARERA,NJURUTA PRIMARY SCHOOL
12,MERU,57,BUURI,284,RUIRI/RWARERA,MUGAE PRIMARY SCHOOL
12,MERU,57,BUURI,284,RUIRI/RWARERA,NCHOROIBORO PRIMARY SCHOOL
12,MERU,57,BUURI,284,RUIRI/RWARERA,MUTUUMA PRIMARY SCHOOL
12,MERU,57,BUURI,284,RUIRI/RWARERA,MATUURU PRIMARY SCHOOL
12,MERU,57,BUURI,284,RUIRI/RWARERA,RIBUI PRIMARY SCHOOL
12,MERU,57,BUURI,284,RUIRI/RWARERA,KANTHUNGU PRIMARY SCHOOL
12,MERU,57,BUURI,284,RUIRI/RWARERA,KITHWENE PRIMARY SCHOOL
12,MERU,57,BUURI,284,RUIRI/RWARERA,NDUNYURUMA PRIMARY SCHOOL
12,MERU,57,BUURI,284,RUIRI/RWARERA,NJOTENE PRIMARY SCHOOL
12,MERU,57,BUURI,284,RUIRI/RWARERA,RUIRI COFFEE FACTORY
12,MERU,57,BUURI,284,RUIRI/RWARERA,RUIRI PRIMARY SCHOOOL
12,MERU,57,BUURI,284,RUIRI/RWARERA,NCHOROIBORO MARKET
12,MERU,57,BUURI,284,RUIRI/RWARERA,KAITHE PRIMARY SCHOOL
12,MERU,57,BUURI,284,RUIRI/RWARERA,KARUMANTHI PRIMARY SCHOOL
12,MERU,57,BUURI,289,KIBIRICHIA,NTUMBURI PRIMARY SCHOOL
12,MERU,57,BUURI,289,KIBIRICHIA,MARURUI PRIMARY SCHOOL
12,MERU,57,BUURI,289,KIBIRICHIA,NTUGI PRIMARY SCHOOL
12,MERU,57,BUURI,289,KIBIRICHIA,GAKANDO PRIMARY SCHOOL
12,MERU,57,BUURI,289,KIBIRICHIA,KIBORIONE PRIMARY SCHOOL
12,MERU,57,BUURI,289,KIBIRICHIA,NTHARAGWENE PRIMARY SCHOOL
12,MERU,57,BUURI,289,KIBIRICHIA,MURIINYA PRIMARY SCHOOL
12,MERU,57,BUURI,289,KIBIRICHIA,RUGUSU AIPCA PRIMARY SCHOOL
12,MERU,57,BUURI,289,KIBIRICHIA,GATHUINE PRIMARY SCHOOL
12,MERU,57,BUURI,289,KIBIRICHIA,MBURUGITI PRIMARY SCHOOL
12,MERU,57,BUURI,289,KIBIRICHIA,RUIBI PRIMARY SCHOOL
12,MERU,57,BUURI,289,KIBIRICHIA,KARANENE MILK COLLECTION CENTER
12,MERU,57,BUURI,289,KIBIRICHIA,KIMBO PRIMARY SCHOOL
12,MERU,57,BUURI,289,KIBIRICHIA,KIBIRICHIA PRIMARY SCHOOL
12,MERU,57,BUURI,289,KIBIRICHIA,KIBIRICHIA MARKET
12,MERU,57,BUURI,289,KIBIRICHIA,MUJUJUNE MARKET
12,MERU,57,BUURI,289,KIBIRICHIA,NTUGI MARKET
12,MERU,57,BUURI,289,KIBIRICHIA,KIBIRICHIA GIRLS SECONDARY SCHOOL
12,MERU,57,BUURI,289,KIBIRICHIA,KIBIRICHIA BOYS HIGH SCHOOL
12,MERU,57,BUURI,289,KIBIRICHIA,MACHAKA SOCIAL HALL
12,MERU,58,CENTRAL IMENTI,285,MWANGANTHIA,GATUUNE PRIMARY SCHOOL
12,MERU,58,CENTRAL IMENTI,285,MWANGANTHIA,GATUATINE PRIMARY SCHOOL
12,MERU,58,CENTRAL IMENTI,285,MWANGANTHIA,IGANE PRIMARY SCHOOL
12,MERU,58,CENTRAL IMENTI,285,MWANGANTHIA,GATENDERENE PRIMARY SCHOOL
12,MERU,58,CENTRAL IMENTI,285,MWANGANTHIA,KIAMAKORO PRIMARY SCHOOL
12,MERU,58,CENTRAL IMENTI,285,MWANGANTHIA,CHAARIA PRIMARY SCHOOL
12,MERU,58,CENTRAL IMENTI,285,MWANGANTHIA,MBAJONE PRIMARY SCHOOL
12,MERU,58,CENTRAL IMENTI,285,MWANGANTHIA,RUNYWENE PRIMARY SCHOOL
12,MERU,58,CENTRAL IMENTI,285,MWANGANTHIA,NGUCHIA PRIMARY SCHOOL
12,MERU,58,CENTRAL IMENTI,285,MWANGANTHIA,NKUMBO PRIMARY SCHOOL
12,MERU,58,CENTRAL IMENTI,285,MWANGANTHIA,NJUTHIINE PRIMARY SCHOOL
12,MERU,58,CENTRAL IMENTI,285,MWANGANTHIA,UCHERU PRIMARY SCHOOL
12,MERU,58,CENTRAL IMENTI,285,MWANGANTHIA,KIRWIRO PRIMARY SCHOOL
12,MERU,58,CENTRAL IMENTI,285,MWANGANTHIA,KARAENE PRIMARY SCHOOL
12,MERU,58,CENTRAL IMENTI,285,MWANGANTHIA,KARIA KA NGOGO PRIMARY SCHOOL
12,MERU,58,CENTRAL IMENTI,285,MWANGANTHIA,MCK TOWNSHIP PRIMARY SCHOOL
12,MERU,58,CENTRAL IMENTI,285,MWANGANTHIA,NJOE COFFEE FACTORY
12,MERU,58,CENTRAL IMENTI,285,MWANGANTHIA,KIENI PRIMARY SCHOOL
12,MERU,58,CENTRAL IMENTI,285,MWANGANTHIA,KARINGENE PRIMARY SCHOOL
12,MERU,58,CENTRAL IMENTI,285,MWANGANTHIA,NGEENE PRIMARY SCHOOL
12,MERU,58,CENTRAL IMENTI,285,MWANGANTHIA,NAGURU PRIMARY SCHOOL
12,MERU,58,CENTRAL IMENTI,286,ABOTHUGUCHI CENTRAL,NYWERI PRIMARY SCHOOL
12,MERU,58,CENTRAL IMENTI,286,ABOTHUGUCHI CENTRAL,MUKIRIA YOUTH POLYTECHNIC
12,MERU,58,CENTRAL IMENTI,286,ABOTHUGUCHI CENTRAL,MARIENE PRIMARY SCHOOL
12,MERU,58,CENTRAL IMENTI,286,ABOTHUGUCHI CENTRAL,MUGAMBONE PRIMARY SCHOOL
12,MERU,58,CENTRAL IMENTI,286,ABOTHUGUCHI CENTRAL,RUIGA PRIMARY SCHOOL
12,MERU,58,CENTRAL IMENTI,286,ABOTHUGUCHI CENTRAL,RUIGA AIPCA CHURCH(OLD)
12,MERU,58,CENTRAL IMENTI,286,ABOTHUGUCHI CENTRAL,MWITUMURA PRIMARY SCHOOL
12,MERU,58,CENTRAL IMENTI,286,ABOTHUGUCHI CENTRAL,KATHEJU PRIMARY SCHOOL
12,MERU,58,CENTRAL IMENTI,286,ABOTHUGUCHI CENTRAL,MURATHI PRIMARY SCHOOL
12,MERU,58,CENTRAL IMENTI,286,ABOTHUGUCHI CENTRAL,NKUENE PRIMARY SCHOOL
12,MERU,58,CENTRAL IMENTI,286,ABOTHUGUCHI CENTRAL,TABATA PRIMARY SCHOOL
12,MERU,58,CENTRAL IMENTI,286,ABOTHUGUCHI CENTRAL,GAITU PRIMARY SCHOOL
12,MERU,58,CENTRAL IMENTI,286,ABOTHUGUCHI CENTRAL,ST. MARY IMMACULATE PRIMARY SCHOOL
12,MERU,58,CENTRAL IMENTI,286,ABOTHUGUCHI CENTRAL,KAUGI NURSERY SCHOOL
12,MERU,58,CENTRAL IMENTI,286,ABOTHUGUCHI CENTRAL,MARIENE COFFEE RESEARCH FOUNDATION
12,MERU,58,CENTRAL IMENTI,286,ABOTHUGUCHI CENTRAL,KARIMONGA PRIMARY SCHOOL
12,MERU,58,CENTRAL IMENTI,286,ABOTHUGUCHI CENTRAL,KIBARII PRIMARY SCHOOL
12,MERU,58,CENTRAL IMENTI,286,ABOTHUGUCHI CENTRAL,MUKUUNE NURSERY SCHOOL
12,MERU,58,CENTRAL IMENTI,286,ABOTHUGUCHI CENTRAL,NTONYERO PRIMARY SCHOOL
12,MERU,58,CENTRAL IMENTI,286,ABOTHUGUCHI CENTRAL,KIRIA PRIMARY SCHOOL
12,MERU,58,CENTRAL IMENTI,286,ABOTHUGUCHI CENTRAL,KIRIGARA PRIMARY SCHOOL
12,MERU,58,CENTRAL IMENTI,286,ABOTHUGUCHI CENTRAL,KARIENE PRIMARY SCHOOL
12,MERU,58,CENTRAL IMENTI,286,ABOTHUGUCHI CENTRAL,RWANDERI PRIMARY SCHOOL
12,MERU,58,CENTRAL IMENTI,286,ABOTHUGUCHI CENTRAL,KIRIRWA PRIMARY SCHOOL
12,MERU,58,CENTRAL IMENTI,286,ABOTHUGUCHI CENTRAL,RWARE PRIMARY SCHOOL
12,MERU,58,CENTRAL IMENTI,286,ABOTHUGUCHI CENTRAL,KARINDINE PRIMARY SCHOOL
12,MERU,58,CENTRAL IMENTI,286,ABOTHUGUCHI CENTRAL,RWANKWARE COFFEE FACTORY
12,MERU,58,CENTRAL IMENTI,286,ABOTHUGUCHI CENTRAL,KIRIGARA COFFEE FACTORY
12,MERU,58,CENTRAL IMENTI,286,ABOTHUGUCHI CENTRAL,RWANGUA PRIMARY SCHOOL
12,MERU,58,CENTRAL IMENTI,287,ABOTHUGUCHI WEST,MUTHANGENE PRIMARY SCHOOL
12,MERU,58,CENTRAL IMENTI,287,ABOTHUGUCHI WEST,KATHIRANGA PRIMARY SCHOOL
12,MERU,58,CENTRAL IMENTI,287,ABOTHUGUCHI WEST,KIJIJONE PRIMARY SCHOOL
12,MERU,58,CENTRAL IMENTI,287,ABOTHUGUCHI WEST,KIANTHUMBI PRIMARY SCHOOL
12,MERU,58,CENTRAL IMENTI,287,ABOTHUGUCHI WEST,KINJO PRIMARY SCHOOL
12,MERU,58,CENTRAL IMENTI,287,ABOTHUGUCHI WEST,KATHERI PRIMARY SCHOOL
12,MERU,58,CENTRAL IMENTI,287,ABOTHUGUCHI WEST,KATHITA PRIMARY
12,MERU,58,CENTRAL IMENTI,287,ABOTHUGUCHI WEST,KAGERE TEA BUYING CENTRE
12,MERU,58,CENTRAL IMENTI,287,ABOTHUGUCHI WEST,MWOROGA TEA BUYING CENTRE
12,MERU,58,CENTRAL IMENTI,287,ABOTHUGUCHI WEST,RIIJI COFFEE FACTORY
12,MERU,58,CENTRAL IMENTI,287,ABOTHUGUCHI WEST,KATHERI COFFEE FACTORY
12,MERU,58,CENTRAL IMENTI,287,ABOTHUGUCHI WEST,KINJO CATTLE DIP
12,MERU,58,CENTRAL IMENTI,287,ABOTHUGUCHI WEST,KAATHI TEA BUYING CENTRE
12,MERU,58,CENTRAL IMENTI,287,ABOTHUGUCHI WEST,KARUGWA PRIMARY SCHOOL
12,MERU,58,CENTRAL IMENTI,287,ABOTHUGUCHI WEST,GITHONGO YOUTH POLYTECHNIC
12,MERU,58,CENTRAL IMENTI,287,ABOTHUGUCHI WEST,MARATHI COFFEE FACORY
12,MERU,58,CENTRAL IMENTI,287,ABOTHUGUCHI WEST,KAUGU PRIMARY SCHOOL
12,MERU,58,CENTRAL IMENTI,287,ABOTHUGUCHI WEST,MURI PRIMARY SCHOOL
12,MERU,58,CENTRAL IMENTI,287,ABOTHUGUCHI WEST,GITHONGO TEA FACTORY
12,MERU,58,CENTRAL IMENTI,287,ABOTHUGUCHI WEST,RWATHI TEA BUYING CENTRE
12,MERU,58,CENTRAL IMENTI,287,ABOTHUGUCHI WEST,KARUGWA COFFEE FACTORY
12,MERU,58,CENTRAL IMENTI,287,ABOTHUGUCHI WEST,MANKURU TEA BUYING CENTRE
12,MERU,58,CENTRAL IMENTI,287,ABOTHUGUCHI WEST,MURIINYA TEA BUYING CENTRE
12,MERU,58,CENTRAL IMENTI,287,ABOTHUGUCHI WEST,KITHIRUNE PRIMARY SCHOOL
12,MERU,58,CENTRAL IMENTI,287,ABOTHUGUCHI WEST,MURUUGI PRIMARY SCHOOL
12,MERU,58,CENTRAL IMENTI,287,ABOTHUGUCHI WEST,KIORU PRIMARY SCHOOL
12,MERU,58,CENTRAL IMENTI,287,ABOTHUGUCHI WEST,KITHIRUNE GIRLS SECONDARY SCHOOL
12,MERU,58,CENTRAL IMENTI,287,ABOTHUGUCHI WEST,MBWINJERU PRIMARY SCHOOL
12,MERU,58,CENTRAL IMENTI,287,ABOTHUGUCHI WEST,KAGUMA PRIMARY SCHOOL
12,MERU,58,CENTRAL IMENTI,287,ABOTHUGUCHI WEST,NGAACIA TEA BUYING CENTRE
12,MERU,58,CENTRAL IMENTI,287,ABOTHUGUCHI WEST,KAMURITA TEA BUYING
12,MERU,58,CENTRAL IMENTI,287,ABOTHUGUCHI WEST,KAURUU TEA BUYING CENTRE
12,MERU,58,CENTRAL IMENTI,287,ABOTHUGUCHI WEST,ABOTHUGUCHI BOARDING PRIMARY SCHOOL
12,MERU,58,CENTRAL IMENTI,288,KIAGU,GITIYE PRIMARY SCHOOL
12,MERU,58,CENTRAL IMENTI,288,KIAGU,MUJWA PRIMARY SCHOOL
12,MERU,58,CENTRAL IMENTI,288,KIAGU,KIIJA PRIMARY SCHOOL
12,MERU,58,CENTRAL IMENTI,288,KIAGU,NG'ONGA PRIMARY SCHOOL
12,MERU,58,CENTRAL IMENTI,288,KIAGU,MUTHIKIINE PRIMARY SCHOOL
12,MERU,58,CENTRAL IMENTI,288,KIAGU,MAKANDUNE PRIMARY SCHOOL
12,MERU,58,CENTRAL IMENTI,288,KIAGU,MATETU PRIMARY SCHOOL
12,MERU,58,CENTRAL IMENTI,288,KIAGU,KANYWEE PRIMARY SCHOOL
12,MERU,58,CENTRAL IMENTI,288,KIAGU,GIKUURU PRIMARY SCHOOL
12,MERU,58,CENTRAL IMENTI,288,KIAGU,NKURA PRIMARY SCHOOL
12,MERU,58,CENTRAL IMENTI,288,KIAGU,MANTHI PRIMARY SCHOOL
12,MERU,58,CENTRAL IMENTI,288,KIAGU,KIAMURI PRIMARY SCHOOL
12,MERU,58,CENTRAL IMENTI,288,KIAGU,KAUTHENE PRIMARY SCHOOL
12,MERU,58,CENTRAL IMENTI,288,KIAGU,MPINDI PRIMARY SCHOOL
12,MERU,58,CENTRAL IMENTI,288,KIAGU,RIKANA PRIMARY SCHOOL
12,MERU,58,CENTRAL IMENTI,288,KIAGU,MCK MUKUUNE PRIMARY SCHOOL
12,MERU,58,CENTRAL IMENTI,288,KIAGU,GACURU PRIMARY SCHOOL
12,MERU,58,CENTRAL IMENTI,288,KIAGU,GITUNE COFFEE FACTORY
12,MERU,58,CENTRAL IMENTI,288,KIAGU,KARIMBENE SHOPPING CENTRE
12,MERU,58,CENTRAL IMENTI,288,KIAGU,ST. PAUL'S MAKANDUNE SECONDARY SCHOOL
12,MERU,59,SOUTH IMENTI,290,MITUNGUU,MUGURU COFFEE FACTORY
12,MERU,59,SOUTH IMENTI,290,MITUNGUU,MUGURU PRIMARY SCHOOL
12,MERU,59,SOUTH IMENTI,290,MITUNGUU,KITHUNGURI PRIMARY SCHOOL
12,MERU,59,SOUTH IMENTI,290,MITUNGUU,NKUMARI COFFEE FACTORY
12,MERU,59,SOUTH IMENTI,290,MITUNGUU,NDAMENE PRIMARY SCHOOL
12,MERU,59,SOUTH IMENTI,290,MITUNGUU,RWOMPO PRIMARY SCHOOL
12,MERU,59,SOUTH IMENTI,290,MITUNGUU,GACEERO PRIMARY SCHOOL
12,MERU,59,SOUTH IMENTI,290,MITUNGUU,MITUNGUU PRIMARY SCHOOL
12,MERU,59,SOUTH IMENTI,290,MITUNGUU,MUUNGU PRIMARY SCHOOL
12,MERU,59,SOUTH IMENTI,290,MITUNGUU,NKUNGUGU COFFEE FACTORY
12,MERU,59,SOUTH IMENTI,290,MITUNGUU,MAMURU PRIMARY SCHOOL
12,MERU,59,SOUTH IMENTI,290,MITUNGUU,KAURONE PRIMARY SCHOOL
12,MERU,59,SOUTH IMENTI,290,MITUNGUU,MBETI PRIMARY SCHOOL
12,MERU,59,SOUTH IMENTI,290,MITUNGUU,NKUMARI PRIMARY SCHOOL
12,MERU,59,SOUTH IMENTI,290,MITUNGUU,GITARA PRIMARY SCHOOL
12,MERU,59,SOUTH IMENTI,290,MITUNGUU,MITUNGUU SOCIAL HALL
12,MERU,59,SOUTH IMENTI,290,MITUNGUU,MITUNGUU TECHNICAL TRAINING INSTITUTE
12,MERU,59,SOUTH IMENTI,290,MITUNGUU,KITHUNGURI SECONDARY SCHOOL
12,MERU,59,SOUTH IMENTI,290,MITUNGUU,MBETI OPEN AIR MARKET
12,MERU,59,SOUTH IMENTI,290,MITUNGUU,NYAGENE GIRLS SECONDARY SCHOOL
12,MERU,59,SOUTH IMENTI,291,IGOJI EAST,RURAMA PRIMARY SCHOOL
12,MERU,59,SOUTH IMENTI,291,IGOJI EAST,ST. ELIZABETH PRIMARY SCHOOL
12,MERU,59,SOUTH IMENTI,291,IGOJI EAST,NCHIGI PRIMARY SCHOOL
12,MERU,59,SOUTH IMENTI,291,IGOJI EAST,KATHIGIRI BOARDING PRIMARY SCHOOL
12,MERU,59,SOUTH IMENTI,291,IGOJI EAST,KAROE PRIMARY SCHOOL
12,MERU,59,SOUTH IMENTI,291,IGOJI EAST,NJERUNE PRIMARY SCHOOL
12,MERU,59,SOUTH IMENTI,291,IGOJI EAST,GICICI PRIMARY SCHOOL
12,MERU,59,SOUTH IMENTI,291,IGOJI EAST,IGOJI PRIMARY SCHOOL
12,MERU,59,SOUTH IMENTI,291,IGOJI EAST,KAGUMONE PRIMARY SCHOOL
12,MERU,59,SOUTH IMENTI,291,IGOJI EAST,ST. JUDE KK PRIMARY SCHOOL
12,MERU,59,SOUTH IMENTI,291,IGOJI EAST,GEETO PRIMARY SCHOOL
12,MERU,59,SOUTH IMENTI,291,IGOJI EAST,IGOJI BOYS SECONDARY SCHOOL
12,MERU,59,SOUTH IMENTI,291,IGOJI EAST,NKUGWE PRIMARY SCHOOL
12,MERU,59,SOUTH IMENTI,291,IGOJI EAST,RWARENE PRIMARY SCHOOL
12,MERU,59,SOUTH IMENTI,291,IGOJI EAST,GATUNTUNE PRIMARY SCHOOL
12,MERU,59,SOUTH IMENTI,291,IGOJI EAST,MACHEGENE PRIMARY SCHOOL
12,MERU,59,SOUTH IMENTI,291,IGOJI EAST,MWOROGA PRIMARY SCHOOL
12,MERU,59,SOUTH IMENTI,291,IGOJI EAST,GIKURUNE PRIMARY SCHOOL
12,MERU,59,SOUTH IMENTI,291,IGOJI EAST,KIRERU PRIMARY SCHOOL
12,MERU,59,SOUTH IMENTI,291,IGOJI EAST,GITINE PRIMARY SCHOOL
12,MERU,59,SOUTH IMENTI,291,IGOJI EAST,MURINGOMBAINE PRIMARY SCHOOL
12,MERU,59,SOUTH IMENTI,291,IGOJI EAST,KATHANGARI PRIMARY SCHOOL
12,MERU,59,SOUTH IMENTI,291,IGOJI EAST,KIUNE PRIMARY SCHOOL
12,MERU,59,SOUTH IMENTI,291,IGOJI EAST,MURIRU PRIMARY SCHOOL
12,MERU,59,SOUTH IMENTI,291,IGOJI EAST,MITUNE PRIMARY SCHOOL
12,MERU,59,SOUTH IMENTI,291,IGOJI EAST,MIRURIIRI PRIMARY SCHOOL
12,MERU,59,SOUTH IMENTI,291,IGOJI EAST,KATHIGU PRIMARY SCHOOL
12,MERU,59,SOUTH IMENTI,292,IGOJI WEST,KIROONE PRIMARY SCHOOL
12,MERU,59,SOUTH IMENTI,292,IGOJI WEST,MUGAE HILL PRIMARY SCHOOL
12,MERU,59,SOUTH IMENTI,292,IGOJI WEST,MUKUCIUNE PRIMARY SCHOOL
12,MERU,59,SOUTH IMENTI,292,IGOJI WEST,MUKARAGATINE PRIMARY SCHOOL
12,MERU,59,SOUTH IMENTI,292,IGOJI WEST,KIAMWERI PRIMARY SCHOOL
12,MERU,59,SOUTH IMENTI,292,IGOJI WEST,MUTUNGURU PRIMARY SCHOOL
12,MERU,59,SOUTH IMENTI,292,IGOJI WEST,KAURA TEA BUYING CENTRE
12,MERU,59,SOUTH IMENTI,292,IGOJI WEST,KIITHWA PRIMARY SCHOOL
12,MERU,59,SOUTH IMENTI,292,IGOJI WEST,KINORO RESOURCE CENTRE
12,MERU,59,SOUTH IMENTI,292,IGOJI WEST,KAREGI PRIMARY SCHOOL
12,MERU,59,SOUTH IMENTI,292,IGOJI WEST,RIGIRI COFFEE FACTORY
12,MERU,59,SOUTH IMENTI,292,IGOJI WEST,KINORO PRIMARY SCHOOL
12,MERU,59,SOUTH IMENTI,292,IGOJI WEST,MUREMBU PRIMARY SCHOOL
12,MERU,59,SOUTH IMENTI,292,IGOJI WEST,KIANDUGU PRIMARY SCHOOL
12,MERU,59,SOUTH IMENTI,292,IGOJI WEST,KATHUGUYA PRIMARY SCHOOL
12,MERU,59,SOUTH IMENTI,292,IGOJI WEST,MUTONGA COFFEE FACTORY
12,MERU,59,SOUTH IMENTI,292,IGOJI WEST,KIANGUA PRIMARY SCHOOL
12,MERU,59,SOUTH IMENTI,292,IGOJI WEST,KARIA COFFEE FACTORY
12,MERU,59,SOUTH IMENTI,292,IGOJI WEST,GAKUUNI PRIMARY SCHOOL
12,MERU,59,SOUTH IMENTI,292,IGOJI WEST,KIAMATHEU TEA BUYING CENTRE
12,MERU,59,SOUTH IMENTI,293,ABOGETA EAST,ST. ALLOYSIUS PRIMARY SCHOOL
12,MERU,59,SOUTH IMENTI,293,ABOGETA EAST,KANYAKINE PRIMARY SCHOOL
12,MERU,59,SOUTH IMENTI,293,ABOGETA EAST,NTHARENE PRIMARY SCHOOL
12,MERU,59,SOUTH IMENTI,293,ABOGETA EAST,KOTHINE DAY SECONDARY SCHOOL
12,MERU,59,SOUTH IMENTI,293,ABOGETA EAST,NTHUNGURI PRIMARY SCHOOL
12,MERU,59,SOUTH IMENTI,293,ABOGETA EAST,IGOKI SECONDARY SCHOOL
12,MERU,59,SOUTH IMENTI,293,ABOGETA EAST,KIROGINE PRIMARY SCHOOL
12,MERU,59,SOUTH IMENTI,293,ABOGETA EAST,KAMURINGI PRIMARY SCHOOL
12,MERU,59,SOUTH IMENTI,293,ABOGETA EAST,YURURU PRIMARY SCHOOL
12,MERU,59,SOUTH IMENTI,293,ABOGETA EAST,NYANYA COFFEE FACTORY
12,MERU,59,SOUTH IMENTI,293,ABOGETA EAST,GAATIA PRIMARY SCHOOL
12,MERU,59,SOUTH IMENTI,293,ABOGETA EAST,KAIRAA PRIMARY SCHOOL
12,MERU,59,SOUTH IMENTI,293,ABOGETA EAST,KITHAKANARO PRIMARY SCHOOL
12,MERU,59,SOUTH IMENTI,293,ABOGETA EAST,MUUTIOKIAMA PRIMARY SCHOOL
12,MERU,59,SOUTH IMENTI,293,ABOGETA EAST,MARAA PRIMARY SCHOOL
12,MERU,59,SOUTH IMENTI,293,ABOGETA EAST,KITHINO PRIMARY SCHOOL
12,MERU,59,SOUTH IMENTI,293,ABOGETA EAST,ITHITWE PRIMARY SCHOOL
12,MERU,59,SOUTH IMENTI,293,ABOGETA EAST,KITHATU PRIMARY SCHOOL
12,MERU,59,SOUTH IMENTI,293,ABOGETA EAST,KIRINGA PRIMARY SCHOOL
12,MERU,59,SOUTH IMENTI,293,ABOGETA EAST,NYOMBA YA ATHI PRIMARY SCHOOL
12,MERU,59,SOUTH IMENTI,293,ABOGETA EAST,LOWER CHURE SECONDARY SCHOOL
12,MERU,59,SOUTH IMENTI,293,ABOGETA EAST,MWICHIUNE PRIMARY SCHOOL
12,MERU,59,SOUTH IMENTI,293,ABOGETA EAST,UNJA COFFEE FACTORY
12,MERU,59,SOUTH IMENTI,293,ABOGETA EAST,IRIENE PRIMARY SCHOOL
12,MERU,59,SOUTH IMENTI,293,ABOGETA EAST,KIAMBENE COFFEE FACTORY
12,MERU,59,SOUTH IMENTI,293,ABOGETA EAST,GIKONGORO COFFEE FACTORY
12,MERU,59,SOUTH IMENTI,294,ABOGETA WEST,IGANDENE PRIMARY SCHOOL
12,MERU,59,SOUTH IMENTI,294,ABOGETA WEST,KARIRUNE TEA BUYING CENTER
12,MERU,59,SOUTH IMENTI,294,ABOGETA WEST,BUBUI PRIMARY SCHOOL
12,MERU,59,SOUTH IMENTI,294,ABOGETA WEST,KIONYO EDUCATION CENTRE
12,MERU,59,SOUTH IMENTI,294,ABOGETA WEST,GATAKENE PRIMARY SCHOOL
12,MERU,59,SOUTH IMENTI,294,ABOGETA WEST,MACHIKINE PRIMARY SCHOOL
12,MERU,59,SOUTH IMENTI,294,ABOGETA WEST,ITHIMBARI PRIMARY SCHOOL
12,MERU,59,SOUTH IMENTI,294,ABOGETA WEST,NDAGENE SECONDARY SCHOOL
12,MERU,59,SOUTH IMENTI,294,ABOGETA WEST,NKURIGA PRIMARY SCHOOL
12,MERU,59,SOUTH IMENTI,294,ABOGETA WEST,KITHAENE PRIMARY SCHOOL
12,MERU,59,SOUTH IMENTI,294,ABOGETA WEST,MENWE PRIMARY SCHOOL
12,MERU,59,SOUTH IMENTI,294,ABOGETA WEST,NGONGO PRIMARY SCHOOL
12,MERU,59,SOUTH IMENTI,294,ABOGETA WEST,GIUMPU PRIMARY SCHOOL
12,MERU,59,SOUTH IMENTI,294,ABOGETA WEST,KIONYO PRIMARY SCHOOL
12,MERU,59,SOUTH IMENTI,294,ABOGETA WEST,KITHANGARI PRIMARY SCHOOL
12,MERU,59,SOUTH IMENTI,294,ABOGETA WEST,MURUNGURUNE PRIMARY SCHOOL
12,MERU,59,SOUTH IMENTI,294,ABOGETA WEST,KARIENE TEA BUYING CENTRE
12,MERU,59,SOUTH IMENTI,294,ABOGETA WEST,IRIMBENE PRIMARY SCHOOL
12,MERU,59,SOUTH IMENTI,294,ABOGETA WEST,KAIRIENE PRIMARY SCHOOL
12,MERU,59,SOUTH IMENTI,294,ABOGETA WEST,GUMPIRA TEA BUYING CENTRE
12,MERU,59,SOUTH IMENTI,294,ABOGETA WEST,NYAAGI PRIMARY SCHOOL
12,MERU,59,SOUTH IMENTI,294,ABOGETA WEST,GATURI PRIMARY SCHOOL
12,MERU,59,SOUTH IMENTI,294,ABOGETA WEST,GANGARA PRIMARY SCHOOL
12,MERU,59,SOUTH IMENTI,294,ABOGETA WEST,KANTHUNGU TEA BUYING CENTRE
12,MERU,59,SOUTH IMENTI,294,ABOGETA WEST,UCIMA PRIMARY SCHOOL
12,MERU,59,SOUTH IMENTI,294,ABOGETA WEST,GITUMBINE TEA BUYING CENTRE GATURI
12,MERU,59,SOUTH IMENTI,294,ABOGETA WEST,GITUMBINE TEA BUYING CENTRE NGIRINE
12,MERU,59,SOUTH IMENTI,294,ABOGETA WEST,NJUGUNE BOARDING PRIMARY SCHOOL
12,MERU,59,SOUTH IMENTI,295,NKUENE,RUGEJU COFFEE FACTORY
12,MERU,59,SOUTH IMENTI,295,NKUENE,MIKUMBUNE PRIMARY SCHOOL
12,MERU,59,SOUTH IMENTI,295,NKUENE,KANDIGI COFFEE FACTORY
12,MERU,59,SOUTH IMENTI,295,NKUENE,THAARU MARKET
12,MERU,59,SOUTH IMENTI,295,NKUENE,GATINYA TEA BUYING CENTRE
12,MERU,59,SOUTH IMENTI,295,NKUENE,GITIJIWE PRIMARY SCHOOL
12,MERU,59,SOUTH IMENTI,295,NKUENE,RUBIRI TEA BUYING CENTRE
12,MERU,59,SOUTH IMENTI,295,NKUENE,GANKONDI PRIMARY SCHOOL
12,MERU,59,SOUTH IMENTI,295,NKUENE,KIANGURWE COFFEE FACTORY
12,MERU,59,SOUTH IMENTI,295,NKUENE,UKUU PRIMARY SCHOOL
12,MERU,59,SOUTH IMENTI,295,NKUENE,KAUBAU PRIMARY SCHOOL
12,MERU,59,SOUTH IMENTI,295,NKUENE,BAITIGITU PRIMARY SCHOOL
12,MERU,59,SOUTH IMENTI,295,NKUENE,MARIMBA PRIMARY SCHOOL
12,MERU,59,SOUTH IMENTI,295,NKUENE,KATHERA TEA BUYING CENTRE
12,MERU,59,SOUTH IMENTI,295,NKUENE,KATHERA PRIMARY SCHOOL
12,MERU,59,SOUTH IMENTI,295,NKUENE,KIGARINE PRIMARY SCHOOL
12,MERU,59,SOUTH IMENTI,295,NKUENE,KAGWAMPUNGU PRIMARY SCHOOL
12,MERU,59,SOUTH IMENTI,295,NKUENE,NTEMWENE PRIMARY SCHOOL
12,MERU,59,SOUTH IMENTI,295,NKUENE,KATHUNGUTHO TEA BUYING CENTRE
12,MERU,59,SOUTH IMENTI,295,NKUENE,KIANJOGU PRIMARY SCHOOL
12,MERU,59,SOUTH IMENTI,295,NKUENE,KIERU COFFEE FACTORY
12,MERU,59,SOUTH IMENTI,295,NKUENE,KIGANE PRIMARY SCHOOL
12,MERU,59,SOUTH IMENTI,295,NKUENE,KIGANE CATTLE DIP
12,MERU,59,SOUTH IMENTI,295,NKUENE,KATHANTHATU PRIMARY SCHOOL
12,MERU,59,SOUTH IMENTI,295,NKUENE,NKUBU POLYTECHNIC
12,MERU,59,SOUTH IMENTI,295,NKUENE,COUNTY SOCIAL HALL
12,MERU,59,SOUTH IMENTI,295,NKUENE,NKUBU PRIMARY SCHOOL
12,MERU,59,SOUTH IMENTI,295,NKUENE,NKUBU SECONDARY SCHOOL
12,MERU,59,SOUTH IMENTI,295,NKUENE,NKUBU DAY SECONDARY SCHOOL
12,MERU,59,SOUTH IMENTI,295,NKUENE,BUURI YA KING'ORI PRIIMARY SCHOOL
12,MERU,59,SOUTH IMENTI,295,NKUENE,URUKU TEA BUYING CENTRE
12,MERU,59,SOUTH IMENTI,295,NKUENE,KAIGENE TEA BUYING CENTRE
13,THARAKA - NITHI,60,MAARA,296,MITHERU,KIINI PRIMARY SCHOOL
13,THARAKA - NITHI,60,MAARA,296,MITHERU,IKAME PRIMARY SCHOOL
13,THARAKA - NITHI,60,MAARA,296,MITHERU,MUGONA PRIMARY SCHOOL
13,THARAKA - NITHI,60,MAARA,296,MITHERU,KIAMUCHUMBI TEA BUYING CENTRE
13,THARAKA - NITHI,60,MAARA,296,MITHERU,PCEA MITHERU CHURCH GROUNDS
13,THARAKA - NITHI,60,MAARA,296,MITHERU,GIAMPAMPO PRIMARY SCHOOL
13,THARAKA - NITHI,60,MAARA,296,MITHERU,GAKETHA PRIMARY SCHOOL
13,THARAKA - NITHI,60,MAARA,296,MITHERU,MINUGU PRIMARY SCHOOL
13,THARAKA - NITHI,60,MAARA,296,MITHERU,RUGUTA PRIMARY SCHOOL
13,THARAKA - NITHI,60,MAARA,296,MITHERU,KAMACHUKU PRIMARY SCHOOL
13,THARAKA - NITHI,60,MAARA,296,MITHERU,MUTHENGE APOSTLOIC CHURCH GROUNDS
13,THARAKA - NITHI,60,MAARA,296,MITHERU,IGANGARA SECONDARY SCHOOL
13,THARAKA - NITHI,60,MAARA,296,MITHERU,KAGANJO PRIMARY SCHOOL
13,THARAKA - NITHI,60,MAARA,296,MITHERU,MURAGARA PRIMARY SCHOOL
13,THARAKA - NITHI,60,MAARA,296,MITHERU,KAMUTUMA NICA CHURCH GROUNDS
13,THARAKA - NITHI,60,MAARA,296,MITHERU,NDUMBINI PRIMARY SCHOOL
13,THARAKA - NITHI,60,MAARA,296,MITHERU,KATHANGAWE PRIMARY SCHOOL
13,THARAKA - NITHI,60,MAARA,296,MITHERU,MATINIA MARKET GROUNDS
13,THARAKA - NITHI,60,MAARA,296,MITHERU,KAGONGO GACHEKE PRIMARY SCHOOL
13,THARAKA - NITHI,60,MAARA,296,MITHERU,NKURURU NURSERY SCHOOL
13,THARAKA - NITHI,60,MAARA,296,MITHERU,MAGUNDU PRIMARY SCHOOL
13,THARAKA - NITHI,60,MAARA,296,MITHERU,IRIANI COFFEE FACTORY
13,THARAKA - NITHI,60,MAARA,296,MITHERU,MAGUNDU SECONDARY SCHOOL
13,THARAKA - NITHI,60,MAARA,296,MITHERU,GITUNTU PRIMARY SCHOOL
13,THARAKA - NITHI,60,MAARA,296,MITHERU,GITUNTU SECONDARY SCHOOL
13,THARAKA - NITHI,60,MAARA,296,MITHERU,MIKUU PRIMARY SCHOOL
13,THARAKA - NITHI,60,MAARA,296,MITHERU,MIKUU MARKET GROUNDS
13,THARAKA - NITHI,60,MAARA,297,MUTHAMBI,MARIMA PRIMARY SCHOOL
13,THARAKA - NITHI,60,MAARA,297,MUTHAMBI,RUREA PRIMARY SCHOOL
13,THARAKA - NITHI,60,MAARA,297,MUTHAMBI,MUTHAMBI POLYTECHNIC
13,THARAKA - NITHI,60,MAARA,297,MUTHAMBI,WILLIES PRIMARY SCHOOL
13,THARAKA - NITHI,60,MAARA,297,MUTHAMBI,KARIANI PRIMARY SCHOOL
13,THARAKA - NITHI,60,MAARA,297,MUTHAMBI,NKUNDI PRIMARY SCHOOL
13,THARAKA - NITHI,60,MAARA,297,MUTHAMBI,KATHUGUNE METHODIST
13,THARAKA - NITHI,60,MAARA,297,MUTHAMBI,NTATUA PRIMARY SCHOOL
13,THARAKA - NITHI,60,MAARA,297,MUTHAMBI,NICA GICHUE CHURCH GROUNDS
13,THARAKA - NITHI,60,MAARA,297,MUTHAMBI,MAATHA PRIMARY SCHOOL
13,THARAKA - NITHI,60,MAARA,297,MUTHAMBI,KANORO PRIMARY SCHOOL
13,THARAKA - NITHI,60,MAARA,297,MUTHAMBI,NTAKANI PRIMARY SCHOOL
13,THARAKA - NITHI,60,MAARA,297,MUTHAMBI,NICA KARENI CHURCH GROUNDS
13,THARAKA - NITHI,60,MAARA,297,MUTHAMBI,MUKUTHUKU PCEA CHURCH GROUNDS
13,THARAKA - NITHI,60,MAARA,297,MUTHAMBI,MUMBUNI PRIMARY SCHOOL
13,THARAKA - NITHI,60,MAARA,297,MUTHAMBI,KARIGINI PRIMARY SCHOOL
13,THARAKA - NITHI,60,MAARA,297,MUTHAMBI,KAJIAMBAKI PRIMARY SCHOOL
13,THARAKA - NITHI,60,MAARA,297,MUTHAMBI,IKINDU PRIMARY SCHOOL
13,THARAKA - NITHI,60,MAARA,297,MUTHAMBI,D.E.B NTUIBU NURSERY SCHOOL
13,THARAKA - NITHI,60,MAARA,297,MUTHAMBI,GITUJA PRIMARY SCHOOL
13,THARAKA - NITHI,60,MAARA,297,MUTHAMBI,IRIGA TEA BUYING CENTRE GROUNDS
13,THARAKA - NITHI,60,MAARA,297,MUTHAMBI,KAGONGO PRIMARY SCHOOL
13,THARAKA - NITHI,60,MAARA,297,MUTHAMBI,MUTI IGURU PRIMARY SCHOOL
13,THARAKA - NITHI,60,MAARA,297,MUTHAMBI,MURAGA PRIMARY SCHOOL
13,THARAKA - NITHI,60,MAARA,297,MUTHAMBI,ITARA PRIMARY SCHOOL
13,THARAKA - NITHI,60,MAARA,297,MUTHAMBI,NYAGANI DISPENSARY GROUNDS
13,THARAKA - NITHI,60,MAARA,297,MUTHAMBI,MUTHAMBI PRIMARY SCHOOL
13,THARAKA - NITHI,60,MAARA,297,MUTHAMBI,KAJIUNDUTHI PRIMARY SCHOOL
13,THARAKA - NITHI,60,MAARA,297,MUTHAMBI,MARIMA STAGE GROUNDS
13,THARAKA - NITHI,60,MAARA,298,MWIMBI,IRURI PRIMARY SCHOOL
13,THARAKA - NITHI,60,MAARA,298,MWIMBI,KAGITI PRIMARY SCHOOL
13,THARAKA - NITHI,60,MAARA,298,MWIMBI,MAKENGI PRIMARY SCHOOL
13,THARAKA - NITHI,60,MAARA,298,MWIMBI,IGAKIRAMBA PRIMARY SCHOOL
13,THARAKA - NITHI,60,MAARA,298,MWIMBI,MAGUMA PRIMARY SCHOOL
13,THARAKA - NITHI,60,MAARA,298,MWIMBI,M/EKORANI PRIMARY SCHOOL
13,THARAKA - NITHI,60,MAARA,298,MWIMBI,MAUTINI PRIMARY SCHOOL
13,THARAKA - NITHI,60,MAARA,298,MWIMBI,MAGUMA DAY SECONDARY SCHOOL
13,THARAKA - NITHI,60,MAARA,298,MWIMBI,KANINI PRIMARY SCHOOL
13,THARAKA - NITHI,60,MAARA,298,MWIMBI,NDINTUNE PRIMARY SCHOOL
13,THARAKA - NITHI,60,MAARA,298,MWIMBI,KABAIKUBU PRIMARY SCHOOL
13,THARAKA - NITHI,60,MAARA,298,MWIMBI,KAARE PRIMARY SCHOOL
13,THARAKA - NITHI,60,MAARA,298,MWIMBI,KANOA CATHOLIC PRAYER HOUSE
13,THARAKA - NITHI,60,MAARA,298,MWIMBI,KIANJUKI PRIMARY SCHOOL
13,THARAKA - NITHI,60,MAARA,298,MWIMBI,KABUI PRIMARY SCHOOL
13,THARAKA - NITHI,60,MAARA,298,MWIMBI,KITHITU PRIMARY SCHOOL
13,THARAKA - NITHI,60,MAARA,298,MWIMBI,KIAIRUGU PRIMARY SCHOOL
13,THARAKA - NITHI,60,MAARA,298,MWIMBI,KIAIRUGU COFFEE FACTORY
13,THARAKA - NITHI,60,MAARA,298,MWIMBI,RUGONGONI EAPC CHURCH GROUNDS
13,THARAKA - NITHI,60,MAARA,298,MWIMBI,GATANGI NURSERY SCHOOL
13,THARAKA - NITHI,60,MAARA,298,MWIMBI,KARUMBI PRIMARY SCHOOL
13,THARAKA - NITHI,60,MAARA,298,MWIMBI,KIURANI PRIMARY SCHOOL
13,THARAKA - NITHI,60,MAARA,298,MWIMBI,KIRINDINI PRIMARY SCHOOL
13,THARAKA - NITHI,60,MAARA,298,MWIMBI,KIROO COFFEE FACTORY
13,THARAKA - NITHI,60,MAARA,298,MWIMBI,J.K. MEMORIAL PRIMARY SCHOOL
13,THARAKA - NITHI,60,MAARA,298,MWIMBI,IRUMA PRIMARY SCHOOL
13,THARAKA - NITHI,60,MAARA,298,MWIMBI,NKUMBO NURSERY SCHOOL
13,THARAKA - NITHI,60,MAARA,298,MWIMBI,IRUMA COFFEE FACTORY
13,THARAKA - NITHI,60,MAARA,298,MWIMBI,EAPC KIRIGI CHURCH GROUNDS
13,THARAKA - NITHI,60,MAARA,298,MWIMBI,NGURUKI PRIMARY SCHOOL
13,THARAKA - NITHI,60,MAARA,298,MWIMBI,NGURUKI CATTLE DIP GROUNDS
13,THARAKA - NITHI,60,MAARA,298,MWIMBI,NGURUKI PEFA NURSERY SCHOOL
13,THARAKA - NITHI,60,MAARA,298,MWIMBI,KATHARENI PEFA NURSERY SCHOOL
13,THARAKA - NITHI,60,MAARA,298,MWIMBI,SALVATION ARMY CHURCH GROUNDS
13,THARAKA - NITHI,60,MAARA,299,GANGA,MWIRIA MARKET GROUNDS
13,THARAKA - NITHI,60,MAARA,299,GANGA,KERIANI PRIMARY SCHOOL
13,THARAKA - NITHI,60,MAARA,299,GANGA,KARIAKOMO PRIMARY SCHOOL
13,THARAKA - NITHI,60,MAARA,299,GANGA,KIRUMI PRIMARY SCHOOL
13,THARAKA - NITHI,60,MAARA,299,GANGA,KAUNI PRIMARY SCHOOL
13,THARAKA - NITHI,60,MAARA,299,GANGA,KIBURA MARKET GROUNDS
13,THARAKA - NITHI,60,MAARA,299,GANGA,IGWANJAU SECONDARY SCHOOL
13,THARAKA - NITHI,60,MAARA,299,GANGA,UKURUNI PRIMARY SCHOOL
13,THARAKA - NITHI,60,MAARA,299,GANGA,IKUMBO PRIMARY SCHOOL
13,THARAKA - NITHI,60,MAARA,299,GANGA,CIAMPARATIA MARKET GROUNDS
13,THARAKA - NITHI,60,MAARA,299,GANGA,MUKUI PRIMARY SCHOOL
13,THARAKA - NITHI,60,MAARA,299,GANGA,MURUNGA PRIMARY SCHOOL
13,THARAKA - NITHI,60,MAARA,299,GANGA,MBIRONI PRIMARY SCHOOL
13,THARAKA - NITHI,60,MAARA,299,GANGA,NGAITA PRIMARY SCHOOL
13,THARAKA - NITHI,60,MAARA,299,GANGA,KAJIETHETU PRIMARY SCHOOL
13,THARAKA - NITHI,60,MAARA,299,GANGA,NKANGANI PRIMARY SCHOOL
13,THARAKA - NITHI,60,MAARA,299,GANGA,MUGUMANGO YOUTH POLYTECHNIC
13,THARAKA - NITHI,60,MAARA,299,GANGA,KIAMAOGO PRIMARY SCHOOL
13,THARAKA - NITHI,60,MAARA,299,GANGA,NTUMU BOARDING PRIMARY SCHOOL
13,THARAKA - NITHI,60,MAARA,299,GANGA,NDUNGURI PRIMARY SCHOOL
13,THARAKA - NITHI,60,MAARA,299,GANGA,NGERU PRIMARY SCHOOL
13,THARAKA - NITHI,60,MAARA,300,CHOGORIA,KIRARO PRIMARY SCHOOL
13,THARAKA - NITHI,60,MAARA,300,CHOGORIA,KIEGANGURU PRIMARY SCHOOL
13,THARAKA - NITHI,60,MAARA,300,CHOGORIA,NTURIRI PRIMARY SCHOOL
13,THARAKA - NITHI,60,MAARA,300,CHOGORIA,NTURIRI BOYS SECONDARY SCHOOL
13,THARAKA - NITHI,60,MAARA,300,CHOGORIA,KIAMUCHAIRU HEALTH CENTRE
13,THARAKA - NITHI,60,MAARA,300,CHOGORIA,KAIRUNI PRIMARY SCHOOL
13,THARAKA - NITHI,60,MAARA,300,CHOGORIA,THIGAA PRIMARY SCHOOL
13,THARAKA - NITHI,60,MAARA,300,CHOGORIA,KAURURU PCEA CHURCH
13,THARAKA - NITHI,60,MAARA,300,CHOGORIA,POLEPOLE MKT GROUNDS
13,THARAKA - NITHI,60,MAARA,300,CHOGORIA,KAIRUNI COFFEE FACTORY
13,THARAKA - NITHI,60,MAARA,300,CHOGORIA,CHOGORIA GIRLS BOARDING PRIMARY SCHOOL
13,THARAKA - NITHI,60,MAARA,300,CHOGORIA,KAMARA MARKET GROUNDS
13,THARAKA - NITHI,60,MAARA,300,CHOGORIA,KABECHE MARKET GROUNDS
13,THARAKA - NITHI,60,MAARA,300,CHOGORIA,KIMUCHIAPRIMARY SCHOOL
13,THARAKA - NITHI,60,MAARA,300,CHOGORIA,MAJIRA TEA BUYING CENTRE
13,THARAKA - NITHI,60,MAARA,300,CHOGORIA,CHOGORIA COMPLEX PRIMARY SCHOOL
13,THARAKA - NITHI,60,MAARA,300,CHOGORIA,MAKURI PRIMARY SCHOOL
13,THARAKA - NITHI,60,MAARA,300,CHOGORIA,GIRIRA TEA BUYING CENTRE
13,THARAKA - NITHI,60,MAARA,300,CHOGORIA,MAKURI TEA BUYING CENTRE
13,THARAKA - NITHI,60,MAARA,300,CHOGORIA,GIANCHUKU PRIMARY SCHOOL
13,THARAKA - NITHI,60,MAARA,300,CHOGORIA,KANGATUNYI TEA BUYING CENTRE
13,THARAKA - NITHI,60,MAARA,300,CHOGORIA,KIMORO TEA BUYING CENTRE
13,THARAKA - NITHI,60,MAARA,300,CHOGORIA,MBOGORI PRIMARY SCHOOL
13,THARAKA - NITHI,60,MAARA,300,CHOGORIA,KALEWA PRIMARY SCHOOL
13,THARAKA - NITHI,60,MAARA,300,CHOGORIA,GANTARAKI PCEA CHURCH GROUNDS
13,THARAKA - NITHI,60,MAARA,300,CHOGORIA,KIEGO TEA BANDA
13,THARAKA - NITHI,60,MAARA,300,CHOGORIA,GIAKIRI TEA BANDA
13,THARAKA - NITHI,60,MAARA,300,CHOGORIA,KIANJAGI PRIMARY SCHOOL
13,THARAKA - NITHI,60,MAARA,300,CHOGORIA,KIENI TEA BANDA
13,THARAKA - NITHI,60,MAARA,300,CHOGORIA,NEEMA PCEA CHURCH GROUNDS
13,THARAKA - NITHI,60,MAARA,300,CHOGORIA,GITARE PRIMARY SCHOOL
13,THARAKA - NITHI,60,MAARA,300,CHOGORIA,KANYAMWENI TEA BANDA
13,THARAKA - NITHI,60,MAARA,300,CHOGORIA,KAMURUATA TEA BANDA
13,THARAKA - NITHI,60,MAARA,300,CHOGORIA,MUTINDWA PRIMARY SCHOOL
13,THARAKA - NITHI,60,MAARA,300,CHOGORIA,KAURUKO TEA BANDA
13,THARAKA - NITHI,60,MAARA,300,CHOGORIA,CHIEF MBOGORI GIRLS
13,THARAKA - NITHI,60,MAARA,300,CHOGORIA,MUNGA PRIMARY SCHOOL
13,THARAKA - NITHI,60,MAARA,300,CHOGORIA,MWEMA COFFEE FACTORY
13,THARAKA - NITHI,60,MAARA,300,CHOGORIA,MUNGA DISPENSARY
13,THARAKA - NITHI,60,MAARA,300,CHOGORIA,KATHARAKA PRIMARY SCHOOL
13,THARAKA - NITHI,60,MAARA,300,CHOGORIA,BARAGU HEALTH CENTRE
13,THARAKA - NITHI,60,MAARA,300,CHOGORIA,WIRU TEA BUYING CENTRE
13,THARAKA - NITHI,60,MAARA,300,CHOGORIA,WIRU CATHOLIC CHURCH GROUNDS
13,THARAKA - NITHI,60,MAARA,300,CHOGORIA,WIRU PRIMARY SCHOOL
13,THARAKA - NITHI,60,MAARA,300,CHOGORIA,CHUMAITA TEA BUYING CENTRE
13,THARAKA - NITHI,60,MAARA,300,CHOGORIA,KARIAMWATHI TEA BUYING CENTRE
13,THARAKA - NITHI,60,MAARA,300,CHOGORIA,KIRIANI PRIMARY SCHOOL
13,THARAKA - NITHI,60,MAARA,300,CHOGORIA,CHOGORIA MARKET GROUNDS
13,THARAKA - NITHI,61,CHUKA/IGAMBANG'OMBE,301,MARIANI,KANGUTU PRIMARY SCHOOL
13,THARAKA - NITHI,61,CHUKA/IGAMBANG'OMBE,301,MARIANI,NKIO PRIMARY SCHOOL
13,THARAKA - NITHI,61,CHUKA/IGAMBANG'OMBE,301,MARIANI,MBUIRU PRIMARY SCHOOL
13,THARAKA - NITHI,61,CHUKA/IGAMBANG'OMBE,301,MARIANI,KAANWA PRIMARY SCHOOL
13,THARAKA - NITHI,61,CHUKA/IGAMBANG'OMBE,301,MARIANI,KAMBUNGU PRIMARY SCHOOL
13,THARAKA - NITHI,61,CHUKA/IGAMBANG'OMBE,301,MARIANI,MWANJATI PRIMARY SCHOOL
13,THARAKA - NITHI,61,CHUKA/IGAMBANG'OMBE,301,MARIANI,KIANTHANG'A PRIMARY SCHOOL
13,THARAKA - NITHI,61,CHUKA/IGAMBANG'OMBE,301,MARIANI,MIRAA MIRAJA PRIMARY SCHOOL
13,THARAKA - NITHI,61,CHUKA/IGAMBANG'OMBE,301,MARIANI,KIEGUMO PRIMARY SCHOOL
13,THARAKA - NITHI,61,CHUKA/IGAMBANG'OMBE,301,MARIANI,MWANANI PRIMARY SCHOOL
13,THARAKA - NITHI,61,CHUKA/IGAMBANG'OMBE,301,MARIANI,KITHANGANI PRIMARY SCHOOL
13,THARAKA - NITHI,61,CHUKA/IGAMBANG'OMBE,301,MARIANI,WERU YOUTH POLYTECHNIC
13,THARAKA - NITHI,61,CHUKA/IGAMBANG'OMBE,301,MARIANI,MAKAWANI PRIMARY SCHOOL
13,THARAKA - NITHI,61,CHUKA/IGAMBANG'OMBE,301,MARIANI,NTAGATANI PRIMARY SCHOOL
13,THARAKA - NITHI,61,CHUKA/IGAMBANG'OMBE,301,MARIANI,IBITHE PRIMARY SCHOOL
13,THARAKA - NITHI,61,CHUKA/IGAMBANG'OMBE,301,MARIANI,KARWIRO PRIMARY SCHOOL
13,THARAKA - NITHI,61,CHUKA/IGAMBANG'OMBE,301,MARIANI,MBARAGA PRIMARY SCHOOL
13,THARAKA - NITHI,61,CHUKA/IGAMBANG'OMBE,301,MARIANI,KAIRINI PRIMARY SCHOOL
13,THARAKA - NITHI,61,CHUKA/IGAMBANG'OMBE,301,MARIANI,NTENDERA PRIMARY SCHOOL
13,THARAKA - NITHI,61,CHUKA/IGAMBANG'OMBE,302,KARINGANI,KIBUMBU PRIMARY SCHOOL
13,THARAKA - NITHI,61,CHUKA/IGAMBANG'OMBE,302,KARINGANI,CHUKA TOWNSHIP PRIMARY SCHOOL
13,THARAKA - NITHI,61,CHUKA/IGAMBANG'OMBE,302,KARINGANI,CHUKA D.E.B PRIMARY SCHOOL
13,THARAKA - NITHI,61,CHUKA/IGAMBANG'OMBE,302,KARINGANI,CHUKA STADIUM
13,THARAKA - NITHI,61,CHUKA/IGAMBANG'OMBE,302,KARINGANI,KATHITUNI BOARDING PRIMARY SCHOOL
13,THARAKA - NITHI,61,CHUKA/IGAMBANG'OMBE,302,KARINGANI,CHUKA BOYS HIGH SCHOOL
13,THARAKA - NITHI,61,CHUKA/IGAMBANG'OMBE,302,KARINGANI,CHUKA GIRLS HIGH SCHOOL
13,THARAKA - NITHI,61,CHUKA/IGAMBANG'OMBE,302,KARINGANI,CHUKA MOSQUE GROUNDS
13,THARAKA - NITHI,61,CHUKA/IGAMBANG'OMBE,302,KARINGANI,MINISTRY OF PUBLIC WORKS - KAIGORO
13,THARAKA - NITHI,61,CHUKA/IGAMBANG'OMBE,302,KARINGANI,KIANG'ONDU PRIMARY SCHOOL
13,THARAKA - NITHI,61,CHUKA/IGAMBANG'OMBE,302,KARINGANI,FR. AIRALDI PRIMARY SCHOOL
13,THARAKA - NITHI,61,CHUKA/IGAMBANG'OMBE,302,KARINGANI,KIBUMBU COFFEE FACTORY
13,THARAKA - NITHI,61,CHUKA/IGAMBANG'OMBE,302,KARINGANI,NTUNTUNI PRIMARY SCHOOL
13,THARAKA - NITHI,61,CHUKA/IGAMBANG'OMBE,302,KARINGANI,MUNGONI PRIMARY SCHOOL
13,THARAKA - NITHI,61,CHUKA/IGAMBANG'OMBE,302,KARINGANI,MUCWA EAPC CHURCH GROUNDS
13,THARAKA - NITHI,61,CHUKA/IGAMBANG'OMBE,302,KARINGANI,KIBUMBU TEA BUYING CENTRE
13,THARAKA - NITHI,61,CHUKA/IGAMBANG'OMBE,302,KARINGANI,NJAINA PRIMARY SCHOOL
13,THARAKA - NITHI,61,CHUKA/IGAMBANG'OMBE,302,KARINGANI,NDAGANI PRIMARY SCHOOL
13,THARAKA - NITHI,61,CHUKA/IGAMBANG'OMBE,302,KARINGANI,K.K. MWENDWA PRIMARY SCHOOL
13,THARAKA - NITHI,61,CHUKA/IGAMBANG'OMBE,302,KARINGANI,KATHIGIRIRINI PRIMARY SCHOOL
13,THARAKA - NITHI,61,CHUKA/IGAMBANG'OMBE,302,KARINGANI,IRIANI PRIMARY SCHOOL
13,THARAKA - NITHI,61,CHUKA/IGAMBANG'OMBE,302,KARINGANI,PCEA RUKINDU CHURCH GROUNDS
13,THARAKA - NITHI,61,CHUKA/IGAMBANG'OMBE,302,KARINGANI,CHIKU COFFEE FACTORY
13,THARAKA - NITHI,61,CHUKA/IGAMBANG'OMBE,302,KARINGANI,CHUKA UNIVERSITY GROUNDS
13,THARAKA - NITHI,61,CHUKA/IGAMBANG'OMBE,302,KARINGANI,NDAGANI SECONDARY SCHOOL
13,THARAKA - NITHI,61,CHUKA/IGAMBANG'OMBE,303,MAGUMONI,NTHAMBO PRIMARY SCHOOL
13,THARAKA - NITHI,61,CHUKA/IGAMBANG'OMBE,303,MAGUMONI,KARANDINI TEA BUYING CENTRE
13,THARAKA - NITHI,61,CHUKA/IGAMBANG'OMBE,303,MAGUMONI,KIAMURIUKI PRIMARY SCHOOL
13,THARAKA - NITHI,61,CHUKA/IGAMBANG'OMBE,303,MAGUMONI,KIAMURIUKI TEA BUYING CENTRE
13,THARAKA - NITHI,61,CHUKA/IGAMBANG'OMBE,303,MAGUMONI,GITOGOTO PRIMARY SCHOOL
13,THARAKA - NITHI,61,CHUKA/IGAMBANG'OMBE,303,MAGUMONI,GANKIRIRI TEA BUYING CENTRE
13,THARAKA - NITHI,61,CHUKA/IGAMBANG'OMBE,303,MAGUMONI,NJURI PRIMARY SCHOOL
13,THARAKA - NITHI,61,CHUKA/IGAMBANG'OMBE,303,MAGUMONI,KIRICHO PRIMARY SCHOOL
13,THARAKA - NITHI,61,CHUKA/IGAMBANG'OMBE,303,MAGUMONI,KIBIGA TEA BUYING CENTRE
13,THARAKA - NITHI,61,CHUKA/IGAMBANG'OMBE,303,MAGUMONI,REV. IKINGI BOARDING PRIMARY SCHOOL
13,THARAKA - NITHI,61,CHUKA/IGAMBANG'OMBE,303,MAGUMONI,THUITA PRIMARY SCHOOL
13,THARAKA - NITHI,61,CHUKA/IGAMBANG'OMBE,303,MAGUMONI,KIBUGUA TEA BUYING CENTRE
13,THARAKA - NITHI,61,CHUKA/IGAMBANG'OMBE,303,MAGUMONI,MAGUMONI PRIMARY SCHOOL
13,THARAKA - NITHI,61,CHUKA/IGAMBANG'OMBE,303,MAGUMONI,MUIKU NEW TESTAMENT OF GOD CHURCH
13,THARAKA - NITHI,61,CHUKA/IGAMBANG'OMBE,303,MAGUMONI,ST. JOSEPH BOARDING PRIMARY SCHOOL
13,THARAKA - NITHI,61,CHUKA/IGAMBANG'OMBE,303,MAGUMONI,KIGOGO MARKET GROUNDS
13,THARAKA - NITHI,61,CHUKA/IGAMBANG'OMBE,303,MAGUMONI,KIGOGO PRIMARY SCHOOL
13,THARAKA - NITHI,61,CHUKA/IGAMBANG'OMBE,303,MAGUMONI,MUTUGUNI PRIMARY SCHOOL
13,THARAKA - NITHI,61,CHUKA/IGAMBANG'OMBE,303,MAGUMONI,MUGAANI NURSARY SCHOOL
13,THARAKA - NITHI,61,CHUKA/IGAMBANG'OMBE,303,MAGUMONI,MUKUUNI MARKET
13,THARAKA - NITHI,61,CHUKA/IGAMBANG'OMBE,303,MAGUMONI,MUKUUNI PRIMARY SCHOOL
13,THARAKA - NITHI,61,CHUKA/IGAMBANG'OMBE,303,MAGUMONI,MOUNTAIN OF FAITH PRIMARY SCHOOL
13,THARAKA - NITHI,61,CHUKA/IGAMBANG'OMBE,303,MAGUMONI,KAREMBUNI PRIMARY SCHOOL
13,THARAKA - NITHI,61,CHUKA/IGAMBANG'OMBE,303,MAGUMONI,KINORU MARKET GROUNDS
13,THARAKA - NITHI,61,CHUKA/IGAMBANG'OMBE,303,MAGUMONI,GICHENGE PRIMARY SCHOOL
13,THARAKA - NITHI,61,CHUKA/IGAMBANG'OMBE,303,MAGUMONI,NDAGONI PRIMARY SCHOOL
13,THARAKA - NITHI,61,CHUKA/IGAMBANG'OMBE,303,MAGUMONI,MBOGONI PCEA CHURCH GROUNDS
13,THARAKA - NITHI,61,CHUKA/IGAMBANG'OMBE,303,MAGUMONI,KARAMANI PRIMARY SCHOOL
13,THARAKA - NITHI,61,CHUKA/IGAMBANG'OMBE,303,MAGUMONI,GATITUNI PRIMARY SCHOOL
13,THARAKA - NITHI,61,CHUKA/IGAMBANG'OMBE,303,MAGUMONI,KAMUCHIRU PRIMARY SCHOOL
13,THARAKA - NITHI,61,CHUKA/IGAMBANG'OMBE,303,MAGUMONI,MUTARUNI ACC&S CHURCH GROUNDS
13,THARAKA - NITHI,61,CHUKA/IGAMBANG'OMBE,303,MAGUMONI,GITUMBI PRIMARY SCHOOL
13,THARAKA - NITHI,61,CHUKA/IGAMBANG'OMBE,303,MAGUMONI,MAGENKA PRIMARY SCHOOL
13,THARAKA - NITHI,61,CHUKA/IGAMBANG'OMBE,303,MAGUMONI,KIRIGI PRIMARY SCHOOL
13,THARAKA - NITHI,61,CHUKA/IGAMBANG'OMBE,303,MAGUMONI,KANGORO PRIMARY SCHOOL
13,THARAKA - NITHI,61,CHUKA/IGAMBANG'OMBE,303,MAGUMONI,KARURUMO TEA BUYING CENTRE
13,THARAKA - NITHI,61,CHUKA/IGAMBANG'OMBE,303,MAGUMONI,KARANDINI MARKET GROUNDS
13,THARAKA - NITHI,61,CHUKA/IGAMBANG'OMBE,303,MAGUMONI,IBIRIGA PRIMARY SCHOOL
13,THARAKA - NITHI,61,CHUKA/IGAMBANG'OMBE,303,MAGUMONI,NDIRUNI MARKET GROUNDS
13,THARAKA - NITHI,61,CHUKA/IGAMBANG'OMBE,303,MAGUMONI,NDIRUNI PRIMARY SCHOOL
13,THARAKA - NITHI,61,CHUKA/IGAMBANG'OMBE,303,MAGUMONI,KAGUMO PRIMARY SCHOOL
13,THARAKA - NITHI,61,CHUKA/IGAMBANG'OMBE,303,MAGUMONI,KATHIRU PRIMARY SCHOOL
13,THARAKA - NITHI,61,CHUKA/IGAMBANG'OMBE,303,MAGUMONI,IKUU YOUTH DISPENSARY
13,THARAKA - NITHI,61,CHUKA/IGAMBANG'OMBE,303,MAGUMONI,IKUU PRIMARY SCHOOL
13,THARAKA - NITHI,61,CHUKA/IGAMBANG'OMBE,303,MAGUMONI,KAGAANI PRIMARY SCHOOL
13,THARAKA - NITHI,61,CHUKA/IGAMBANG'OMBE,303,MAGUMONI,GACHURI PRIMARY SCHOOL
13,THARAKA - NITHI,61,CHUKA/IGAMBANG'OMBE,303,MAGUMONI,KANYURU PRIMARY SCHOOL
13,THARAKA - NITHI,61,CHUKA/IGAMBANG'OMBE,303,MAGUMONI,MPUKONI PRIMARY SCHOOL
13,THARAKA - NITHI,61,CHUKA/IGAMBANG'OMBE,303,MAGUMONI,KATHIGUNI PRIMARY SCHOOL
13,THARAKA - NITHI,61,CHUKA/IGAMBANG'OMBE,303,MAGUMONI,IKUU MARKET GROUNDS
13,THARAKA - NITHI,61,CHUKA/IGAMBANG'OMBE,303,MAGUMONI,KAGERA PRIMARY SCHOOL
13,THARAKA - NITHI,61,CHUKA/IGAMBANG'OMBE,303,MAGUMONI,MAABI PRIMARY SCHOOL
13,THARAKA - NITHI,61,CHUKA/IGAMBANG'OMBE,303,MAGUMONI,RUBATE PRIMARY SCHOOL
13,THARAKA - NITHI,61,CHUKA/IGAMBANG'OMBE,303,MAGUMONI,MUTEMBE PRIMARY SCHOOL
13,THARAKA - NITHI,61,CHUKA/IGAMBANG'OMBE,303,MAGUMONI,NYAGA KAIRU PRIMARY SCHOOL
13,THARAKA - NITHI,61,CHUKA/IGAMBANG'OMBE,303,MAGUMONI,GACIGONGO PRIMARY SCHOOL
13,THARAKA - NITHI,61,CHUKA/IGAMBANG'OMBE,304,MUGWE,KAMBANDI PRIMARY SCHOOL
13,THARAKA - NITHI,61,CHUKA/IGAMBANG'OMBE,304,MUGWE,IRUKU PRIMARY SCHOOL
13,THARAKA - NITHI,61,CHUKA/IGAMBANG'OMBE,304,MUGWE,NKUMBO JUNIOR PRIMARY SCHOOL
13,THARAKA - NITHI,61,CHUKA/IGAMBANG'OMBE,304,MUGWE,NTHIMA PRIMARY SCHOOL
13,THARAKA - NITHI,61,CHUKA/IGAMBANG'OMBE,304,MUGWE,MUKUTHUKU PRIMARY SCHOOL
13,THARAKA - NITHI,61,CHUKA/IGAMBANG'OMBE,304,MUGWE,MAKAWANI MARKET GROUNDS
13,THARAKA - NITHI,61,CHUKA/IGAMBANG'OMBE,304,MUGWE,KANGUU TEA BUYING CENTRE
13,THARAKA - NITHI,61,CHUKA/IGAMBANG'OMBE,304,MUGWE,KIREGE PRIMARY SCHOOL
13,THARAKA - NITHI,61,CHUKA/IGAMBANG'OMBE,304,MUGWE,MUBUKURO PRIMARY SCHOOL
13,THARAKA - NITHI,61,CHUKA/IGAMBANG'OMBE,304,MUGWE,IRAMBA NURSARY SCHOOL
13,THARAKA - NITHI,61,CHUKA/IGAMBANG'OMBE,304,MUGWE,NKABU TEA BUYING CENTRE
13,THARAKA - NITHI,61,CHUKA/IGAMBANG'OMBE,304,MUGWE,KIERENI PRIMARY SCHOOL
13,THARAKA - NITHI,61,CHUKA/IGAMBANG'OMBE,304,MUGWE,MUGWE PRIMARY SCHOOL
13,THARAKA - NITHI,61,CHUKA/IGAMBANG'OMBE,304,MUGWE,KIUNGUNI PRIMARY SCHOOL
13,THARAKA - NITHI,61,CHUKA/IGAMBANG'OMBE,304,MUGWE,KARURINI PRIMARY SCHOOL
13,THARAKA - NITHI,61,CHUKA/IGAMBANG'OMBE,304,MUGWE,KIRUBIA TEA BUYING CENTRE
13,THARAKA - NITHI,61,CHUKA/IGAMBANG'OMBE,304,MUGWE,CHERA PRIMARY SCHOOL
13,THARAKA - NITHI,61,CHUKA/IGAMBANG'OMBE,304,MUGWE,NGAANI PRIMARY SCHOOL
13,THARAKA - NITHI,61,CHUKA/IGAMBANG'OMBE,304,MUGWE,KATHUTWA PRIMARY SCHOOL
13,THARAKA - NITHI,61,CHUKA/IGAMBANG'OMBE,304,MUGWE,KAMAGUTU PRAYER HOUSE
13,THARAKA - NITHI,61,CHUKA/IGAMBANG'OMBE,304,MUGWE,NKWEGO PRIMARY SCHOOL
13,THARAKA - NITHI,61,CHUKA/IGAMBANG'OMBE,304,MUGWE,KAMUGUONGO PRIMARY SCHOOL
13,THARAKA - NITHI,61,CHUKA/IGAMBANG'OMBE,304,MUGWE,NTURIA PRIMARY SCHOOL
13,THARAKA - NITHI,61,CHUKA/IGAMBANG'OMBE,304,MUGWE,KIAMUCHII PRIMARY SCHOOL
13,THARAKA - NITHI,61,CHUKA/IGAMBANG'OMBE,304,MUGWE,MATUNTU PRIMARY SCHOOL
13,THARAKA - NITHI,61,CHUKA/IGAMBANG'OMBE,304,MUGWE,CIAGAKU PRIMARY SCHOOL
13,THARAKA - NITHI,61,CHUKA/IGAMBANG'OMBE,304,MUGWE,IKAWA PRIMARY SCHOOL
13,THARAKA - NITHI,61,CHUKA/IGAMBANG'OMBE,304,MUGWE,KAARANI PRIMARY SCHOOL
13,THARAKA - NITHI,61,CHUKA/IGAMBANG'OMBE,305,IGAMBANG'OMBE,KAJIAMPAU PRIMARY SCHOOL
13,THARAKA - NITHI,61,CHUKA/IGAMBANG'OMBE,305,IGAMBANG'OMBE,KATHWANA PRIMARY SCHOOL
13,THARAKA - NITHI,61,CHUKA/IGAMBANG'OMBE,305,IGAMBANG'OMBE,MPIRIGA NURSARY SCHOOL
13,THARAKA - NITHI,61,CHUKA/IGAMBANG'OMBE,305,IGAMBANG'OMBE,MANDUGO PRIMARY SCHOOL
13,THARAKA - NITHI,61,CHUKA/IGAMBANG'OMBE,305,IGAMBANG'OMBE,KATHWANA CATHOLIC CHURCH GROUNDS
13,THARAKA - NITHI,61,CHUKA/IGAMBANG'OMBE,305,IGAMBANG'OMBE,MPANGUA PRIMARY SCHOOL
13,THARAKA - NITHI,61,CHUKA/IGAMBANG'OMBE,305,IGAMBANG'OMBE,MARINDI CHURCH GROUNDS
13,THARAKA - NITHI,61,CHUKA/IGAMBANG'OMBE,305,IGAMBANG'OMBE,KARORI CHURCH GROUNDS
13,THARAKA - NITHI,61,CHUKA/IGAMBANG'OMBE,305,IGAMBANG'OMBE,KANTHANJE PRIMARY SCHOOL
13,THARAKA - NITHI,61,CHUKA/IGAMBANG'OMBE,305,IGAMBANG'OMBE,TWAMIKUA PRIMARY SCHOOL
13,THARAKA - NITHI,61,CHUKA/IGAMBANG'OMBE,305,IGAMBANG'OMBE,KARANGE PRIMARY SCHOOL
13,THARAKA - NITHI,61,CHUKA/IGAMBANG'OMBE,305,IGAMBANG'OMBE,MARIUKO MAINGI PRIMARY SCHOOL
13,THARAKA - NITHI,61,CHUKA/IGAMBANG'OMBE,305,IGAMBANG'OMBE,MAKAMBANI PRIMARY SCHOOL
13,THARAKA - NITHI,61,CHUKA/IGAMBANG'OMBE,305,IGAMBANG'OMBE,MIKWANI PRIMARY SCHOOL
13,THARAKA - NITHI,61,CHUKA/IGAMBANG'OMBE,305,IGAMBANG'OMBE,KABARIANGE PRIMARY SCHOOL
13,THARAKA - NITHI,61,CHUKA/IGAMBANG'OMBE,305,IGAMBANG'OMBE,ACK KIREREMA CHURCH GROUNDS
13,THARAKA - NITHI,61,CHUKA/IGAMBANG'OMBE,305,IGAMBANG'OMBE,NTUMBARA PRIMARY SCHOOL
13,THARAKA - NITHI,61,CHUKA/IGAMBANG'OMBE,305,IGAMBANG'OMBE,MURIGI PRIMARY SCHOOL
13,THARAKA - NITHI,61,CHUKA/IGAMBANG'OMBE,305,IGAMBANG'OMBE,NGAINTETHIA NURSARY SCHOOL
13,THARAKA - NITHI,61,CHUKA/IGAMBANG'OMBE,305,IGAMBANG'OMBE,KATHUNGUTHE MARKET GROUNDS
13,THARAKA - NITHI,61,CHUKA/IGAMBANG'OMBE,305,IGAMBANG'OMBE,KAMAINDI PRIMARY SCHOOL
13,THARAKA - NITHI,61,CHUKA/IGAMBANG'OMBE,305,IGAMBANG'OMBE,KIGATUNI NURSARY SCHOOL
13,THARAKA - NITHI,61,CHUKA/IGAMBANG'OMBE,305,IGAMBANG'OMBE,GAKAME NURSARY SCHOOL
13,THARAKA - NITHI,61,CHUKA/IGAMBANG'OMBE,305,IGAMBANG'OMBE,KAMATANKA PRIMARY SCHOOL
13,THARAKA - NITHI,61,CHUKA/IGAMBANG'OMBE,305,IGAMBANG'OMBE,KABETE NURSARY SCHOOL
13,THARAKA - NITHI,61,CHUKA/IGAMBANG'OMBE,305,IGAMBANG'OMBE,IGAMBANG'OMBE PRIMARY SCHOOL
13,THARAKA - NITHI,61,CHUKA/IGAMBANG'OMBE,305,IGAMBANG'OMBE,KAMBUTA NURSARY SCHOOL
13,THARAKA - NITHI,61,CHUKA/IGAMBANG'OMBE,305,IGAMBANG'OMBE,MPANGUA KATHIMBU NURSARY SCHOOL
13,THARAKA - NITHI,61,CHUKA/IGAMBANG'OMBE,305,IGAMBANG'OMBE,KAJUKI PRIMARY SCHOOL
13,THARAKA - NITHI,61,CHUKA/IGAMBANG'OMBE,305,IGAMBANG'OMBE,KITHINGE PRIMARY SCHOOL
13,THARAKA - NITHI,61,CHUKA/IGAMBANG'OMBE,305,IGAMBANG'OMBE,KIRIMANKARI PRIMARY SCHOOL
13,THARAKA - NITHI,61,CHUKA/IGAMBANG'OMBE,305,IGAMBANG'OMBE,NKUNGANI CHURCH GROUNDS
13,THARAKA - NITHI,61,CHUKA/IGAMBANG'OMBE,305,IGAMBANG'OMBE,KARENI CENTRE
13,THARAKA - NITHI,61,CHUKA/IGAMBANG'OMBE,305,IGAMBANG'OMBE,NAIROBI NDOGO PRIMARY SCHOOL
13,THARAKA - NITHI,61,CHUKA/IGAMBANG'OMBE,305,IGAMBANG'OMBE,KAJUKI MARKET GROUNDS
13,THARAKA - NITHI,61,CHUKA/IGAMBANG'OMBE,305,IGAMBANG'OMBE,KAMUTIRIA PRIMARY SCHOOL
13,THARAKA - NITHI,61,CHUKA/IGAMBANG'OMBE,305,IGAMBANG'OMBE,NKORONGO PRIMARY SCHOOL
13,THARAKA - NITHI,61,CHUKA/IGAMBANG'OMBE,305,IGAMBANG'OMBE,MWENJEU PRIMARY SCHOOL
13,THARAKA - NITHI,61,CHUKA/IGAMBANG'OMBE,305,IGAMBANG'OMBE,MIKAME NURSARY SCHOOL
13,THARAKA - NITHI,61,CHUKA/IGAMBANG'OMBE,305,IGAMBANG'OMBE,MUGERE PRIMARY SCHOOL
13,THARAKA - NITHI,61,CHUKA/IGAMBANG'OMBE,305,IGAMBANG'OMBE,MAKANYANGA PRIMARY SCHOOL
13,THARAKA - NITHI,61,CHUKA/IGAMBANG'OMBE,305,IGAMBANG'OMBE,KAMUGAA PRIMARY SCHOOL
13,THARAKA - NITHI,61,CHUKA/IGAMBANG'OMBE,305,IGAMBANG'OMBE,KIEGOTI NURSARY SCHOOL
13,THARAKA - NITHI,61,CHUKA/IGAMBANG'OMBE,305,IGAMBANG'OMBE,MATHIGA NURSARY SCHOOL
13,THARAKA - NITHI,61,CHUKA/IGAMBANG'OMBE,305,IGAMBANG'OMBE,KANGU PRIMARY SCHOOL
13,THARAKA - NITHI,61,CHUKA/IGAMBANG'OMBE,305,IGAMBANG'OMBE,IGAMATUNDU PRIMARY SCHOOL
13,THARAKA - NITHI,61,CHUKA/IGAMBANG'OMBE,305,IGAMBANG'OMBE,KIAMUKURIA MARKET
13,THARAKA - NITHI,61,CHUKA/IGAMBANG'OMBE,305,IGAMBANG'OMBE,IGAMATUNDU NURSARY SCHOOL
13,THARAKA - NITHI,61,CHUKA/IGAMBANG'OMBE,305,IGAMBANG'OMBE,KATHUMIKIRI NURSARY SCHOOL
13,THARAKA - NITHI,61,CHUKA/IGAMBANG'OMBE,305,IGAMBANG'OMBE,M.C.K. KIANGIRI CHURCH GROUNDS
13,THARAKA - NITHI,61,CHUKA/IGAMBANG'OMBE,305,IGAMBANG'OMBE,ITUGURURU PRIMARY SCHOOL
13,THARAKA - NITHI,61,CHUKA/IGAMBANG'OMBE,305,IGAMBANG'OMBE,ITUGURURU MARKET GROUNDS
13,THARAKA - NITHI,61,CHUKA/IGAMBANG'OMBE,305,IGAMBANG'OMBE,KATHAGARA PRIMARY SCHOOL
13,THARAKA - NITHI,61,CHUKA/IGAMBANG'OMBE,305,IGAMBANG'OMBE,ITUGURURU CATHOLIC CHURCH
13,THARAKA - NITHI,61,CHUKA/IGAMBANG'OMBE,305,IGAMBANG'OMBE,KAMWIMBI PRIMARY SCHOOL
13,THARAKA - NITHI,61,CHUKA/IGAMBANG'OMBE,305,IGAMBANG'OMBE,KAMWIMBI MARKET GROUNDS
13,THARAKA - NITHI,61,CHUKA/IGAMBANG'OMBE,305,IGAMBANG'OMBE,YOGARI PRIMARY SCHOOL
13,THARAKA - NITHI,61,CHUKA/IGAMBANG'OMBE,305,IGAMBANG'OMBE,KITHANYA NURSARY SCHOOL
13,THARAKA - NITHI,61,CHUKA/IGAMBANG'OMBE,305,IGAMBANG'OMBE,KANDEGA PRIMARY SCHOOL
13,THARAKA - NITHI,61,CHUKA/IGAMBANG'OMBE,305,IGAMBANG'OMBE,MWENGEI SHOPS GROUNDS
13,THARAKA - NITHI,61,CHUKA/IGAMBANG'OMBE,305,IGAMBANG'OMBE,KIARITHA PRIMARY SCHOOL
13,THARAKA - NITHI,61,CHUKA/IGAMBANG'OMBE,305,IGAMBANG'OMBE,KIARITHA MARKET GROUNDS
13,THARAKA - NITHI,61,CHUKA/IGAMBANG'OMBE,305,IGAMBANG'OMBE,KAMBITI PCEA CHURCH GROUNDS
13,THARAKA - NITHI,61,CHUKA/IGAMBANG'OMBE,305,IGAMBANG'OMBE,KAMBUI PRIMARY SCHOOL
13,THARAKA - NITHI,61,CHUKA/IGAMBANG'OMBE,305,IGAMBANG'OMBE,KARAMBARI PRIMARY SCHOOL
13,THARAKA - NITHI,61,CHUKA/IGAMBANG'OMBE,305,IGAMBANG'OMBE,NGUNGA PRIMARY SCHOOL
13,THARAKA - NITHI,61,CHUKA/IGAMBANG'OMBE,305,IGAMBANG'OMBE,KABURURU PRIMARY SCHOOL
13,THARAKA - NITHI,62,THARAKA,306,GATUNGA,KAARAGANKURU PRIMARY SCHOOL
13,THARAKA - NITHI,62,THARAKA,306,GATUNGA,MANYANGA MARKET
13,THARAKA - NITHI,62,THARAKA,306,GATUNGA,GAKAUNI PRIMARY SCHOOL
13,THARAKA - NITHI,62,THARAKA,306,GATUNGA,IRERENI PRIMARY SCHOOL
13,THARAKA - NITHI,62,THARAKA,306,GATUNGA,KATHANGACHINI PRIMARY SCHOOL
13,THARAKA - NITHI,62,THARAKA,306,GATUNGA,KAIGA KA MBITI PRIMARY SCHOOL
13,THARAKA - NITHI,62,THARAKA,306,GATUNGA,MARANTHIU PRIMARY SCHOOL
13,THARAKA - NITHI,62,THARAKA,306,GATUNGA,MUBURA PRIMARY SCHOOL
13,THARAKA - NITHI,62,THARAKA,306,GATUNGA,KAMUTWANDU PRIMARY SCHOOL
13,THARAKA - NITHI,62,THARAKA,306,GATUNGA,GACEUNI PRIMARY SCHOOL
13,THARAKA - NITHI,62,THARAKA,306,GATUNGA,TWANTHANJU PRIMARY SCHOOL
13,THARAKA - NITHI,62,THARAKA,306,GATUNGA,MAKITHI PRIMARY SCHOOL
13,THARAKA - NITHI,62,THARAKA,306,GATUNGA,YOMBO PRIMARY SCHOOL
13,THARAKA - NITHI,62,THARAKA,306,GATUNGA,GATIRIKU PRIMARY SCHOOL
13,THARAKA - NITHI,62,THARAKA,306,GATUNGA,KAMAGAJIU MARKET
13,THARAKA - NITHI,62,THARAKA,306,GATUNGA,RWATHA PRIMARY SCHOOL
13,THARAKA - NITHI,62,THARAKA,306,GATUNGA,GATUNGA MARKET
13,THARAKA - NITHI,62,THARAKA,306,GATUNGA,KARII KA MBURI PRIMARY SCHOOL
13,THARAKA - NITHI,62,THARAKA,306,GATUNGA,KARUGUARU PRIMARY SCHOOL
13,THARAKA - NITHI,62,THARAKA,306,GATUNGA,KATHITHI KA MBUI DISPENSARY
13,THARAKA - NITHI,62,THARAKA,306,GATUNGA,GACIONGO PRIMARY SCHOOL
13,THARAKA - NITHI,62,THARAKA,306,GATUNGA,KAMATUMO PRIMARY SCHOOL
13,THARAKA - NITHI,62,THARAKA,306,GATUNGA,GITUGU PRIMARY SCHOOL
13,THARAKA - NITHI,62,THARAKA,306,GATUNGA,KARETHANI PRIMARY SCHOOL
13,THARAKA - NITHI,62,THARAKA,306,GATUNGA,CHIAKITHINE MARKET
13,THARAKA - NITHI,62,THARAKA,306,GATUNGA,KAMAGUNA PRIMARY SCHOOL
13,THARAKA - NITHI,62,THARAKA,306,GATUNGA,MARAGWA PRIMARY SCHOOL
13,THARAKA - NITHI,62,THARAKA,306,GATUNGA,KAMWATHU PRIMARY SCHOOL
13,THARAKA - NITHI,62,THARAKA,306,GATUNGA,NDIUNI PRIMARY SCHOOL
13,THARAKA - NITHI,62,THARAKA,306,GATUNGA,GAKOROMONI MARKET
13,THARAKA - NITHI,62,THARAKA,306,GATUNGA,NTHOA PRIMARY SCHOOL
13,THARAKA - NITHI,62,THARAKA,306,GATUNGA,KARANGARE PRIMARY SCHOOL
13,THARAKA - NITHI,62,THARAKA,306,GATUNGA,MANDURU PRIMARY SCHOOL
13,THARAKA - NITHI,62,THARAKA,306,GATUNGA,KIRIMBU PRIMARY SCHOOL
13,THARAKA - NITHI,62,THARAKA,306,GATUNGA,KIARANTHI PRIMARY SCHOOL
13,THARAKA - NITHI,62,THARAKA,306,GATUNGA,GACERENI PRIMARY SCHOOL
13,THARAKA - NITHI,62,THARAKA,306,GATUNGA,KIUMBE PRIMARY SCHOOL
13,THARAKA - NITHI,62,THARAKA,306,GATUNGA,MPUNGUNI PRIMARY SCHOOL
13,THARAKA - NITHI,62,THARAKA,306,GATUNGA,NKIRUUNI PRIMARY SCHOOL
13,THARAKA - NITHI,62,THARAKA,306,GATUNGA,GATAGANI PRIMARY SCHOOL
13,THARAKA - NITHI,62,THARAKA,306,GATUNGA,NTONGORO PRIMARY SCHOOL
13,THARAKA - NITHI,62,THARAKA,306,GATUNGA,KAGUCHWANI PRIMARY SCHOOL
13,THARAKA - NITHI,62,THARAKA,306,GATUNGA,MPUKU PRIMARY SCHOOL
13,THARAKA - NITHI,62,THARAKA,306,GATUNGA,Kaarwa Market
13,THARAKA - NITHI,62,THARAKA,307,MUKOTHIMA,KIRUNDI PRIMARY SCHOOL
13,THARAKA - NITHI,62,THARAKA,307,MUKOTHIMA,KAMATHINA MARKET
13,THARAKA - NITHI,62,THARAKA,307,MUKOTHIMA,KARAMBANI PRIMARY SCHOOL
13,THARAKA - NITHI,62,THARAKA,307,MUKOTHIMA,KARUTINI MARKET
13,THARAKA - NITHI,62,THARAKA,307,MUKOTHIMA,GICIINI MARKET
13,THARAKA - NITHI,62,THARAKA,307,MUKOTHIMA,THANGATHA KERETH CHURCH
13,THARAKA - NITHI,62,THARAKA,307,MUKOTHIMA,KIRIGICHA MARKET
13,THARAKA - NITHI,62,THARAKA,307,MUKOTHIMA,KIRIGICHA PRIMARY SCHOOL
13,THARAKA - NITHI,62,THARAKA,307,MUKOTHIMA,KAGURINI PRIMARY SCHOOL
13,THARAKA - NITHI,62,THARAKA,307,MUKOTHIMA,KAGURINI MARKET
13,THARAKA - NITHI,62,THARAKA,307,MUKOTHIMA,URA GATE PRIMARY SCHOOL
13,THARAKA - NITHI,62,THARAKA,307,MUKOTHIMA,NTORONI PRIMARY SCHOOL
13,THARAKA - NITHI,62,THARAKA,307,MUKOTHIMA,NTORONI SECONDARY SCHOOL
13,THARAKA - NITHI,62,THARAKA,307,MUKOTHIMA,RUKANI PRIMARY SCHOOL
13,THARAKA - NITHI,62,THARAKA,307,MUKOTHIMA,MAKUBA MISSION SCHOOL
13,THARAKA - NITHI,62,THARAKA,307,MUKOTHIMA,MUKUTHU PRIMARY SCHOOL
13,THARAKA - NITHI,62,THARAKA,307,MUKOTHIMA,MAUTHINI PRIMARY SCHOOL
13,THARAKA - NITHI,62,THARAKA,307,MUKOTHIMA,MARIANGO PRIMARY SCHOOL
13,THARAKA - NITHI,62,THARAKA,307,MUKOTHIMA,KATHENGECHA MARKET
13,THARAKA - NITHI,62,THARAKA,307,MUKOTHIMA,MUKOTHIMA PRIMARY SCHOOL
13,THARAKA - NITHI,62,THARAKA,307,MUKOTHIMA,RIAMIKUU PRIMARY SCHOOL
13,THARAKA - NITHI,62,THARAKA,307,MUKOTHIMA,MUKOTHIMA MARKET
13,THARAKA - NITHI,62,THARAKA,307,MUKOTHIMA,KABUABUA PRIMARY SCHOOL
13,THARAKA - NITHI,62,THARAKA,307,MUKOTHIMA,UCHWENI PRIMARY SCHOOL
13,THARAKA - NITHI,62,THARAKA,307,MUKOTHIMA,IRUNDUNI PRIMARY SCHOOL
13,THARAKA - NITHI,62,THARAKA,307,MUKOTHIMA,IRUNDUNI MARKET
13,THARAKA - NITHI,62,THARAKA,307,MUKOTHIMA,KWA NZIKU MARKET
13,THARAKA - NITHI,62,THARAKA,307,MUKOTHIMA,THIITI PRIMARY SCHOOL
13,THARAKA - NITHI,62,THARAKA,307,MUKOTHIMA,AIC NGAGE CHURCH
13,THARAKA - NITHI,62,THARAKA,307,MUKOTHIMA,NTHANJENI MARKET
13,THARAKA - NITHI,62,THARAKA,307,MUKOTHIMA,KAMARENGE PRIMARY SCHOOL
13,THARAKA - NITHI,62,THARAKA,307,MUKOTHIMA,KANDONDO PRIMARY SCHOOL
13,THARAKA - NITHI,62,THARAKA,307,MUKOTHIMA,RIAMWANKI PRIMARY SCHOOL
13,THARAKA - NITHI,62,THARAKA,307,MUKOTHIMA,GATITHINI MARKET
13,THARAKA - NITHI,62,THARAKA,307,MUKOTHIMA,NGAANI MARKET
13,THARAKA - NITHI,62,THARAKA,307,MUKOTHIMA,SHIN HYUN PRIMARY SCHOOL
13,THARAKA - NITHI,62,THARAKA,308,NKONDI,RUKURINI PRIMARY SCHOOL
13,THARAKA - NITHI,62,THARAKA,308,NKONDI,NKONDI PRIMARY SCHOOL
13,THARAKA - NITHI,62,THARAKA,308,NKONDI,NKONDI SECONDARY SCHOOL
13,THARAKA - NITHI,62,THARAKA,308,NKONDI,GAKUURU PRIMARY SCHOOL
13,THARAKA - NITHI,62,THARAKA,308,NKONDI,KERERIA PRIMARY SCHOOL
13,THARAKA - NITHI,62,THARAKA,308,NKONDI,MATAKIRI PRIMARY SCHOOL
13,THARAKA - NITHI,62,THARAKA,308,NKONDI,MUTAKIRI PRIMARY SCHOOL
13,THARAKA - NITHI,62,THARAKA,308,NKONDI,KIORIMBA PRIMARY SCHOOL
13,THARAKA - NITHI,62,THARAKA,308,NKONDI,KARWAMBA PRIMARY SCHOOL
13,THARAKA - NITHI,62,THARAKA,308,NKONDI,KAROU PRIMARY SCHOOL
13,THARAKA - NITHI,62,THARAKA,308,NKONDI,MATANGIGE NURSERY SCHOOL
13,THARAKA - NITHI,62,THARAKA,308,NKONDI,GATUNGA SECONDARY SCHOOL
13,THARAKA - NITHI,62,THARAKA,308,NKONDI,IRIMBA PRIMARY SCHOOL
13,THARAKA - NITHI,62,THARAKA,308,NKONDI,GACHUGINI MARKET
13,THARAKA - NITHI,62,THARAKA,308,NKONDI,MWANYANI PRIMARY SCHOOL
13,THARAKA - NITHI,62,THARAKA,308,NKONDI,NICA KIUGUNI CHURCH
13,THARAKA - NITHI,62,THARAKA,308,NKONDI,MIOMPONI PRIMARY SCHOOL
13,THARAKA - NITHI,62,THARAKA,308,NKONDI,TUMANYA PRIMARY SCHOOL
13,THARAKA - NITHI,62,THARAKA,308,NKONDI,EAPC MIOMPONI CHURCH
13,THARAKA - NITHI,62,THARAKA,308,NKONDI,TURIMA TWERU PRIMARY SCHOOL
13,THARAKA - NITHI,62,THARAKA,308,NKONDI,NDURUMONI PRIMARY SCHOOL
13,THARAKA - NITHI,62,THARAKA,308,NKONDI,KIUGUNI PRIMARY SCHOOL
13,THARAKA - NITHI,62,THARAKA,308,NKONDI,NGARA PRIMARY SCHOOL
13,THARAKA - NITHI,62,THARAKA,308,NKONDI,IRIA RIA MATHUNKA PRIMARY SCHOOL
13,THARAKA - NITHI,62,THARAKA,309,CHIAKARIGA,MERU BOYS HOME PRIMARY SCHOOL
13,THARAKA - NITHI,62,THARAKA,309,CHIAKARIGA,MITHIGINI PRIMARY SCHOOL
13,THARAKA - NITHI,62,THARAKA,309,CHIAKARIGA,NKANG'A MARKET
13,THARAKA - NITHI,62,THARAKA,309,CHIAKARIGA,KAMUJWA PRIMARY SCHOOL
13,THARAKA - NITHI,62,THARAKA,309,CHIAKARIGA,TUNYAI PRIMARY SCHOOL
13,THARAKA - NITHI,62,THARAKA,309,CHIAKARIGA,KIBUKA PRIMARY SCHOOL
13,THARAKA - NITHI,62,THARAKA,309,CHIAKARIGA,UBARINI PRIMARY SCHOOL
13,THARAKA - NITHI,62,THARAKA,309,CHIAKARIGA,GAKIRWE PRIMARY SCHOOL
13,THARAKA - NITHI,62,THARAKA,309,CHIAKARIGA,KIANAMUTHI PRIMARY SCHOOL
13,THARAKA - NITHI,62,THARAKA,309,CHIAKARIGA,KIIGANI PRIMARY SCHOOL
13,THARAKA - NITHI,62,THARAKA,309,CHIAKARIGA,MATERI JUNCTION MARKET
13,THARAKA - NITHI,62,THARAKA,309,CHIAKARIGA,NKARINI PRIMARY SCHOOL
13,THARAKA - NITHI,62,THARAKA,309,CHIAKARIGA,KAMWANKI SDA CHURCH
13,THARAKA - NITHI,62,THARAKA,309,CHIAKARIGA,GACERAKA PRIMARY SCHOOL
13,THARAKA - NITHI,62,THARAKA,309,CHIAKARIGA,KANYANGE SOLAR PUMP
13,THARAKA - NITHI,62,THARAKA,309,CHIAKARIGA,NYAKINJERU PRIMARY SCHOOL
13,THARAKA - NITHI,62,THARAKA,309,CHIAKARIGA,MUTONGA PRIMARY SCHOOL
13,THARAKA - NITHI,62,THARAKA,309,CHIAKARIGA,CHIAKARIGA PRIMARY SCHOOL
13,THARAKA - NITHI,62,THARAKA,309,CHIAKARIGA,CHIAKARIGA GIRLS HIGH SCHOOL
13,THARAKA - NITHI,62,THARAKA,309,CHIAKARIGA,MATIRI PRIMARY SCHOOL
13,THARAKA - NITHI,62,THARAKA,309,CHIAKARIGA,MBACACA PRIMARY SCHOOL
13,THARAKA - NITHI,62,THARAKA,309,CHIAKARIGA,KOMBO PRIMARY SCHOOL
13,THARAKA - NITHI,62,THARAKA,309,CHIAKARIGA,KARUGUYUNI PRIMARY SCHOOL
13,THARAKA - NITHI,62,THARAKA,309,CHIAKARIGA,KITHAGA PRIMARY SCHOOL
13,THARAKA - NITHI,62,THARAKA,309,CHIAKARIGA,KIJEGE PRIMARY SCHOOL
13,THARAKA - NITHI,62,THARAKA,309,CHIAKARIGA,MUTARANGA PRIMARY SCHOOL
13,THARAKA - NITHI,62,THARAKA,309,CHIAKARIGA,KAMBOGO NURSERY SCHOOL
13,THARAKA - NITHI,62,THARAKA,309,CHIAKARIGA,CHANGA NURSERY SCHOOL
13,THARAKA - NITHI,62,THARAKA,309,CHIAKARIGA,NGAINI PRIMARY SCHOOL
13,THARAKA - NITHI,62,THARAKA,309,CHIAKARIGA,KAMANYAKI PRIMARY SCHOOL
13,THARAKA - NITHI,62,THARAKA,309,CHIAKARIGA,NDARUNI PRIMARY SCHOOL
13,THARAKA - NITHI,62,THARAKA,309,CHIAKARIGA,KAMURIGE PRIMARY SCHOOL
13,THARAKA - NITHI,62,THARAKA,309,CHIAKARIGA,KAMUKUI PRIMARY SCHOOL.
13,THARAKA - NITHI,62,THARAKA,309,CHIAKARIGA,KAMARANDI PRIMARY SCHOOL
13,THARAKA - NITHI,62,THARAKA,309,CHIAKARIGA,GIAMPONDO EAPC CHURCH
13,THARAKA - NITHI,62,THARAKA,309,CHIAKARIGA,UTURINI PRIMARY SCHOOL
13,THARAKA - NITHI,62,THARAKA,309,CHIAKARIGA,GAKAME PRIMARY SCHOOL
13,THARAKA - NITHI,62,THARAKA,309,CHIAKARIGA,MITONGORO NURSERY SCHOOL
13,THARAKA - NITHI,62,THARAKA,309,CHIAKARIGA,KIERERA PRIMARY SCHOOL
13,THARAKA - NITHI,62,THARAKA,309,CHIAKARIGA,KANTHAKAME PRIMARY SCHOOL
13,THARAKA - NITHI,62,THARAKA,309,CHIAKARIGA,GAKUYU PRIMARY SCHOOL
13,THARAKA - NITHI,62,THARAKA,309,CHIAKARIGA,KATHANDENI PRIMARY SCHOOL
13,THARAKA - NITHI,62,THARAKA,309,CHIAKARIGA,KIUNGU NURSERY SCHOOL
13,THARAKA - NITHI,62,THARAKA,309,CHIAKARIGA,KATHITHINI NURSERY SCHOOL
13,THARAKA - NITHI,62,THARAKA,309,CHIAKARIGA,GANCABI PRIMARY SCHOOL
13,THARAKA - NITHI,62,THARAKA,309,CHIAKARIGA,MURAKIBURU NURSERY SCHOOL
13,THARAKA - NITHI,62,THARAKA,309,CHIAKARIGA,KIAMAIRI PRIMARY SCHOOL
13,THARAKA - NITHI,62,THARAKA,309,CHIAKARIGA,GAKURUNGU PRIMARY SCHOOL
13,THARAKA - NITHI,62,THARAKA,309,CHIAKARIGA,GAKURUNGU MARKET
13,THARAKA - NITHI,62,THARAKA,309,CHIAKARIGA,KAMARIRU PRIMARY SCHOOL
13,THARAKA - NITHI,62,THARAKA,309,CHIAKARIGA,MUTHITWA PRIMARY SCHOOL
13,THARAKA - NITHI,62,THARAKA,309,CHIAKARIGA,MATAGATANI PRIMARY SCHOOL
13,THARAKA - NITHI,62,THARAKA,309,CHIAKARIGA,IKUMBU PRIMARY SCHOOL
13,THARAKA - NITHI,62,THARAKA,309,CHIAKARIGA,GACHAINE PRIMARY SCHOOL
13,THARAKA - NITHI,62,THARAKA,309,CHIAKARIGA,RWAKARAI PRIMARY SCHOOL
13,THARAKA - NITHI,62,THARAKA,309,CHIAKARIGA,MPUNJA NURSERY SCHOOL
13,THARAKA - NITHI,62,THARAKA,309,CHIAKARIGA,RWERIGO PRIMARY SCHOOL
13,THARAKA - NITHI,62,THARAKA,309,CHIAKARIGA,NYAGARI PRIMARY SCHOOL
13,THARAKA - NITHI,62,THARAKA,309,CHIAKARIGA,KIRANGI DISPENSARY
13,THARAKA - NITHI,62,THARAKA,309,CHIAKARIGA,KITHINO MARKET (SIGMA)
13,THARAKA - NITHI,62,THARAKA,310,MARIMANTI,KANYAGA PRIMARY SCHOOL
13,THARAKA - NITHI,62,THARAKA,310,MARIMANTI,RUKENYA PRIMARY SCHOOL
13,THARAKA - NITHI,62,THARAKA,310,MARIMANTI,KITHIORI PRIMARY SCHOOL
13,THARAKA - NITHI,62,THARAKA,310,MARIMANTI,NKURURUNI PRIMARY SCHOOL
13,THARAKA - NITHI,62,THARAKA,310,MARIMANTI,MAKOMANGO PRIMARY SCHOOL
13,THARAKA - NITHI,62,THARAKA,310,MARIMANTI,RWAKINANGA PRIMARY SCHOOL
13,THARAKA - NITHI,62,THARAKA,310,MARIMANTI,MWERERA PRIMARY SCHOOL
13,THARAKA - NITHI,62,THARAKA,310,MARIMANTI,GACIGONGONI PRIMARY SCHOOL
13,THARAKA - NITHI,62,THARAKA,310,MARIMANTI,KAGUUMA PRIMARY SCHOOL
13,THARAKA - NITHI,62,THARAKA,310,MARIMANTI,IRURUMA PRIMARY SCHOOL
13,THARAKA - NITHI,62,THARAKA,310,MARIMANTI,KAMATARA PRIMARY SCHOOL
13,THARAKA - NITHI,62,THARAKA,310,MARIMANTI,KANYURU MARKET
13,THARAKA - NITHI,62,THARAKA,310,MARIMANTI,RIAKAUGI NURSERY SCHOOL
13,THARAKA - NITHI,62,THARAKA,310,MARIMANTI,MARIMANTI PRIMARY SCHOOL
13,THARAKA - NITHI,62,THARAKA,310,MARIMANTI,GATUNGA PRIMARY SCHOOL
13,THARAKA - NITHI,62,THARAKA,310,MARIMANTI,KAIGA KAMWE PRIMARY SCHOOL
13,THARAKA - NITHI,62,THARAKA,310,MARIMANTI,IGUMO PRIMARY SCHOOL
13,THARAKA - NITHI,62,THARAKA,310,MARIMANTI,KATHITHINI MARKET
13,THARAKA - NITHI,62,THARAKA,310,MARIMANTI,NTHAARA PRIMARY SCHOOL
13,THARAKA - NITHI,62,THARAKA,310,MARIMANTI,GIKUU KIA NDIA MARKET
13,THARAKA - NITHI,62,THARAKA,310,MARIMANTI,KATHIGU NURSERY SCHOOL
13,THARAKA - NITHI,62,THARAKA,310,MARIMANTI,KAMATUNGU PRIMARY SCHOOL
13,THARAKA - NITHI,62,THARAKA,310,MARIMANTI,MARIMANTI MARKET
13,THARAKA - NITHI,62,THARAKA,310,MARIMANTI,NKOMARU PRIMARY SCHOOL
13,THARAKA - NITHI,62,THARAKA,310,MARIMANTI,MARIMANTI YOUTH POLYTECHNIC
13,THARAKA - NITHI,62,THARAKA,310,MARIMANTI,NKUNYINI PRIMARY SCHOOL
13,THARAKA - NITHI,62,THARAKA,310,MARIMANTI,MARIMANTI GIRLS HIGH SCHOOL
13,THARAKA - NITHI,62,THARAKA,310,MARIMANTI,NTUJIA PRIMARY SCHOOL
13,THARAKA - NITHI,62,THARAKA,310,MARIMANTI,KASARANI MARKET
13,THARAKA - NITHI,62,THARAKA,310,MARIMANTI,KAROCHO PRIMARY SCHOOL
13,THARAKA - NITHI,62,THARAKA,310,MARIMANTI,IBOTE PRIMARY SCHOOL
13,THARAKA - NITHI,62,THARAKA,310,MARIMANTI,GITURI PRIMARY SCHOOL
13,THARAKA - NITHI,62,THARAKA,310,MARIMANTI,KINYINGIRI PRIMARY SCHOOL
13,THARAKA - NITHI,62,THARAKA,310,MARIMANTI,NGONYA PRIMARY SCHOOL
13,THARAKA - NITHI,62,THARAKA,310,MARIMANTI,KAONGONI PRIMARY SCHOOL
13,THARAKA - NITHI,62,THARAKA,310,MARIMANTI,KIARUNI PRIMARY SCHOOL
13,THARAKA - NITHI,62,THARAKA,310,MARIMANTI,TURIMA PRIMARY SCHOOL
13,THARAKA - NITHI,62,THARAKA,310,MARIMANTI,KITHUNGURI MARKET
13,THARAKA - NITHI,62,THARAKA,310,MARIMANTI,GAKUNGUGUNI PRIMARY SCHOOL
13,THARAKA - NITHI,62,THARAKA,310,MARIMANTI,MUNANDANI MARKET
13,THARAKA - NITHI,62,THARAKA,310,MARIMANTI,EAPC ITHANGA CHURCH
13,THARAKA - NITHI,62,THARAKA,310,MARIMANTI,SOKO MJINGA MARKET
13,THARAKA - NITHI,62,THARAKA,310,MARIMANTI,KAIGA KAMWE (KARUUGA )MARKET
13,THARAKA - NITHI,62,THARAKA,310,MARIMANTI,KITHIOROKA PRIMARY SCHOOL
13,THARAKA - NITHI,62,THARAKA,310,MARIMANTI,MUGUI PRIMARY SCHOOL
13,THARAKA - NITHI,62,THARAKA,310,MARIMANTI,KIAGU PRIMARY SCHOOL
13,THARAKA - NITHI,62,THARAKA,310,MARIMANTI,KATHUURA PRIMARY SCHOOL
13,THARAKA - NITHI,62,THARAKA,310,MARIMANTI,RANCHA PRIMARY SCHOOL
13,THARAKA - NITHI,62,THARAKA,310,MARIMANTI,KOOGA KA NTHI PRIMARY SCHOOL
13,THARAKA - NITHI,62,THARAKA,310,MARIMANTI,CITY MARKET
13,THARAKA - NITHI,62,THARAKA,310,MARIMANTI,KARIINI PRIMARY SCHOOL
13,THARAKA - NITHI,62,THARAKA,310,MARIMANTI,TOONYA PRIMARY SCHOOL
13,THARAKA - NITHI,62,THARAKA,310,MARIMANTI,MARIMANTI PRISON
13,THARAKA - NITHI,62,THARAKA,310,MARIMANTI,RUUNGU PRIMARY SCHOOL
14,EMBU,63,MANYATTA,311,RUGURU/NGANDORI,GACIIGI TEA BUYING CENTRE
14,EMBU,63,MANYATTA,311,RUGURU/NGANDORI,GAKUNDU COFFEE FACTORY
14,EMBU,63,MANYATTA,311,RUGURU/NGANDORI,GAKUNDU COFFEE FACTORY OFFICES
14,EMBU,63,MANYATTA,311,RUGURU/NGANDORI,GICHAGO COFFEE FACTORY
14,EMBU,63,MANYATTA,311,RUGURU/NGANDORI,GICHUGU COFFEE FACTORY
14,EMBU,63,MANYATTA,311,RUGURU/NGANDORI,GISHA TEA BUYING CENTRE
14,EMBU,63,MANYATTA,311,RUGURU/NGANDORI,KAIRURI PRIMARY SCHOOL
14,EMBU,63,MANYATTA,311,RUGURU/NGANDORI,KAMVIU PRIMARY SCHOOL
14,EMBU,63,MANYATTA,311,RUGURU/NGANDORI,KARURIRI PRIMARY SCHOOL
14,EMBU,63,MANYATTA,311,RUGURU/NGANDORI,KITHUNDIRI TEA BUYING CENTRE
14,EMBU,63,MANYATTA,311,RUGURU/NGANDORI,KENGA PRIMARY SCHOOL
14,EMBU,63,MANYATTA,311,RUGURU/NGANDORI,KERIA TEA BUYING CENTRE
14,EMBU,63,MANYATTA,311,RUGURU/NGANDORI,KIAMIATU TEA BUYING CENTRE
14,EMBU,63,MANYATTA,311,RUGURU/NGANDORI,KIANGAI TEA BUYING CENTRE
14,EMBU,63,MANYATTA,311,RUGURU/NGANDORI,KIANGOCI PRIMARY SCHOOL
14,EMBU,63,MANYATTA,311,RUGURU/NGANDORI,KIARAGANA TEA BUYING CENTRE
14,EMBU,63,MANYATTA,311,RUGURU/NGANDORI,KIGARI PRIMARY SCHOOL
14,EMBU,63,MANYATTA,311,RUGURU/NGANDORI,KIINI TEA BUYING CENTRE
14,EMBU,63,MANYATTA,311,RUGURU/NGANDORI,KIRIARI PRIMARY SCHOOL
14,EMBU,63,MANYATTA,311,RUGURU/NGANDORI,KITHUNGURIRI PRIMARY SCHOOL
14,EMBU,63,MANYATTA,311,RUGURU/NGANDORI,KIVANGUA COFFEE FACTORY
14,EMBU,63,MANYATTA,311,RUGURU/NGANDORI,MANYATTA TEA BUYING CENTRE
14,EMBU,63,MANYATTA,311,RUGURU/NGANDORI,MUKANGU PRIMARY SCHOOL
14,EMBU,63,MANYATTA,311,RUGURU/NGANDORI,NGIMARI PRIMARY SCHOOL
14,EMBU,63,MANYATTA,311,RUGURU/NGANDORI,RWERE TEA BUYING CENTRE
14,EMBU,63,MANYATTA,311,RUGURU/NGANDORI,KAMVIU COFFEE FACTORY
14,EMBU,63,MANYATTA,311,RUGURU/NGANDORI,KIANJUGU TEA BUYING CENTRE
14,EMBU,63,MANYATTA,311,RUGURU/NGANDORI,KITHUNGURIRI TEA BUYING CENTRE
14,EMBU,63,MANYATTA,311,RUGURU/NGANDORI,ST.MARKS KIGARI TEACHERS COLLEGE
14,EMBU,63,MANYATTA,311,RUGURU/NGANDORI,KANORORI POLYTECHNIC
14,EMBU,63,MANYATTA,311,RUGURU/NGANDORI,KIRIARI DAY SECONDARY SCHOOL
14,EMBU,63,MANYATTA,311,RUGURU/NGANDORI,MANYATTA OPEN AIR MARKET
14,EMBU,63,MANYATTA,311,RUGURU/NGANDORI,ACK CHURCH GROUNDS - KAVURURUKORI
14,EMBU,63,MANYATTA,312,KITHIMU,ITHANGAWE PRIMARY SCHOOL
14,EMBU,63,MANYATTA,312,KITHIMU,KAMUTHATHA PRIMARY SCHOOL
14,EMBU,63,MANYATTA,312,KITHIMU,KIANDUNDU PRIMARY SCHOOL
14,EMBU,63,MANYATTA,312,KITHIMU,KITHEGI COFFEE FACTORY
14,EMBU,63,MANYATTA,312,KITHIMU,KITHEGI PRIMARY SCHOOL
14,EMBU,63,MANYATTA,312,KITHIMU,KITHIMU PRIMARY SCHOOL
14,EMBU,63,MANYATTA,312,KITHIMU,MINAI COFFEE FACTORY
14,EMBU,63,MANYATTA,312,KITHIMU,RUKIRA PRIMARY SCHOOL
14,EMBU,63,MANYATTA,312,KITHIMU,ST. JOSEPH ALLAMANO PRIMARY SCHOOL
14,EMBU,63,MANYATTA,312,KITHIMU,ACK CHURCH GROUNDS-KITHIMU MARKET
14,EMBU,63,MANYATTA,312,KITHIMU,FULL GOSPEL CHURCH GROUND-KIANDUNDU
14,EMBU,63,MANYATTA,312,KITHIMU,IGUMO CATHOLIC CHURCH GROUNDS
14,EMBU,63,MANYATTA,312,KITHIMU,KIANDUNDU CATHOLIC CHURCH GROUNDS
14,EMBU,63,MANYATTA,312,KITHIMU,KITHEGI DAY SECONDARY SCHOOL
14,EMBU,63,MANYATTA,312,KITHIMU,MVANGUA-KANINDI POND
14,EMBU,63,MANYATTA,312,KITHIMU,NDATU CATHOLIC CHURCH GROUNDS
14,EMBU,63,MANYATTA,312,KITHIMU,RUKIRA DAY SECONDARY SCHOOL
14,EMBU,63,MANYATTA,312,KITHIMU,ST. BENEDICTS DAY SECONDARY SCHOOL
14,EMBU,63,MANYATTA,312,KITHIMU,NEW APOSTOLIC CHURCH - KWA AMOS
14,EMBU,63,MANYATTA,313,NGINDA,GACHURIRI TEA BUYING CENTRE
14,EMBU,63,MANYATTA,313,NGINDA,GATI-IGURU TEA BUYING CENTRE
14,EMBU,63,MANYATTA,313,NGINDA,GATWE PRIMARY SCHOOL
14,EMBU,63,MANYATTA,313,NGINDA,GICHERORI PRIMARY SCHOOL
14,EMBU,63,MANYATTA,313,NGINDA,GIKIRIMA COFFEE FACTORY
14,EMBU,63,MANYATTA,313,NGINDA,KAGUMORI PRIMARY SCHOOL
14,EMBU,63,MANYATTA,313,NGINDA,KARAU PRIMARY SCHOOL
14,EMBU,63,MANYATTA,313,NGINDA,KATHUNIRI PRIMARY SCHOOL
14,EMBU,63,MANYATTA,313,NGINDA,KIAMBOGO TEA BUYING CENTRE
14,EMBU,63,MANYATTA,313,NGINDA,KIANGOCI TEA BUYING CENTRE
14,EMBU,63,MANYATTA,313,NGINDA,KIBUGU PRIMARY SCHOOL
14,EMBU,63,MANYATTA,313,NGINDA,MBUVORI PRIMARY SCHOOL
14,EMBU,63,MANYATTA,313,NGINDA,MUGURUMARI TEA BUYING CENTRE
14,EMBU,63,MANYATTA,313,NGINDA,MUKONGORO TEA BUYING CENTRE
14,EMBU,63,MANYATTA,313,NGINDA,MURAMUKI COFFEE FACTORY
14,EMBU,63,MANYATTA,313,NGINDA,MUTHIGI TEA COLLECTING CENTRE
14,EMBU,63,MANYATTA,313,NGINDA,MUVANDORI PRIMARY SCHOOL
14,EMBU,63,MANYATTA,313,NGINDA,NDUGARARA TEA BUYING CENTRE
14,EMBU,63,MANYATTA,313,NGINDA,NDUNDURI TEA BUYING CENTRE
14,EMBU,63,MANYATTA,313,NGINDA,NGERWE COFFEE FACTORY
14,EMBU,63,MANYATTA,313,NGINDA,RUGUMU PRIMARY SCHOOL
14,EMBU,63,MANYATTA,313,NGINDA,ST. FRANCIS PRIMARY SCHOOL
14,EMBU,63,MANYATTA,313,NGINDA,ST. HELLEN KARIMARI PRIMARY SCHOOL
14,EMBU,63,MANYATTA,313,NGINDA,ST.JOHN KARUMIRI PRIMARY SCHOOL
14,EMBU,63,MANYATTA,313,NGINDA,ST. JOSEPH NDUNDA PRIMARY SCHOOL
14,EMBU,63,MANYATTA,313,NGINDA,MBUVORI TEA BUYING CENTRE
14,EMBU,63,MANYATTA,313,NGINDA,KIBUGU TEA BUYING CENTRE
14,EMBU,63,MANYATTA,313,NGINDA,KIANGUCU TEA BUYING CENTRE
14,EMBU,63,MANYATTA,313,NGINDA,KIANDOME TEA BUYING CENTRE
14,EMBU,63,MANYATTA,313,NGINDA,KAUGURI TEA BUYING CENTRE
14,EMBU,63,MANYATTA,313,NGINDA,KAUGA TEA BUYING CENTRE
14,EMBU,63,MANYATTA,313,NGINDA,MWIRIA COFFEE FACTORY
14,EMBU,63,MANYATTA,314,MBETI NORTH,DEB IVECHE PRIMARY SCHOOL
14,EMBU,63,MANYATTA,314,MBETI NORTH,ITABUA PRIMARY SCHOOL
14,EMBU,63,MANYATTA,314,MBETI NORTH,KAMBO MARKET
14,EMBU,63,MANYATTA,314,MBETI NORTH,KAMIU PRIMARY SCHOOL
14,EMBU,63,MANYATTA,314,MBETI NORTH,KANJIKERU COFFEE FACTORY
14,EMBU,63,MANYATTA,314,MBETI NORTH,KIANGIMA PRIMARY SCHOOL
14,EMBU,63,MANYATTA,314,MBETI NORTH,KIMANGARU PRIMARY SCHOOL
14,EMBU,63,MANYATTA,314,MBETI NORTH,MUNICIPAL SLAUGHTER HOUSE
14,EMBU,63,MANYATTA,314,MBETI NORTH,MUTHATARI COFFEE FACTORY
14,EMBU,63,MANYATTA,314,MBETI NORTH,ST.PETER'S GATITURI PRIMARY SCHOOL
14,EMBU,63,MANYATTA,314,MBETI NORTH,WATER PROJECT OFFICES
14,EMBU,63,MANYATTA,314,MBETI NORTH,CATHOLIC CHURCH GROUNDS -GICEGERI
14,EMBU,63,MANYATTA,314,MBETI NORTH,DISTRICT PUBLIC WORKS MAJIMBO
14,EMBU,63,MANYATTA,314,MBETI NORTH,GATUNDURI PRIMARY SCHOOL
14,EMBU,63,MANYATTA,314,MBETI NORTH,PCEA SUNRISE OFFICES
14,EMBU,63,MANYATTA,314,MBETI NORTH,ST. PAUL'S GAKINDURIRI PRIMARY SCHOOL
14,EMBU,63,MANYATTA,314,MBETI NORTH,SOLID ROCK CHURCH GROUNDS - KARURINA
14,EMBU,63,MANYATTA,314,MBETI NORTH,AIPCA CHURCH GROUND - MAJIMBO MARKET
14,EMBU,63,MANYATTA,314,MBETI NORTH,KAGUMORI DISPENSARY - DON BOSCO
14,EMBU,63,MANYATTA,314,MBETI NORTH,CATHOLIC CATHEDRAL GROUNDS - MUGOYA
14,EMBU,63,MANYATTA,315,KIRIMARI,ASK SHOW GROUND- NJUKIRI
14,EMBU,63,MANYATTA,315,KIRIMARI,D.E.B KANGARU PRIMARY SCHOOL
14,EMBU,63,MANYATTA,315,KIRIMARI,D.E.B NJUKIRI PRIMARY SCHOOL
14,EMBU,63,MANYATTA,315,KIRIMARI,ST. MICHAEL PRIMARY SCHOOL
14,EMBU,63,MANYATTA,315,KIRIMARI,PLAN SOCIAL HALL-DALLAS
14,EMBU,63,MANYATTA,315,KIRIMARI,KITHUNGURURU COFFEE FACTORY
14,EMBU,63,MANYATTA,315,KIRIMARI,KATHANGARI NURSERY SCHOOL
14,EMBU,63,MANYATTA,315,KIRIMARI,KAPINGAZI COFFEE FACTORY
14,EMBU,63,MANYATTA,315,KIRIMARI,KANGARU BOYS SECONDARY SCHOOL
14,EMBU,63,MANYATTA,315,KIRIMARI,GATOORI PRIMARY SCHOOL
14,EMBU,63,MANYATTA,315,KIRIMARI,EMBU URBAN PRIMARY SCHOOL
14,EMBU,63,MANYATTA,315,KIRIMARI,EMBU MUNICIPAL SOCIAL HALL
14,EMBU,63,MANYATTA,315,KIRIMARI,EMBU MUNICIPAL COUNCIL STADIUM
14,EMBU,63,MANYATTA,315,KIRIMARI,EMBU COUNTY PRIMARY SCHOOL
14,EMBU,63,MANYATTA,315,KIRIMARI,DISTRICT REGISTRAR OF PERSONS GROUND
14,EMBU,63,MANYATTA,315,KIRIMARI,EMBU COUNTY COUNCIL CHAMBERS
14,EMBU,63,MANYATTA,315,KIRIMARI,EMBU COUNTY DAY SECONDARY SCHOOL
14,EMBU,63,MANYATTA,315,KIRIMARI,EMBU CULTURAL CENTRE
14,EMBU,63,MANYATTA,315,KIRIMARI,EMBU MUNICIPAL COUNCIL TOWN HALL
14,EMBU,63,MANYATTA,315,KIRIMARI,JAMIA BRIGHT STAR ACADEMY
14,EMBU,63,MANYATTA,315,KIRIMARI,GATOORI DAY SECONDARY SCHOOL
14,EMBU,63,MANYATTA,315,KIRIMARI,KIRIMARI BOYS SECONDARY SCHOOL
14,EMBU,63,MANYATTA,315,KIRIMARI,A.C.K CHURCH GROUNDS - GITURI
14,EMBU,63,MANYATTA,315,KIRIMARI,MOSQUE GROUNDS - DALLAS
14,EMBU,63,MANYATTA,315,KIRIMARI,JUA KALI OFFICES GROUNDS - SEWAGE
14,EMBU,63,MANYATTA,315,KIRIMARI,ST. ANDREWS A.C.K - OLD STADIUM
14,EMBU,63,MANYATTA,315,KIRIMARI,MIKIMBI FULL GOSPEL CHURCHES GROUNDS
14,EMBU,63,MANYATTA,315,KIRIMARI,FULL GOSPEL CHURCH GROUND-NJUKIRI
14,EMBU,63,MANYATTA,315,KIRIMARI,TEACHERS ADVISORY CENTRE HALL - MAJENGO
14,EMBU,63,MANYATTA,316,GATURI SOUTH,KIHUMBU PRIMARY SCHOOL
14,EMBU,63,MANYATTA,316,GATURI SOUTH,MBUKORE PRIMARY SCHOOL
14,EMBU,63,MANYATTA,316,GATURI SOUTH,NEMBURE POLYTECHNIC
14,EMBU,63,MANYATTA,316,GATURI SOUTH,NEMBURE PRIMARY SCHOOL
14,EMBU,63,MANYATTA,316,GATURI SOUTH,NJAGAIRI COFFEE FACTORY
14,EMBU,63,MANYATTA,316,GATURI SOUTH,RUNG'ANG'A PRIMARY SCHOOL
14,EMBU,63,MANYATTA,316,GATURI SOUTH,TENDE PRIMARY SCHOOL
14,EMBU,63,MANYATTA,316,GATURI SOUTH,ACK MUCHONOKE CHURCH GROUNDS
14,EMBU,63,MANYATTA,316,GATURI SOUTH,FAITHFULL CHURCH OF CHRIST-MAKUMBIRI
14,EMBU,63,MANYATTA,316,GATURI SOUTH,FULL GOSPEL CHURCH GROUND-GICEGERI
14,EMBU,63,MANYATTA,316,GATURI SOUTH,KAGUMORI CATHOLIC CHURCH
14,EMBU,63,MANYATTA,316,GATURI SOUTH,KWA DOUGLAS BUS STAGE
14,EMBU,63,MANYATTA,316,GATURI SOUTH,KYETHERU CATHOLIC CHURCH GROUNDS
14,EMBU,63,MANYATTA,316,GATURI SOUTH,MIRUNDI COFFEE FACTORY
14,EMBU,63,MANYATTA,316,GATURI SOUTH,NEMBURE SOCIAL HALL
14,EMBU,63,MANYATTA,316,GATURI SOUTH,FULL GOSPEL CHURCHES GROUNDS - KIVUE
14,EMBU,63,MANYATTA,316,GATURI SOUTH,LIVING SAINTS CHURCH GROUNDS - KIVUE
14,EMBU,63,MANYATTA,316,GATURI SOUTH,FULL GOSPEL CHURCHES GROUNDS - GITITURI
14,EMBU,64,RUNYENJES,317,GATURI NORTH,MURANG'A TEA BUYING CENTRE
14,EMBU,64,RUNYENJES,317,GATURI NORTH,KIANJOKOMA PRIMARY SCHOOL
14,EMBU,64,RUNYENJES,317,GATURI NORTH,NGURUERI COFFEE FACTORY
14,EMBU,64,RUNYENJES,317,GATURI NORTH,KAMUGERE TEA BUYING CENTRE
14,EMBU,64,RUNYENJES,317,GATURI NORTH,NGUIRE PRIMARY SCHOOL
14,EMBU,64,RUNYENJES,317,GATURI NORTH,MAKENGI HEALTH CENTRE
14,EMBU,64,RUNYENJES,317,GATURI NORTH,KIRURUMWE COFFEE FACTORY
14,EMBU,64,RUNYENJES,317,GATURI NORTH,KARUE PRIMARY SCHOOL
14,EMBU,64,RUNYENJES,317,GATURI NORTH,NGAINDEITHYA COFFEE FACTORY
14,EMBU,64,RUNYENJES,317,GATURI NORTH,KEVOTE PRIMARY SCHOOL
14,EMBU,64,RUNYENJES,317,GATURI NORTH,KERURI PRIMARY SCHOOL
14,EMBU,64,RUNYENJES,317,GATURI NORTH,KARITIRI COFFEE FACTORY
14,EMBU,64,RUNYENJES,317,GATURI NORTH,MUCHAGORI PRIMARY SCHOOL
14,EMBU,64,RUNYENJES,317,GATURI NORTH,KAVUTIRI PRIMARY SCHOOL
14,EMBU,64,RUNYENJES,317,GATURI NORTH,KAVARI TEA BUYING CENTRE
14,EMBU,64,RUNYENJES,317,GATURI NORTH,GICHUGU PRIMARY SCHOOL
14,EMBU,64,RUNYENJES,317,GATURI NORTH,RUVUTIRI TEA BUYING CENTRE
14,EMBU,64,RUNYENJES,317,GATURI NORTH,KITHANGARI TEA BUYING CENTRE
14,EMBU,64,RUNYENJES,317,GATURI NORTH,KIBOGI TEA BUYING CENTRE
14,EMBU,64,RUNYENJES,317,GATURI NORTH,GATURA TEA BUYING CENTRE
14,EMBU,64,RUNYENJES,317,GATURI NORTH,GATURUMBARI TEA BUYING CENTRE
14,EMBU,64,RUNYENJES,317,GATURI NORTH,GAIKIRO TEA BUYING CENTRE
14,EMBU,64,RUNYENJES,318,KAGAARI SOUTH,GICHERA PRIMARY SCHOOL
14,EMBU,64,RUNYENJES,318,KAGAARI SOUTH,MATURURI N.I.C.A PRIMARY SCHOOL
14,EMBU,64,RUNYENJES,318,KAGAARI SOUTH,KATHAMBAICONI PRIMARY SCHOOL
14,EMBU,64,RUNYENJES,318,KAGAARI SOUTH,KAVURU PRIMARY SCHOOL
14,EMBU,64,RUNYENJES,318,KAGAARI SOUTH,NDUMARI PRIMARY SCHOOL
14,EMBU,64,RUNYENJES,318,KAGAARI SOUTH,KANGONDI PRIMARY SCHOOL
14,EMBU,64,RUNYENJES,318,KAGAARI SOUTH,KANDURI PRIMARY SCHOOL
14,EMBU,64,RUNYENJES,318,KAGAARI SOUTH,MACUMO PRIMARY SCHOOL
14,EMBU,64,RUNYENJES,318,KAGAARI SOUTH,UGWERI PRIMARY SCHOOL
14,EMBU,64,RUNYENJES,318,KAGAARI SOUTH,ENA PRIMARY SCHOOL
14,EMBU,64,RUNYENJES,318,KAGAARI SOUTH,KITHUNGUTHIA PRIMARY SCHOOL
14,EMBU,64,RUNYENJES,318,KAGAARI SOUTH,NGENIARI PRIMARY SCHOOL
14,EMBU,64,RUNYENJES,318,KAGAARI SOUTH,KATHUGU PRIMARY SCHOOL
14,EMBU,64,RUNYENJES,318,KAGAARI SOUTH,NTHAGAIYA PRIMARY SCHOOL
14,EMBU,64,RUNYENJES,318,KAGAARI SOUTH,HAMI ACADEMY
14,EMBU,64,RUNYENJES,319,CENTRAL WARD,KAGAARI PRIMARY SCHOOL
14,EMBU,64,RUNYENJES,319,CENTRAL WARD,MWENENDEGA PRIMARY SCHOOL
14,EMBU,64,RUNYENJES,319,CENTRAL WARD,KIARIMUI PRIMARY SCHOOL
14,EMBU,64,RUNYENJES,319,CENTRAL WARD,GICHICHE PRIMARY SCHOOL
14,EMBU,64,RUNYENJES,319,CENTRAL WARD,GIKUURI PRIMARY SCHOOL
14,EMBU,64,RUNYENJES,319,CENTRAL WARD,NGARARI PRIMARY SCHOOL
14,EMBU,64,RUNYENJES,319,CENTRAL WARD,ITHEMUTIKI COFFEE FACTORY
14,EMBU,64,RUNYENJES,319,CENTRAL WARD,KIGAA PRIMARY SCHOOL
14,EMBU,64,RUNYENJES,319,CENTRAL WARD,GATINDA PRIMARY SCHOOL
14,EMBU,64,RUNYENJES,319,CENTRAL WARD,KIVIUVI COFFEE FACTORY
14,EMBU,64,RUNYENJES,319,CENTRAL WARD,KATHURIRI PRIMARY SCHOOL
14,EMBU,64,RUNYENJES,319,CENTRAL WARD,MOI HIGH SCHOOL MBIRURI
14,EMBU,64,RUNYENJES,319,CENTRAL WARD,KANG'ONDU COFFEE FACTORY
14,EMBU,64,RUNYENJES,319,CENTRAL WARD,RUNYENJES MUNICIPAL HALL
14,EMBU,64,RUNYENJES,320,KAGAARI NORTH,NDUURI PRIMARY SCHOOL
14,EMBU,64,RUNYENJES,320,KAGAARI NORTH,KANJA PRIMARY SCHOOL
14,EMBU,64,RUNYENJES,320,KAGAARI NORTH,GICEGENI TEA BUYING CENTRE
14,EMBU,64,RUNYENJES,320,KAGAARI NORTH,MUNYUTU PRIMARY SCHOOL
14,EMBU,64,RUNYENJES,320,KAGAARI NORTH,SOWETO TEA BUYING CENTRE
14,EMBU,64,RUNYENJES,320,KAGAARI NORTH,NDAMUNGE TEA BUYING CENTRE
14,EMBU,64,RUNYENJES,320,KAGAARI NORTH,MURAGARI PRIMARY SCHOOL
14,EMBU,64,RUNYENJES,320,KAGAARI NORTH,KIRIMIRI COFFEE FACTORY
14,EMBU,64,RUNYENJES,320,KAGAARI NORTH,GAIKAMA TEA BUYING CENTRE
14,EMBU,64,RUNYENJES,320,KAGAARI NORTH,THIGINGI PRIMARY SCHOOL
14,EMBU,64,RUNYENJES,320,KAGAARI NORTH,MBUINJERU PRIMARY SCHOOL
14,EMBU,64,RUNYENJES,320,KAGAARI NORTH,KARARITIRI TEA BUYING CENTRE
14,EMBU,64,RUNYENJES,320,KAGAARI NORTH,IRANGI PRIMARY SCHOOL
14,EMBU,64,RUNYENJES,320,KAGAARI NORTH,KAIRANGU TEA BUYING CENTRE
14,EMBU,64,RUNYENJES,320,KAGAARI NORTH,ST. THOMAS PRIMARY SCHOOL KAMUGERE
14,EMBU,64,RUNYENJES,320,KAGAARI NORTH,KATHANDE PRIMARY SCHOOL
14,EMBU,64,RUNYENJES,320,KAGAARI NORTH,MACIARA TEA BUYING CENTRE
14,EMBU,64,RUNYENJES,320,KAGAARI NORTH,MUGAARI TEA BUYING CENTRE
14,EMBU,64,RUNYENJES,320,KAGAARI NORTH,KITHIRURI TEA BUYING CENTRE
14,EMBU,64,RUNYENJES,320,KAGAARI NORTH,KANYAVYERI TEA BUYING CENTR
14,EMBU,64,RUNYENJES,320,KAGAARI NORTH,MIANDARI TEA BUYING CENTRE
14,EMBU,64,RUNYENJES,320,KAGAARI NORTH,KIANGUNGI TEA BUYING CENTRE
14,EMBU,64,RUNYENJES,320,KAGAARI NORTH,KIAMUCERU TEA BUYING CENTRE
14,EMBU,64,RUNYENJES,320,KAGAARI NORTH,KIANDONG'O TEA BUYING CENTRE
14,EMBU,64,RUNYENJES,321,KYENI NORTH,KATHARI PRIMARY SCHOOL
14,EMBU,64,RUNYENJES,321,KYENI NORTH,KYENI GIRLS SECONDARY SCHOOL
14,EMBU,64,RUNYENJES,321,KYENI NORTH,MUGANJUKI PRIMARY SCHOOL
14,EMBU,64,RUNYENJES,321,KYENI NORTH,KIARAGANA PRIMARY SCHOOL
14,EMBU,64,RUNYENJES,321,KYENI NORTH,KIVURIA PRIMARY SCHOOL
14,EMBU,64,RUNYENJES,321,KYENI NORTH,KATHAGERI YOUTH POLYTECHNIC
14,EMBU,64,RUNYENJES,321,KYENI NORTH,NJERURI PRIMARY SCHOOL
14,EMBU,64,RUNYENJES,321,KYENI NORTH,MUFU PRIMARY SCHOOL
14,EMBU,64,RUNYENJES,321,KYENI NORTH,KIANGUNGI PRIMARY SCHOOL
14,EMBU,64,RUNYENJES,321,KYENI NORTH,GATUMBI PRIMARY SCHOOL
14,EMBU,64,RUNYENJES,321,KYENI NORTH,IRIARI PRIMARY SCHOOL
14,EMBU,64,RUNYENJES,321,KYENI NORTH,RUKURIRI PRIMARY SCHOOL
14,EMBU,64,RUNYENJES,322,KYENI SOUTH,CIAMANDA PRIMARY SCHOOL
14,EMBU,64,RUNYENJES,322,KYENI SOUTH,KIGUMO BOARDING PRIMARY SCHOOL
14,EMBU,64,RUNYENJES,322,KYENI SOUTH,MAGACHA PRIMARY SCHOOL
14,EMBU,64,RUNYENJES,322,KYENI SOUTH,MUKURIA PRIMARY SCHOOL
14,EMBU,64,RUNYENJES,322,KYENI SOUTH,GAKWEGORI PRIMARY SCHOOL
14,EMBU,64,RUNYENJES,322,KYENI SOUTH,SA KYENI PRIMARY SCHOOL
14,EMBU,64,RUNYENJES,322,KYENI SOUTH,NEW KYENI FARMERS HALL
14,EMBU,64,RUNYENJES,322,KYENI SOUTH,KARUNGU PRIMARY SCHOOL
14,EMBU,64,RUNYENJES,322,KYENI SOUTH,KATHUGU COFFEE FACTORY
14,EMBU,64,RUNYENJES,322,KYENI SOUTH,KIAMBOA PRIMARY SCHOOL
14,EMBU,64,RUNYENJES,322,KYENI SOUTH,KATHUNGURI PRIMARY SCHOOL
14,EMBU,64,RUNYENJES,322,KYENI SOUTH,KATHUNGURI YOUTH POLYTECHNIC
14,EMBU,64,RUNYENJES,322,KYENI SOUTH,CANON HEBERT PRIMARY SCHOOL
14,EMBU,64,RUNYENJES,322,KYENI SOUTH,KAVETI PRIMARY SCHOOL
14,EMBU,64,RUNYENJES,322,KYENI SOUTH,KARURUMO YOUTH POLYTECHNIC
14,EMBU,64,RUNYENJES,322,KYENI SOUTH,KASAFARI PRIMARY SCHOOL
14,EMBU,64,RUNYENJES,322,KYENI SOUTH,KANDETE PRIMARY SCHOOL
14,EMBU,64,RUNYENJES,322,KYENI SOUTH,KARURUMO PRIMARY SCHOOL
14,EMBU,64,RUNYENJES,322,KYENI SOUTH,KINTHITHE PRIMARY SCHOOL
14,EMBU,64,RUNYENJES,322,KYENI SOUTH,KATHANJURE PRIMARY SCHOOL
14,EMBU,64,RUNYENJES,322,KYENI SOUTH,KARAGO PRIMARY SCHOOL
14,EMBU,64,RUNYENJES,322,KYENI SOUTH,MIKUNDU COFFEE FACTORY
14,EMBU,65,MBEERE SOUTH,323,MWEA,IRIA-ITUNE PRIMARY SHOOL
14,EMBU,65,MBEERE SOUTH,323,MWEA,KAMWELI PRIMARY SCHOOL
14,EMBU,65,MBEERE SOUTH,323,MWEA,KIKUMINI PRIMARY SCHOOL
14,EMBU,65,MBEERE SOUTH,323,MWEA,KARABA PRIMARY SCHOOL
14,EMBU,65,MBEERE SOUTH,323,MWEA,GITARAKA PRIMARY SCHOOL
14,EMBU,65,MBEERE SOUTH,323,MWEA,WANGO DAY PRIMARY SCHOOL
14,EMBU,65,MBEERE SOUTH,323,MWEA,MAVIANI PRIMARY SCHOOL.
14,EMBU,65,MBEERE SOUTH,323,MWEA,GATEGI PRIMARY SCHOOL
14,EMBU,65,MBEERE SOUTH,323,MWEA,KAMWIYENDEI PRIMARY SCHOOL
14,EMBU,65,MBEERE SOUTH,323,MWEA,KATHIANI PRIMARY SCHOOL.
14,EMBU,65,MBEERE SOUTH,323,MWEA,KOMA PRIMARYSCHOOL.
14,EMBU,65,MBEERE SOUTH,323,MWEA,NTHINGINI PRIMARY SCHOOL.
14,EMBU,65,MBEERE SOUTH,323,MWEA,MALIKINI PRIMARY SCHOOL.
14,EMBU,65,MBEERE SOUTH,323,MWEA,KILIA CONSOLATA PRIMARY SCHOOL.
14,EMBU,65,MBEERE SOUTH,323,MWEA,RIAKANAU PRIMARY SCHOOL
14,EMBU,65,MBEERE SOUTH,323,MWEA,KARUKU PRIMARY SCHOOL
14,EMBU,65,MBEERE SOUTH,323,MWEA,NGOMOLA PRIMARY SCHOOL
14,EMBU,65,MBEERE SOUTH,323,MWEA,KASEVENI PRIMARY SCHOOL
14,EMBU,65,MBEERE SOUTH,323,MWEA,KASEVE PRIMARY SCHOOL
14,EMBU,65,MBEERE SOUTH,323,MWEA,WAKALIA PRIMARY SCHOOL
14,EMBU,65,MBEERE SOUTH,323,MWEA,KARABA CONSOLATA PRIMARY SCHOOL
14,EMBU,65,MBEERE SOUTH,323,MWEA,MAALI ACK PRIMARY SCHOOL
14,EMBU,65,MBEERE SOUTH,323,MWEA,MUSINGINI PRIMARY SCHOOL
14,EMBU,65,MBEERE SOUTH,323,MWEA,RIAKANAU MARKET
14,EMBU,65,MBEERE SOUTH,323,MWEA,KAKINDU PRIMARY SCHOOL
14,EMBU,65,MBEERE SOUTH,323,MWEA,UNYUANI PRIMARY SCHOOL
14,EMBU,65,MBEERE SOUTH,323,MWEA,WACHORO DISPENSARY
14,EMBU,65,MBEERE SOUTH,323,MWEA,KASIONI ECDE
14,EMBU,65,MBEERE SOUTH,324,MAKIMA,KANYONGA PRIMARY SCHOOL
14,EMBU,65,MBEERE SOUTH,324,MAKIMA,KAMUNYAGIA PRIMARY SCHOOL
14,EMBU,65,MBEERE SOUTH,324,MAKIMA,NGECA PRIMARY SCHOOL
14,EMBU,65,MBEERE SOUTH,324,MAKIMA,KITOLOLONI PRIMARY SCHOOL
14,EMBU,65,MBEERE SOUTH,324,MAKIMA,NAMURI PRIMARY SCHOOL
14,EMBU,65,MBEERE SOUTH,324,MAKIMA,MAKIMA PRIMARY SCHOOL
14,EMBU,65,MBEERE SOUTH,324,MAKIMA,MBONDONI PRIMARY SCHOOL
14,EMBU,65,MBEERE SOUTH,324,MAKIMA,NJERU PRIMARY SCHOOL
14,EMBU,65,MBEERE SOUTH,324,MAKIMA,NDUNGUNI PRIMARY SCHOOL
14,EMBU,65,MBEERE SOUTH,324,MAKIMA,GATUANYAGA PRIMARY SCHOOL
14,EMBU,65,MBEERE SOUTH,324,MAKIMA,GIKURU PRIMARY SCHOOL
14,EMBU,65,MBEERE SOUTH,324,MAKIMA,MULUKUSI PRIMARY SCHOOL
14,EMBU,65,MBEERE SOUTH,324,MAKIMA,KAKAWA PRIMARY SCHOOL
14,EMBU,65,MBEERE SOUTH,324,MAKIMA,KALISA PRIMARY SCHOOL
14,EMBU,65,MBEERE SOUTH,324,MAKIMA,MBURUTANI PRIMARY SCHOOL
14,EMBU,65,MBEERE SOUTH,324,MAKIMA,NDUNE PRIMARY SCHOOL
14,EMBU,65,MBEERE SOUTH,324,MAKIMA,MWANZO MARKET
14,EMBU,65,MBEERE SOUTH,324,MAKIMA,IRARI PRIMARY SCHOOL
14,EMBU,65,MBEERE SOUTH,324,MAKIMA,URUA PRIMARY SCHOOL
14,EMBU,65,MBEERE SOUTH,324,MAKIMA,MWEA PRIMARY SCHOOL
14,EMBU,65,MBEERE SOUTH,324,MAKIMA,MANYATI PRIMARY SCHOOL
14,EMBU,65,MBEERE SOUTH,324,MAKIMA,MUTHITHU PRIMARY SCHOOL
14,EMBU,65,MBEERE SOUTH,324,MAKIMA,UNGUNI PRIMARY SCHOOL
14,EMBU,65,MBEERE SOUTH,324,MAKIMA,MATHAUTA PLAY GROUND
14,EMBU,65,MBEERE SOUTH,325,MBETI SOUTH,KIAMURINGA PRIMARY SCHOOL
14,EMBU,65,MBEERE SOUTH,325,MBETI SOUTH,NGANGARI PRIMARY SCHOOL
14,EMBU,65,MBEERE SOUTH,325,MBETI SOUTH,ST. LUKES PRIMARY SCHOOL
14,EMBU,65,MBEERE SOUTH,325,MBETI SOUTH,RWIKA TECHNICAL INSTITUTE
14,EMBU,65,MBEERE SOUTH,325,MBETI SOUTH,MURARU PRIMARY SCHOOL
14,EMBU,65,MBEERE SOUTH,325,MBETI SOUTH,J.J.M. NYAGA PRIMARY SCHOOL
14,EMBU,65,MBEERE SOUTH,325,MBETI SOUTH,KANINWANTHIGA PRIMARY SCHOOL
14,EMBU,65,MBEERE SOUTH,325,MBETI SOUTH,YONDER KARWIGI PRIMARY SCHOOL
14,EMBU,65,MBEERE SOUTH,325,MBETI SOUTH,RIANJERU PRIMARY SCHOOL
14,EMBU,65,MBEERE SOUTH,325,MBETI SOUTH,ST. JOSEPH GACHURIRI PRIMARY SCHOOL
14,EMBU,65,MBEERE SOUTH,325,MBETI SOUTH,MINURI PRIMARY SCHOOL
14,EMBU,65,MBEERE SOUTH,325,MBETI SOUTH,KABURURI PRIMARY SCHOOL
14,EMBU,65,MBEERE SOUTH,325,MBETI SOUTH,NGANDURI PRIMARY SCHOOL
14,EMBU,65,MBEERE SOUTH,325,MBETI SOUTH,KAMUNYANGE PRIMARY SCHOOL
14,EMBU,65,MBEERE SOUTH,325,MBETI SOUTH,MUNYORI PRIMARY SCHOOL
14,EMBU,65,MBEERE SOUTH,325,MBETI SOUTH,KAWERU PRIMARY SCHOOL
14,EMBU,65,MBEERE SOUTH,325,MBETI SOUTH,KANYARIRI PRIMARY SCHOOL
14,EMBU,65,MBEERE SOUTH,325,MBETI SOUTH,NGENGE PRIMARY SCHOOL
14,EMBU,65,MBEERE SOUTH,325,MBETI SOUTH,KANGUNGI PRIMARY SCHOOL
14,EMBU,65,MBEERE SOUTH,325,MBETI SOUTH,MUTUGU PRIMARY SCHOOL
14,EMBU,65,MBEERE SOUTH,325,MBETI SOUTH,RUGAKORI PRIMARY SCHOOL
14,EMBU,65,MBEERE SOUTH,325,MBETI SOUTH,KIAMETHO PRIMARY SCHOOL
14,EMBU,65,MBEERE SOUTH,325,MBETI SOUTH,J.N. MWONGE PRIMARY SCHOOL
14,EMBU,65,MBEERE SOUTH,325,MBETI SOUTH,RWETHE PRIMARY SCHOOL
14,EMBU,65,MBEERE SOUTH,325,MBETI SOUTH,KAMWIMBI PRIMARYSCHOOL
14,EMBU,65,MBEERE SOUTH,325,MBETI SOUTH,RIANGUU PRIMARY SCHOOL
14,EMBU,65,MBEERE SOUTH,325,MBETI SOUTH,A.I.C. GACHURIRI PRIMARY SCHOOL
14,EMBU,65,MBEERE SOUTH,325,MBETI SOUTH,GACHOKA MARKET
14,EMBU,65,MBEERE SOUTH,326,MAVURIA,GIKIIRO PRIMARY SCHOOL
14,EMBU,65,MBEERE SOUTH,326,MAVURIA,MUTUS PRIMARY SCHOOL
14,EMBU,65,MBEERE SOUTH,326,MAVURIA,UMAU SHOPPING CENTRE
14,EMBU,65,MBEERE SOUTH,326,MAVURIA,RUGOGWE PRIMARY SCHOOL
14,EMBU,65,MBEERE SOUTH,326,MAVURIA,GATAKA PRIMARY SCHOOL
14,EMBU,65,MBEERE SOUTH,326,MAVURIA,GATIRARI PRIMARY SCHOOL
14,EMBU,65,MBEERE SOUTH,326,MAVURIA,KIRATHE PRIMARY SCHOOL
14,EMBU,65,MBEERE SOUTH,326,MAVURIA,IRABARI PRIMARY SCHOOL
14,EMBU,65,MBEERE SOUTH,326,MAVURIA,MAYORI PRIMRY SCHOOL
14,EMBU,65,MBEERE SOUTH,326,MAVURIA,NGIORI PRIMARY SCHOOL
14,EMBU,65,MBEERE SOUTH,326,MAVURIA,MACHANG'A PRIMARY SCHOOL
14,EMBU,65,MBEERE SOUTH,326,MAVURIA,KIAMUKUYU PRIMARY SCHOOL
14,EMBU,65,MBEERE SOUTH,326,MAVURIA,KATHURI PRIMARY SCHOOL
14,EMBU,65,MBEERE SOUTH,326,MAVURIA,KARUKI PRIMARY SCHOOL
14,EMBU,65,MBEERE SOUTH,326,MAVURIA,IGUMORI PRIMARY SCHOOL
14,EMBU,65,MBEERE SOUTH,326,MAVURIA,KABUGURI PRIMARY SCHOOL
14,EMBU,65,MBEERE SOUTH,326,MAVURIA,KARUIRO PRIMARY SCHOOL
14,EMBU,65,MBEERE SOUTH,326,MAVURIA,KAMUKUNGA PRIMARY SCHOOL
14,EMBU,65,MBEERE SOUTH,326,MAVURIA,KANOTHI PRIMARY SCHOOL
14,EMBU,65,MBEERE SOUTH,326,MAVURIA,KERWA PRIMARY SCHOOL
14,EMBU,65,MBEERE SOUTH,326,MAVURIA,IRIAMURAI PRIMARY SCHOOL
14,EMBU,65,MBEERE SOUTH,326,MAVURIA,GATURURI PRIMARY SCHOOL
14,EMBU,65,MBEERE SOUTH,326,MAVURIA,KAURARI PRIMARY SCHOOL
14,EMBU,65,MBEERE SOUTH,326,MAVURIA,NYANGWA PRIMARY SCHOOL
14,EMBU,65,MBEERE SOUTH,326,MAVURIA,GIKONDI PRIMARY SCHOOL
14,EMBU,65,MBEERE SOUTH,326,MAVURIA,KIRITIRI PRIMARY SCHOOL
14,EMBU,65,MBEERE SOUTH,326,MAVURIA,KAMUTWANJIRU PRIMARY SCHOOL
14,EMBU,65,MBEERE SOUTH,326,MAVURIA,KAURACIRI MARKET
14,EMBU,65,MBEERE SOUTH,326,MAVURIA,KAMURUGU PRIMARY SCHOOL
14,EMBU,65,MBEERE SOUTH,326,MAVURIA,CIORINDAGWA PRIMARY SCHOOL
14,EMBU,65,MBEERE SOUTH,326,MAVURIA,KABINGORI SDA PRIMARYSCHOOL
14,EMBU,65,MBEERE SOUTH,326,MAVURIA,SEVEN FOLKS PRIMARY SCHOOL
14,EMBU,65,MBEERE SOUTH,326,MAVURIA,KANDUKU PRIMARY SCHOOL
14,EMBU,65,MBEERE SOUTH,326,MAVURIA,MURINDI PRIMARY SCHOOL
14,EMBU,65,MBEERE SOUTH,326,MAVURIA,KWAMAKURU MARKET
14,EMBU,65,MBEERE SOUTH,326,MAVURIA,GITUNGATI PRIMARY SCHOOL
14,EMBU,65,MBEERE SOUTH,326,MAVURIA,KIRITIRI MARKET GROUND
14,EMBU,65,MBEERE SOUTH,326,MAVURIA,SOKO TRADING CENTRE-KITHUNTHIRI
14,EMBU,65,MBEERE SOUTH,327,KIAMBERE,KIAMBERE PRIMARY SCHOOL
14,EMBU,65,MBEERE SOUTH,327,KIAMBERE,MARIMARI PRIMARY SCHOOL
14,EMBU,65,MBEERE SOUTH,327,KIAMBERE,NTHARAWE PRIMARY SCHOOL
14,EMBU,65,MBEERE SOUTH,327,KIAMBERE,NDITHIRI PRIMARY SCHOOL
14,EMBU,65,MBEERE SOUTH,327,KIAMBERE,GACHABARI PRIMARY SCHOOL
14,EMBU,65,MBEERE SOUTH,327,KIAMBERE,GWAKARIGU PRIMARY SCHOOL
14,EMBU,65,MBEERE SOUTH,327,KIAMBERE,MUTUOVARE PRIMARY SCHOOL
14,EMBU,65,MBEERE SOUTH,327,KIAMBERE,KARURA PRIMARY SCHOOL
14,EMBU,65,MBEERE SOUTH,327,KIAMBERE,RIACIINA PRIMARY SCHOOL
14,EMBU,65,MBEERE SOUTH,327,KIAMBERE,NGAMBARI PRIMARY SCHOOL
14,EMBU,65,MBEERE SOUTH,327,KIAMBERE,IKOMENIE PRIMARY SCHOOL
14,EMBU,65,MBEERE SOUTH,327,KIAMBERE,KIRURIRI PRIMARY SCHOOL
14,EMBU,65,MBEERE SOUTH,327,KIAMBERE,KARIGURI PRIMARY SCHOOL
14,EMBU,65,MBEERE SOUTH,327,KIAMBERE,KARIARI PRIMARY SCHOOL
14,EMBU,65,MBEERE SOUTH,327,KIAMBERE,NEW SITE MARKET
14,EMBU,65,MBEERE SOUTH,327,KIAMBERE,KANTHENGE PRIMARY SCHOOL
14,EMBU,65,MBEERE SOUTH,327,KIAMBERE,RUTUMBI PRIMARY SCHOOL
14,EMBU,65,MBEERE SOUTH,327,KIAMBERE,GATETE PRIMARY SCHOOL
14,EMBU,65,MBEERE SOUTH,327,KIAMBERE,KIRIA ISACCO PRIMARY SCHOOL
14,EMBU,65,MBEERE SOUTH,327,KIAMBERE,KINYAGA PRIMARY SCHOOL
14,EMBU,65,MBEERE SOUTH,327,KIAMBERE,NYAMBORI PRIMARY SCHOOL
14,EMBU,65,MBEERE SOUTH,327,KIAMBERE,SDA MARIARI PRIMARY SCHOOL
14,EMBU,65,MBEERE SOUTH,327,KIAMBERE,MUTUOBARE MARKET GROUND
14,EMBU,66,MBEERE NORTH,328,NTHAWA,KWA-ANDU-AMBOGO PRIMARY SCHOOL
14,EMBU,66,MBEERE NORTH,328,NTHAWA,MWONDU PRIMARY SCHOOL
14,EMBU,66,MBEERE NORTH,328,NTHAWA,RIANDU PRIMARY SCHOOL
14,EMBU,66,MBEERE NORTH,328,NTHAWA,KIANAMU PRIMARY SCHOOL
14,EMBU,66,MBEERE NORTH,328,NTHAWA,KUNE PRIMARY SCHOOL
14,EMBU,66,MBEERE NORTH,328,NTHAWA,KAMBARU PRIMARY SCHOOL
14,EMBU,66,MBEERE NORTH,328,NTHAWA,SIAKAGO PRIMARY SCHOOL
14,EMBU,66,MBEERE NORTH,328,NTHAWA,MATHAI PRIMARY SCHOOL
14,EMBU,66,MBEERE NORTH,328,NTHAWA,KAGERI PRIMARY SCHOOL
14,EMBU,66,MBEERE NORTH,328,NTHAWA,WITWA PRIMARY SCHOOL
14,EMBU,66,MBEERE NORTH,328,NTHAWA,MAKUNGURU PRIMARY SCHOOL
14,EMBU,66,MBEERE NORTH,328,NTHAWA,GITIBURI PRIMARY SCHOOL
14,EMBU,66,MBEERE NORTH,328,NTHAWA,MUNGAU PRIMARY SCHOOL
14,EMBU,66,MBEERE NORTH,328,NTHAWA,MUCHONOKE PRIMARY SCHOOL
14,EMBU,66,MBEERE NORTH,328,NTHAWA,CIANYI PRIMARY SCHOOL
14,EMBU,66,MBEERE NORTH,328,NTHAWA,KAMUGU PRIMARY SCHOOL
14,EMBU,66,MBEERE NORTH,328,NTHAWA,GIKUYARI PRIMARY SCHOOL
14,EMBU,66,MBEERE NORTH,328,NTHAWA,MBINGORI PRIMARY SCHOOL
14,EMBU,66,MBEERE NORTH,328,NTHAWA,SIAKAGO MARKET
14,EMBU,66,MBEERE NORTH,328,NTHAWA,MUCHONOKE HEALTH CENTRE
14,EMBU,66,MBEERE NORTH,328,NTHAWA,KATHITU PRIMARY SCHOOL
14,EMBU,66,MBEERE NORTH,328,NTHAWA,SIAKAGO HALL-COUNTY COUNCIL OF MBEERE
14,EMBU,66,MBEERE NORTH,328,NTHAWA,KABACHI PRIMARY SCHOOL
14,EMBU,66,MBEERE NORTH,328,NTHAWA,KANYARIRI MARKET GROUNDS
14,EMBU,66,MBEERE NORTH,328,NTHAWA,CIAMBUGU ACK CHURCH GROUNDS
14,EMBU,66,MBEERE NORTH,329,MUMINJI,ITIRA PRIMARY SCHOOL
14,EMBU,66,MBEERE NORTH,329,MUMINJI,NDUTORI PRIMARY SCHOOL
14,EMBU,66,MBEERE NORTH,329,MUMINJI,KIVUE PRIMARY SCHOOL
14,EMBU,66,MBEERE NORTH,329,MUMINJI,MICHEGETHIU PRIMARY SCHOOL
14,EMBU,66,MBEERE NORTH,329,MUMINJI,KIRIE PRIMARY SCHOOL
14,EMBU,66,MBEERE NORTH,329,MUMINJI,NGUTHI PRIMARY SCHOOL
14,EMBU,66,MBEERE NORTH,329,MUMINJI,MBARWARI PRIMARY SCHOOL
14,EMBU,66,MBEERE NORTH,329,MUMINJI,KANDOMBA PRIMARY SCHOOL
14,EMBU,66,MBEERE NORTH,329,MUMINJI,NGIIRI PRIMARY SCHOOL
14,EMBU,66,MBEERE NORTH,329,MUMINJI,CIERIA PRIMARY SCHOOL
14,EMBU,66,MBEERE NORTH,329,MUMINJI,MIANJATIRI PRIMARY SCHOOL
14,EMBU,66,MBEERE NORTH,329,MUMINJI,RWAGORI PRIMARY SCHOOL
14,EMBU,66,MBEERE NORTH,329,MUMINJI,GATOTHIA PRIMARY SCHOOL
14,EMBU,66,MBEERE NORTH,329,MUMINJI,KIAMUGONGO PRIMARY SCHOOL
14,EMBU,66,MBEERE NORTH,329,MUMINJI,KARIMARI PRIMARY SCHOOL
14,EMBU,66,MBEERE NORTH,329,MUMINJI,KAVUI PRIMARY SCHOOL
14,EMBU,66,MBEERE NORTH,329,MUMINJI,GATAKARI PRIMARY SCHOOL
14,EMBU,66,MBEERE NORTH,329,MUMINJI,MUKORORIA PRIMARY SCHOOL
14,EMBU,66,MBEERE NORTH,329,MUMINJI,KATHUTHERI PRIMARY SCHOOL
14,EMBU,66,MBEERE NORTH,330,EVURORE,KANYUAMBORA PRIMARY SCHOOL
14,EMBU,66,MBEERE NORTH,330,EVURORE,KAVENGERO PRIMARY SCHOOL
14,EMBU,66,MBEERE NORTH,330,EVURORE,IRIRI PRIMARY SCHOOL
14,EMBU,66,MBEERE NORTH,330,EVURORE,GITIE PRIMARY SCHOOL
14,EMBU,66,MBEERE NORTH,330,EVURORE,CIANTHIA PRIMARY SCHOOL
14,EMBU,66,MBEERE NORTH,330,EVURORE,NGUNYUMU PRIMARY SCHOOL
14,EMBU,66,MBEERE NORTH,330,EVURORE,KATHIGAGACERU PRIMARY SCHOOL
14,EMBU,66,MBEERE NORTH,330,EVURORE,KATHAGUTARI PRIMARY SCHOOL
14,EMBU,66,MBEERE NORTH,330,EVURORE,IBUTUKA PRIMARY SCHOOL
14,EMBU,66,MBEERE NORTH,330,EVURORE,KUI PRIMARY SCHOOL
14,EMBU,66,MBEERE NORTH,330,EVURORE,KARUARI PRIMARY SCHOOL
14,EMBU,66,MBEERE NORTH,330,EVURORE,KIGWAMBITI PRIMARY SCHOOL
14,EMBU,66,MBEERE NORTH,330,EVURORE,KIENIRE PRIMARY SCHOOL
14,EMBU,66,MBEERE NORTH,330,EVURORE,KAMUKANYA PRIMARY SCHOOL
14,EMBU,66,MBEERE NORTH,330,EVURORE,NTAMBARI PRIMARY SCHOOL
14,EMBU,66,MBEERE NORTH,330,EVURORE,NGOCE PRIMARY SCHOOL
14,EMBU,66,MBEERE NORTH,330,EVURORE,KIRIGO PRIMARY SCHOOL
14,EMBU,66,MBEERE NORTH,330,EVURORE,NGARWERERI PRIMARY SCHOOL
14,EMBU,66,MBEERE NORTH,330,EVURORE,MUTIRIAIGURU PRIMARY SCHOOL
14,EMBU,66,MBEERE NORTH,330,EVURORE,KIANJERU PRIMARY SCHOOL
14,EMBU,66,MBEERE NORTH,330,EVURORE,CIANGERA PRIMARY SCHOOL
14,EMBU,66,MBEERE NORTH,330,EVURORE,NJARANGE PRIMARY SCHOOL
14,EMBU,66,MBEERE NORTH,330,EVURORE,MUTHANTHARA PRIMARY SCHOOL
14,EMBU,66,MBEERE NORTH,330,EVURORE,KOGARI PRIMARY SCHOOL
14,EMBU,66,MBEERE NORTH,330,EVURORE,KAMUTU PRIMARY SCHOOL
14,EMBU,66,MBEERE NORTH,330,EVURORE,NTHIGIRANI PRIMARY SCHOOL
14,EMBU,66,MBEERE NORTH,330,EVURORE,GATATHA PRIMARY SCHOOL
14,EMBU,66,MBEERE NORTH,330,EVURORE,KIATHAMBU PRIMARY SCHOOL
14,EMBU,66,MBEERE NORTH,330,EVURORE,KAMWAA PRIMARY SCHOOL
14,EMBU,66,MBEERE NORTH,330,EVURORE,KIANTHENGE PRIMARY SCHOOL
14,EMBU,66,MBEERE NORTH,330,EVURORE,GWAKAITHI PRIMARY SCHOOL
14,EMBU,66,MBEERE NORTH,330,EVURORE,RWANJERU PRIMARY SCHOOL
14,EMBU,66,MBEERE NORTH,330,EVURORE,GATORORORI PRIMARY SCHOOL
14,EMBU,66,MBEERE NORTH,330,EVURORE,OVARIRE PRIMARY SCHOOL
14,EMBU,66,MBEERE NORTH,330,EVURORE,MANGOTE PRIMARY SCHOOL
14,EMBU,66,MBEERE NORTH,330,EVURORE,ST. PETERS PRIMARY SCHOOL
14,EMBU,66,MBEERE NORTH,330,EVURORE,KANYUERI PRIMARY SCHOOL
14,EMBU,66,MBEERE NORTH,330,EVURORE,ST. MARYS KANGANGA PRIMARY SCHOOL
14,EMBU,66,MBEERE NORTH,330,EVURORE,ITURURI PRIMARY SCHOOL
14,EMBU,66,MBEERE NORTH,330,EVURORE,USAMBARA PRIMARY SCHOOL
14,EMBU,66,MBEERE NORTH,330,EVURORE,MUGWANJOGU PRIMARY SCHOOL
14,EMBU,66,MBEERE NORTH,330,EVURORE,MBACI PRIMARY SCHOOL
14,EMBU,66,MBEERE NORTH,330,EVURORE,KAMARINDO PRIMARY SCHOOL
14,EMBU,66,MBEERE NORTH,330,EVURORE,KARIGIRI PRIMARY SCHOOL
14,EMBU,66,MBEERE NORTH,330,EVURORE,ST. KIZITO KATHANGARI PR SCHOOL
14,EMBU,66,MBEERE NORTH,330,EVURORE,MURANGU PRIMARY SCHOOL
14,EMBU,66,MBEERE NORTH,330,EVURORE,CIAIKUNGUGU PRIMARY SCHOOL
14,EMBU,66,MBEERE NORTH,330,EVURORE,KAMIGUA PRIMARY SCHOOL
14,EMBU,66,MBEERE NORTH,330,EVURORE,ST. MICHAEL GACURIRI PR SCHOOL
14,EMBU,66,MBEERE NORTH,330,EVURORE,KANYANGI PRIMARY SCHOOL
14,EMBU,66,MBEERE NORTH,330,EVURORE,KAMAUA PRIMARY SCHOOL
14,EMBU,66,MBEERE NORTH,330,EVURORE,KATHERU PRIMARY SCHOOL
14,EMBU,66,MBEERE NORTH,330,EVURORE,KIANJOYA PRIMARY SCHOOL
14,EMBU,66,MBEERE NORTH,330,EVURORE,KAMARANDI SECONDARY SCHOOL
15,KITUI,67,MWINGI NORTH,331,NGOMENI,IKIME PRI SCH
15,KITUI,67,MWINGI NORTH,331,NGOMENI,MANGOMBO PRI SCH
15,KITUI,67,MWINGI NORTH,331,NGOMENI,KAANGO NUR SCH
15,KITUI,67,MWINGI NORTH,331,NGOMENI,KALW'A PRI SCH
15,KITUI,67,MWINGI NORTH,331,NGOMENI,KWA IKULI NUR SCH
15,KITUI,67,MWINGI NORTH,331,NGOMENI,MWANGENI PRIMARY SCHOOL
15,KITUI,67,MWINGI NORTH,331,NGOMENI,NDUNGUNI PRI SCH
15,KITUI,67,MWINGI NORTH,331,NGOMENI,KAMUSILIU PRI SCH
15,KITUI,67,MWINGI NORTH,331,NGOMENI,MUTALA SPG CENTER
15,KITUI,67,MWINGI NORTH,331,NGOMENI,NGENGI NURSERY SCHOOL
15,KITUI,67,MWINGI NORTH,331,NGOMENI,KASILUNI NUR SCH
15,KITUI,67,MWINGI NORTH,331,NGOMENI,KAVAANI PRI SCH
15,KITUI,67,MWINGI NORTH,331,NGOMENI,MURINGANI NUR SCH
15,KITUI,67,MWINGI NORTH,331,NGOMENI,MUTAIRU PRI SCH
15,KITUI,67,MWINGI NORTH,331,NGOMENI,MANGUU PRI SCH
15,KITUI,67,MWINGI NORTH,331,NGOMENI,NGOMENI PRI SCH
15,KITUI,67,MWINGI NORTH,331,NGOMENI,KAMAVUI PRI SCH
15,KITUI,67,MWINGI NORTH,331,NGOMENI,KATUMBINI NUR SCH
15,KITUI,67,MWINGI NORTH,331,NGOMENI,KIMELA PRI SCH
15,KITUI,67,MWINGI NORTH,331,NGOMENI,NZAINI PRI SCH
15,KITUI,67,MWINGI NORTH,331,NGOMENI,KAKUNGUU TRADING CTR
15,KITUI,67,MWINGI NORTH,331,NGOMENI,MALAWA PRI SCH
15,KITUI,67,MWINGI NORTH,331,NGOMENI,MANDONGOI NUR SCH
15,KITUI,67,MWINGI NORTH,331,NGOMENI,MITAMISYI NUR SCH
15,KITUI,67,MWINGI NORTH,331,NGOMENI,ILALU PRI SCH
15,KITUI,67,MWINGI NORTH,331,NGOMENI,KATHAALANI PRI SCH
15,KITUI,67,MWINGI NORTH,331,NGOMENI,MATURUMBE NUR SCH
15,KITUI,67,MWINGI NORTH,331,NGOMENI,INYANZAE PRI SCHOOL
15,KITUI,67,MWINGI NORTH,331,NGOMENI,IKAAYUNI PRI SCHOOL
15,KITUI,67,MWINGI NORTH,331,NGOMENI,MALATANI PRI SCHOOL
15,KITUI,67,MWINGI NORTH,331,NGOMENI,MUTULYA SHOPPING CENTRE
15,KITUI,67,MWINGI NORTH,332,KYUSO,KAIRUNGU NUR SCH
15,KITUI,67,MWINGI NORTH,332,KYUSO,GAI PRI SCH
15,KITUI,67,MWINGI NORTH,332,KYUSO,KATAKANI PRI SCH
15,KITUI,67,MWINGI NORTH,332,KYUSO,KYUSO GIRLS
15,KITUI,67,MWINGI NORTH,332,KYUSO,KYUSO MARKET
15,KITUI,67,MWINGI NORTH,332,KYUSO,KYUSO PRI SCH
15,KITUI,67,MWINGI NORTH,332,KYUSO,MARISI PRI SCH
15,KITUI,67,MWINGI NORTH,332,KYUSO,MATOONI PRI SCH
15,KITUI,67,MWINGI NORTH,332,KYUSO,NGENGI PRI SCHOOL
15,KITUI,67,MWINGI NORTH,332,KYUSO,NGOMOLA PRI SCHOOL
15,KITUI,67,MWINGI NORTH,332,KYUSO,NZAALANI PRI SCH
15,KITUI,67,MWINGI NORTH,332,KYUSO,ITIVA-NZOU PRI SCH
15,KITUI,67,MWINGI NORTH,332,KYUSO,KASARANI (KISEUNI PRI SCH)
15,KITUI,67,MWINGI NORTH,332,KYUSO,KWANGURU PRI SCH
15,KITUI,67,MWINGI NORTH,332,KYUSO,TII PRI SCH
15,KITUI,67,MWINGI NORTH,332,KYUSO,TULANDULI PRI SCH
15,KITUI,67,MWINGI NORTH,332,KYUSO,IVONYA-NGYA PRI SCH
15,KITUI,67,MWINGI NORTH,332,KYUSO,KALAMBANI PRI SCH
15,KITUI,67,MWINGI NORTH,332,KYUSO,KILANGA NUR SCH
15,KITUI,67,MWINGI NORTH,332,KYUSO,MUGUUSI PRI SCH
15,KITUI,67,MWINGI NORTH,332,KYUSO,KAMUWONGO MARKET.
15,KITUI,67,MWINGI NORTH,332,KYUSO,KATHUMBINI MARKET
15,KITUI,67,MWINGI NORTH,332,KYUSO,KYANDOO PRIMARY SCHOOL.
15,KITUI,67,MWINGI NORTH,332,KYUSO,NGAANI NUR SCH
15,KITUI,67,MWINGI NORTH,332,KYUSO,KAKUNIKE PRI SCH
15,KITUI,67,MWINGI NORTH,332,KYUSO,KAMUW'ONGO PRI SCH
15,KITUI,67,MWINGI NORTH,332,KYUSO,MBAUNI PRI SCH
15,KITUI,67,MWINGI NORTH,332,KYUSO,KORA NURSERY
15,KITUI,67,MWINGI NORTH,332,KYUSO,KWA VERE PRI SCH
15,KITUI,67,MWINGI NORTH,332,KYUSO,MANZUVA PRI SCH
15,KITUI,67,MWINGI NORTH,332,KYUSO,MIVUKONI PRI SCH
15,KITUI,67,MWINGI NORTH,332,KYUSO,NGOMANO PRI SCH
15,KITUI,67,MWINGI NORTH,332,KYUSO,KALAA PRI SCH
15,KITUI,67,MWINGI NORTH,332,KYUSO,KALOLE PRI SCH
15,KITUI,67,MWINGI NORTH,332,KYUSO,KAVURUKO NUR SCH
15,KITUI,67,MWINGI NORTH,332,KYUSO,MALATANI NUR SCH
15,KITUI,67,MWINGI NORTH,332,KYUSO,MIKWA PRI SCH
15,KITUI,67,MWINGI NORTH,332,KYUSO,NGUNGANI PRI SCHOOL
15,KITUI,67,MWINGI NORTH,332,KYUSO,KANDWIA PRI SCH
15,KITUI,67,MWINGI NORTH,332,KYUSO,KIMANGAO PRI SCH
15,KITUI,67,MWINGI NORTH,332,KYUSO,KIMU PRI SCH
15,KITUI,67,MWINGI NORTH,332,KYUSO,MBANGWANI PRI SCH
15,KITUI,67,MWINGI NORTH,332,KYUSO,NDATHANI PRI SCH
15,KITUI,67,MWINGI NORTH,332,KYUSO,KISEUNI PRI SCH
15,KITUI,67,MWINGI NORTH,332,KYUSO,KIVANGWA PRI SCH
15,KITUI,67,MWINGI NORTH,332,KYUSO,MANDALA PRI SCH
15,KITUI,67,MWINGI NORTH,332,KYUSO,KALIANI PRI SCH
15,KITUI,67,MWINGI NORTH,332,KYUSO,KWA KATILE PRI(MASEKI)
15,KITUI,67,MWINGI NORTH,332,KYUSO,KAMWENGI NUR SCH
15,KITUI,67,MWINGI NORTH,332,KYUSO,KATUKA NUR SCH
15,KITUI,67,MWINGI NORTH,332,KYUSO,MATAKA PRI SCH
15,KITUI,67,MWINGI NORTH,332,KYUSO,ITULU PRI SCH
15,KITUI,67,MWINGI NORTH,332,KYUSO,KAGHUI PRI SCH
15,KITUI,67,MWINGI NORTH,332,KYUSO,KAITHANGO PRI SCHOOL
15,KITUI,67,MWINGI NORTH,332,KYUSO,KASYATHYU PRI SCH
15,KITUI,67,MWINGI NORTH,332,KYUSO,KWAMUTISYA PRI SCH
15,KITUI,67,MWINGI NORTH,332,KYUSO,KYANGWITHYA PRI SCHOOL
15,KITUI,67,MWINGI NORTH,332,KYUSO,MBUI PRI SCH
15,KITUI,67,MWINGI NORTH,332,KYUSO,NGAAIE PRI SCH
15,KITUI,67,MWINGI NORTH,332,KYUSO,KAKOONGO PRI SCH
15,KITUI,67,MWINGI NORTH,332,KYUSO,KANDONGU PRI SCH
15,KITUI,67,MWINGI NORTH,332,KYUSO,KILULU NUR SCH
15,KITUI,67,MWINGI NORTH,332,KYUSO,MANZOLO PRI SCH
15,KITUI,67,MWINGI NORTH,332,KYUSO,TWIMYUA PRI SCH
15,KITUI,67,MWINGI NORTH,332,KYUSO,WIKIMUU NUR SCH
15,KITUI,67,MWINGI NORTH,333,MUMONI,IKOONGO PRI SCH
15,KITUI,67,MWINGI NORTH,333,MUMONI,NGAANI PRI SCH
15,KITUI,67,MWINGI NORTH,333,MUMONI,THUA PRI SCH
15,KITUI,67,MWINGI NORTH,333,MUMONI,KALATINE PRI SCH
15,KITUI,67,MWINGI NORTH,333,MUMONI,KAUNDU PRI SCH
15,KITUI,67,MWINGI NORTH,333,MUMONI,NGAKONE PRI SCH
15,KITUI,67,MWINGI NORTH,333,MUMONI,ITINDA PRI SCH
15,KITUI,67,MWINGI NORTH,333,MUMONI,KALIWA PRI SCH
15,KITUI,67,MWINGI NORTH,333,MUMONI,KAMATHITU PRI SCH
15,KITUI,67,MWINGI NORTH,333,MUMONI,KANYOENI FEEDER SCHOOL.
15,KITUI,67,MWINGI NORTH,333,MUMONI,SYOMUKII PRI SCH
15,KITUI,67,MWINGI NORTH,333,MUMONI,KANDEKE NUR SCH
15,KITUI,67,MWINGI NORTH,333,MUMONI,KATHIANI PRI SCH
15,KITUI,67,MWINGI NORTH,333,MUMONI,KATHUMULANI PRI SCH
15,KITUI,67,MWINGI NORTH,333,MUMONI,NG'OMBENI PRI SCH
15,KITUI,67,MWINGI NORTH,333,MUMONI,NGUUKU PRI SCH
15,KITUI,67,MWINGI NORTH,333,MUMONI,KANYUNGU PRI SCH
15,KITUI,67,MWINGI NORTH,333,MUMONI,MPUKU PRI SCH
15,KITUI,67,MWINGI NORTH,333,MUMONI,MUVINGE PRI SCH
15,KITUI,67,MWINGI NORTH,333,MUMONI,SYUMBETI FEEDER SCHOOL.
15,KITUI,67,MWINGI NORTH,333,MUMONI,KASYALANI PRI SCH
15,KITUI,67,MWINGI NORTH,333,MUMONI,NYAMA -NZEI PRI SCH
15,KITUI,67,MWINGI NORTH,333,MUMONI,KANZINWA PRI SCH
15,KITUI,67,MWINGI NORTH,333,MUMONI,KATSE PRI SCH
15,KITUI,67,MWINGI NORTH,333,MUMONI,KATSE SEC SCHOOL.
15,KITUI,67,MWINGI NORTH,333,MUMONI,KATUKA PRI SCH
15,KITUI,67,MWINGI NORTH,333,MUMONI,KIISI FEEDER
15,KITUI,67,MWINGI NORTH,333,MUMONI,MBARANI PRI SCH
15,KITUI,67,MWINGI NORTH,333,MUMONI,IRIRA MARKET
15,KITUI,67,MWINGI NORTH,333,MUMONI,KATAMA PRI SCH
15,KITUI,67,MWINGI NORTH,333,MUMONI,KITHIOKO MKT
15,KITUI,67,MWINGI NORTH,333,MUMONI,MUKINDU NUR SCH
15,KITUI,67,MWINGI NORTH,333,MUMONI,KASIONI PRI SCH
15,KITUI,67,MWINGI NORTH,333,MUMONI,MUSOSYA PRI SCH
15,KITUI,67,MWINGI NORTH,333,MUMONI,MUTIUNI PRI SCH
15,KITUI,67,MWINGI NORTH,333,MUMONI,KAISINGA PRI SCH
15,KITUI,67,MWINGI NORTH,333,MUMONI,KWA KATHUKYA T.C
15,KITUI,67,MWINGI NORTH,333,MUMONI,KWA MUSILA PRI SCH
15,KITUI,67,MWINGI NORTH,333,MUMONI,MBANGWANI TRC
15,KITUI,67,MWINGI NORTH,333,MUMONI,ITHUNZI PRI.
15,KITUI,67,MWINGI NORTH,333,MUMONI,KAMBUSU PRI SCH
15,KITUI,67,MWINGI NORTH,333,MUMONI,NGUNGANI NUR SCH
15,KITUI,67,MWINGI NORTH,333,MUMONI,TONDORA PRI SCH
15,KITUI,67,MWINGI NORTH,333,MUMONI,KALIANI FEEDER SCH
15,KITUI,67,MWINGI NORTH,333,MUMONI,KATUUNI PRI SCH
15,KITUI,67,MWINGI NORTH,333,MUMONI,MASUKANIONI PRI SCH
15,KITUI,67,MWINGI NORTH,333,MUMONI,MUTHWANI PRI SCH
15,KITUI,67,MWINGI NORTH,333,MUMONI,NDOO PRI SCH
15,KITUI,67,MWINGI NORTH,333,MUMONI,TYAA/KAMUTHALE SEC SCH
15,KITUI,67,MWINGI NORTH,333,MUMONI,KAMULYO FEEDER SCHOOL.
15,KITUI,67,MWINGI NORTH,333,MUMONI,NDATHA PRI SCH
15,KITUI,67,MWINGI NORTH,333,MUMONI,MWANGU PRI SCHOOL
15,KITUI,67,MWINGI NORTH,333,MUMONI,KYUMBE PRI SCHOOL
15,KITUI,67,MWINGI NORTH,333,MUMONI,KATANGINI PRI SCHOOL
15,KITUI,67,MWINGI NORTH,333,MUMONI,KASYONGO PRI SCHOOL
15,KITUI,67,MWINGI NORTH,333,MUMONI,ABC KASEVI PRI SCHOOL
15,KITUI,67,MWINGI NORTH,333,MUMONI,KANGOMO PRI SCHOOL
15,KITUI,67,MWINGI NORTH,333,MUMONI,KITUNGI PRI SCHOOL
15,KITUI,67,MWINGI NORTH,333,MUMONI,MUTHIMI FEEDER SCHOOL
15,KITUI,67,MWINGI NORTH,333,MUMONI,KIKUMINI PRI SCHOOL
15,KITUI,67,MWINGI NORTH,334,TSEIKURU,KAIVIRYA PRI SCH
15,KITUI,67,MWINGI NORTH,334,TSEIKURU,KANGARAI PRE SCHOOL
15,KITUI,67,MWINGI NORTH,334,TSEIKURU,KAVUTONI PRIMARY SCHOOL
15,KITUI,67,MWINGI NORTH,334,TSEIKURU,MWANGEA PRI SCH
15,KITUI,67,MWINGI NORTH,334,TSEIKURU,KISIUNI NUR SCH
15,KITUI,67,MWINGI NORTH,334,TSEIKURU,KITHAIYONI PRI SCH
15,KITUI,67,MWINGI NORTH,334,TSEIKURU,MANANDU PRI SCH
15,KITUI,67,MWINGI NORTH,334,TSEIKURU,MUANGENI PRE SCHOOL
15,KITUI,67,MWINGI NORTH,334,TSEIKURU,MUKAMENI PRIMARY SCHOOL
15,KITUI,67,MWINGI NORTH,334,TSEIKURU,NZANZENI PRI SCH
15,KITUI,67,MWINGI NORTH,334,TSEIKURU,KWA NGONDI NUR SCH
15,KITUI,67,MWINGI NORTH,334,TSEIKURU,KWA NZULA PRI SCH
15,KITUI,67,MWINGI NORTH,334,TSEIKURU,MATHUNYANI FEEDER SCHOOL
15,KITUI,67,MWINGI NORTH,334,TSEIKURU,MULANGONI PRI SCH
15,KITUI,67,MWINGI NORTH,334,TSEIKURU,NDOONI PRI SCH
15,KITUI,67,MWINGI NORTH,334,TSEIKURU,IKATHIMA PRI SCH
15,KITUI,67,MWINGI NORTH,334,TSEIKURU,ITHOKA PRI SCH
15,KITUI,67,MWINGI NORTH,334,TSEIKURU,KASAINI PRI SCH
15,KITUI,67,MWINGI NORTH,334,TSEIKURU,KASELUNI NURSERY SCHOOL
15,KITUI,67,MWINGI NORTH,334,TSEIKURU,KINOLU PRI SCH
15,KITUI,67,MWINGI NORTH,334,TSEIKURU,MANG ULU FEEDER SCHOOL
15,KITUI,67,MWINGI NORTH,334,TSEIKURU,MASYUNGWA PRI SCH
15,KITUI,67,MWINGI NORTH,334,TSEIKURU,KAIMEA FEEDER SCHOOL
15,KITUI,67,MWINGI NORTH,334,TSEIKURU,KAKAUNI PRI SCH
15,KITUI,67,MWINGI NORTH,334,TSEIKURU,KATILINGE PRI SCH
15,KITUI,67,MWINGI NORTH,334,TSEIKURU,KATUMBI PRI SCH
15,KITUI,67,MWINGI NORTH,334,TSEIKURU,SYOMAVUO NUR SCH
15,KITUI,67,MWINGI NORTH,334,TSEIKURU,KAIKULI PRIMARY SCHOOL
15,KITUI,67,MWINGI NORTH,334,TSEIKURU,KAMALI PRI SCH
15,KITUI,67,MWINGI NORTH,334,TSEIKURU,KYENINI PRI SCH
15,KITUI,67,MWINGI NORTH,334,TSEIKURU,MUSAVANI PRI SCH
15,KITUI,67,MWINGI NORTH,334,TSEIKURU,WIKITHUKI NUR SCH
15,KITUI,67,MWINGI NORTH,334,TSEIKURU,ILIONI PRIMARY
15,KITUI,67,MWINGI NORTH,334,TSEIKURU,KAKUNGUU PRI SCH
15,KITUI,67,MWINGI NORTH,334,TSEIKURU,KATHUNGU PRI SCH
15,KITUI,67,MWINGI NORTH,334,TSEIKURU,NGALANGE PRI SCH
15,KITUI,67,MWINGI NORTH,334,TSEIKURU,KALUMU PRI SCH
15,KITUI,67,MWINGI NORTH,334,TSEIKURU,SIVETA PRI SCH
15,KITUI,67,MWINGI NORTH,334,TSEIKURU,CIOKEREKE PRI SCH
15,KITUI,67,MWINGI NORTH,334,TSEIKURU,NGONGONI PRI SCH
15,KITUI,67,MWINGI NORTH,334,TSEIKURU,KALIMBUI PRI SCH
15,KITUI,67,MWINGI NORTH,334,TSEIKURU,TSEIKURU PRI SCH
15,KITUI,67,MWINGI NORTH,334,TSEIKURU,TSEIKURU SEC SCH
15,KITUI,67,MWINGI NORTH,334,TSEIKURU,ITUNG'UNI PRI SCH
15,KITUI,67,MWINGI NORTH,334,TSEIKURU,KYAMALUTU PRI SCH
15,KITUI,67,MWINGI NORTH,334,TSEIKURU,USUENI PRI SCH
15,KITUI,67,MWINGI NORTH,334,TSEIKURU,KATUE PRI SCHOOL
15,KITUI,67,MWINGI NORTH,334,TSEIKURU,MARU PRI SCHOOL
15,KITUI,67,MWINGI NORTH,334,TSEIKURU,MANZINGA PRI SCHOOL
15,KITUI,67,MWINGI NORTH,334,TSEIKURU,NGUUNI PRI SCHOOL
15,KITUI,67,MWINGI NORTH,334,TSEIKURU,KARURI PRI SCHOOL
15,KITUI,67,MWINGI NORTH,334,TSEIKURU,KASYATHYUNI PRI SCHOOL
15,KITUI,67,MWINGI NORTH,334,TSEIKURU,MASEVESEVENI PRI SCHOOL
15,KITUI,67,MWINGI NORTH,334,TSEIKURU,SUMONI PRI SCHOOL
15,KITUI,67,MWINGI NORTH,334,TSEIKURU,NYAMBONI PRI SCHOOL
15,KITUI,67,MWINGI NORTH,334,TSEIKURU,NDITIMI PRI SCHOOL
15,KITUI,67,MWINGI NORTH,335,THARAKA,GACIGONGO PRI SCH
15,KITUI,67,MWINGI NORTH,335,THARAKA,KAMANGARA FEEDER SCH
15,KITUI,67,MWINGI NORTH,335,THARAKA,KAMAYANGI PRI SCH
15,KITUI,67,MWINGI NORTH,335,THARAKA,MIRAMBA- IKAMBA PRI SCH
15,KITUI,67,MWINGI NORTH,335,THARAKA,MWARANGENI NUR SCH
15,KITUI,67,MWINGI NORTH,335,THARAKA,NKARAKU NUR SCH
15,KITUI,67,MWINGI NORTH,335,THARAKA,GAKOMBE PRI SCH
15,KITUI,67,MWINGI NORTH,335,THARAKA,GANKANGA SEC SCH
15,KITUI,67,MWINGI NORTH,335,THARAKA,KAMIKAU FEEDER SCHOOL
15,KITUI,67,MWINGI NORTH,335,THARAKA,KARIINI PRI SCH
15,KITUI,67,MWINGI NORTH,335,THARAKA,NKORU NUR SCH
15,KITUI,67,MWINGI NORTH,335,THARAKA,THARAKA PRI SCH
15,KITUI,67,MWINGI NORTH,335,THARAKA,GATORONI PRI SCH
15,KITUI,67,MWINGI NORTH,335,THARAKA,ITURA-MURA FEEDER SCH
15,KITUI,67,MWINGI NORTH,335,THARAKA,KANTHOROKO FEEDER SCHOOL
15,KITUI,67,MWINGI NORTH,335,THARAKA,GATUNDU PRI SCH
15,KITUI,67,MWINGI NORTH,335,THARAKA,IRIA ITUNE PRIMARY SCHOOL.
15,KITUI,67,MWINGI NORTH,335,THARAKA,KAMATUMO PRI SCH
15,KITUI,67,MWINGI NORTH,335,THARAKA,KANJIA FEEDER SCH
15,KITUI,67,MWINGI NORTH,335,THARAKA,KONYU PRI SCH
15,KITUI,67,MWINGI NORTH,335,THARAKA,KAMWERINI F. SCHOOL
15,KITUI,67,MWINGI NORTH,335,THARAKA,KANTHUNGU NURSERY SCHOOL
15,KITUI,67,MWINGI NORTH,335,THARAKA,KYUGA PRI SCH
15,KITUI,67,MWINGI NORTH,335,THARAKA,MUKURUNI FEEDER SCH
15,KITUI,67,MWINGI NORTH,335,THARAKA,NTHANGANI PRI SCH
15,KITUI,67,MWINGI NORTH,335,THARAKA,CIATUNGU PRI SCH
15,KITUI,67,MWINGI NORTH,335,THARAKA,KANYENGYA PRI SCH
15,KITUI,67,MWINGI NORTH,335,THARAKA,KARUNDU NURSERY SCHOOL
15,KITUI,68,MWINGI WEST,336,KYOME/THAANA,MBAU PRIMARY SCHOOL
15,KITUI,68,MWINGI WEST,336,KYOME/THAANA,KYOME PRIMARY SCHOOL
15,KITUI,68,MWINGI WEST,336,KYOME/THAANA,NDALUNI PRIMARY SCHOOL
15,KITUI,68,MWINGI WEST,336,KYOME/THAANA,KATHITA PRIMARY SCHOOL
15,KITUI,68,MWINGI WEST,336,KYOME/THAANA,SYOMUNG'ELE PRIMARY SCHOOL
15,KITUI,68,MWINGI WEST,336,KYOME/THAANA,KANYEKINI PRIMARY SCHOOL
15,KITUI,68,MWINGI WEST,336,KYOME/THAANA,MUUKUNI PRIMARY SCHOOL
15,KITUI,68,MWINGI WEST,336,KYOME/THAANA,THOKOA PRIMARY SCHOOL
15,KITUI,68,MWINGI WEST,336,KYOME/THAANA,TUMILA PRIMARY SCHOOL
15,KITUI,68,MWINGI WEST,336,KYOME/THAANA,MUSUANI PRIMARY SCHOOL
15,KITUI,68,MWINGI WEST,336,KYOME/THAANA,WIKITOO PRIMARY SCHOOL
15,KITUI,68,MWINGI WEST,336,KYOME/THAANA,KITHAMBA NGII NURSARY SCHOOL
15,KITUI,68,MWINGI WEST,336,KYOME/THAANA,YENZUVA PRIMARY SCHOOL
15,KITUI,68,MWINGI WEST,336,KYOME/THAANA,MAVUI PRIMARY SCHOOL
15,KITUI,68,MWINGI WEST,336,KYOME/THAANA,KASAVINI PRIMARY SCHOOL
15,KITUI,68,MWINGI WEST,336,KYOME/THAANA,THAANA NZAU PRIMARY SCHOOL
15,KITUI,68,MWINGI WEST,336,KYOME/THAANA,NZULI SECONDARY SCHOOL
15,KITUI,68,MWINGI WEST,336,KYOME/THAANA,KYUSYANI PRIMARY SCHOOL
15,KITUI,68,MWINGI WEST,336,KYOME/THAANA,KYANGUNGI PRIMARY SCHOOL
15,KITUI,68,MWINGI WEST,336,KYOME/THAANA,MULULINI PRIMARY SCHOOL
15,KITUI,68,MWINGI WEST,336,KYOME/THAANA,WINZYEEI PRIMARY SCHOOL
15,KITUI,68,MWINGI WEST,336,KYOME/THAANA,WALALAWA NURSARY SCHOOL
15,KITUI,68,MWINGI WEST,336,KYOME/THAANA,WIKIVUVWA PRIMARY SCHOOL
15,KITUI,68,MWINGI WEST,336,KYOME/THAANA,MASAANI PRIMARY SCHOOL
15,KITUI,68,MWINGI WEST,336,KYOME/THAANA,ITHENZE PRIMARY SCHOOL
15,KITUI,68,MWINGI WEST,336,KYOME/THAANA,KAMUTEKEO PRIMARY SCHOOL
15,KITUI,68,MWINGI WEST,336,KYOME/THAANA,KIUNDUANI NURSARY SCHOOL
15,KITUI,68,MWINGI WEST,336,KYOME/THAANA,MBAUNZO NURSARY SCHOOL
15,KITUI,68,MWINGI WEST,336,KYOME/THAANA,KAVAINI PRIMARY SCHOOL
15,KITUI,68,MWINGI WEST,336,KYOME/THAANA,KILELA PRIMARY SCHOOL
15,KITUI,68,MWINGI WEST,336,KYOME/THAANA,SYIMUU PRIMARY SCHOOL
15,KITUI,68,MWINGI WEST,336,KYOME/THAANA,KANYAA PRIMARY SCHOOL
15,KITUI,68,MWINGI WEST,336,KYOME/THAANA,KWA MBUTA MARKET
15,KITUI,68,MWINGI WEST,336,KYOME/THAANA,DAVID MUSILA (NDELEKENI) PRIMARY SCHOOL
15,KITUI,68,MWINGI WEST,336,KYOME/THAANA,UINI PRIMARY SCHOOL
15,KITUI,68,MWINGI WEST,336,KYOME/THAANA,THITANI PRIMARY SCHOOL
15,KITUI,68,MWINGI WEST,336,KYOME/THAANA,KASANGA PRIMARY SCHOOL
15,KITUI,68,MWINGI WEST,336,KYOME/THAANA,MUMBONI PRIMARY SCHOOL
15,KITUI,68,MWINGI WEST,336,KYOME/THAANA,KITULANI SECONDARY SCHOOL
15,KITUI,68,MWINGI WEST,336,KYOME/THAANA,KITULANI PRIMARY SCHOOL
15,KITUI,68,MWINGI WEST,336,KYOME/THAANA,KIVANI PRIMARY SCHOOL
15,KITUI,68,MWINGI WEST,337,NGUUTANI,MUTHITHINI PRIMARY SCHOOL
15,KITUI,68,MWINGI WEST,337,NGUUTANI,KEA PRIMARY SCHOOL
15,KITUI,68,MWINGI WEST,337,NGUUTANI,KASAVANI PRIMARY SCHOOL
15,KITUI,68,MWINGI WEST,337,NGUUTANI,KIVULU PRIMARY SCHOOL
15,KITUI,68,MWINGI WEST,337,NGUUTANI,KITHALANI PRIMARY SCHOOL
15,KITUI,68,MWINGI WEST,337,NGUUTANI,KIKIINI PRIMARY SCHOOL
15,KITUI,68,MWINGI WEST,337,NGUUTANI,KITHUNI PRIMARY SCHOOL
15,KITUI,68,MWINGI WEST,337,NGUUTANI,NZAUNI PRIMARY SCHOOL
15,KITUI,68,MWINGI WEST,337,NGUUTANI,KAIKUNGU PRIMARY SCHOOL
15,KITUI,68,MWINGI WEST,337,NGUUTANI,KAVILILO PRIMARY SCHOOL
15,KITUI,68,MWINGI WEST,337,NGUUTANI,MAKENGEKANI PRIMARY SCHOOL
15,KITUI,68,MWINGI WEST,337,NGUUTANI,NGUUTANI PRIMARY SCHOOL
15,KITUI,68,MWINGI WEST,337,NGUUTANI,KAKULULO PRIMARY SCHOOL
15,KITUI,68,MWINGI WEST,337,NGUUTANI,KATUYU PRIMARY SCHOOL
15,KITUI,68,MWINGI WEST,337,NGUUTANI,NZAWA PRIMARY SCHOOL
15,KITUI,68,MWINGI WEST,337,NGUUTANI,MUTHIONI PRIMARY SCHOOL
15,KITUI,68,MWINGI WEST,337,NGUUTANI,THIMU PRIMARY SCHOOL
15,KITUI,68,MWINGI WEST,337,NGUUTANI,KATOTENI PRIMARY SCHOOL
15,KITUI,68,MWINGI WEST,337,NGUUTANI,MAVUNI PRIMARY SCHOOL
15,KITUI,68,MWINGI WEST,337,NGUUTANI,SYONGONI PRIMARY SCHOOL
15,KITUI,68,MWINGI WEST,337,NGUUTANI,YITWA MBEMBA SHOPPING CENTRE
15,KITUI,68,MWINGI WEST,337,NGUUTANI,MUIMI PRIMARY SCHOOL
15,KITUI,68,MWINGI WEST,337,NGUUTANI,MATHEANI PRIMARY SCHOOL
15,KITUI,68,MWINGI WEST,337,NGUUTANI,NGONGONI PRIMARY SCHOOL
15,KITUI,68,MWINGI WEST,337,NGUUTANI,KWA KISENGA PRIMARY SCHOOL
15,KITUI,68,MWINGI WEST,337,NGUUTANI,KIUMONI PRIMARY SCHOOL
15,KITUI,68,MWINGI WEST,337,NGUUTANI,KAVOLOI PRIMARY SCHOOL
15,KITUI,68,MWINGI WEST,337,NGUUTANI,MATHUNZINI PRIMARY SCHOOL
15,KITUI,68,MWINGI WEST,337,NGUUTANI,MASONINI PRIMARY SCHOOL
15,KITUI,68,MWINGI WEST,337,NGUUTANI,KATHITA NZAU PRIMARY SCHOOL
15,KITUI,68,MWINGI WEST,338,MIGWANI,KALILUNI PRIMARY SCHOOL
15,KITUI,68,MWINGI WEST,338,MIGWANI,ITHAMBWA NGAU SECONDARY SCHOOL
15,KITUI,68,MWINGI WEST,338,MIGWANI,KYAMBOO PRIMARY SCHOOL
15,KITUI,68,MWINGI WEST,338,MIGWANI,KALEMBWA PRIMARY SCHOOL
15,KITUI,68,MWINGI WEST,338,MIGWANI,MIGWANI A.I.C PRIMARY SCHOOL
15,KITUI,68,MWINGI WEST,338,MIGWANI,MIGWANI D.E.B PRIMARY SCHOOL
15,KITUI,68,MWINGI WEST,338,MIGWANI,ITOLONI PRIMARY SCHOOL
15,KITUI,68,MWINGI WEST,338,MIGWANI,KAVALYANI PRIMARY SCHOOL
15,KITUI,68,MWINGI WEST,338,MIGWANI,KAMUTISYA PRIMARY SCHOOL
15,KITUI,68,MWINGI WEST,338,MIGWANI,KANG'UUTHENI PRIMARY SCHOOL
15,KITUI,68,MWINGI WEST,338,MIGWANI,NZATANI PRIMARY SCHOOL
15,KITUI,68,MWINGI WEST,338,MIGWANI,KANYUUNI PRIMARY SCHOOL
15,KITUI,68,MWINGI WEST,338,MIGWANI,KALUU PRIMARY SCHOOL
15,KITUI,68,MWINGI WEST,338,MIGWANI,NGONI PRIMARY SCHOOL
15,KITUI,68,MWINGI WEST,338,MIGWANI,ILALAMBYU PRIMARY SCHOOL
15,KITUI,68,MWINGI WEST,338,MIGWANI,MUNG'ALU PRIMARY SCHOOL
15,KITUI,68,MWINGI WEST,338,MIGWANI,KAMUTUNGU PRIMARY SCHOOL
15,KITUI,68,MWINGI WEST,338,MIGWANI,NZELUNI PRIMARY SCHOOL
15,KITUI,68,MWINGI WEST,338,MIGWANI,MUTHUNZUU PRIMARY SCHOOL
15,KITUI,68,MWINGI WEST,338,MIGWANI,KWA KYELU PRIMARY SCHOOL
15,KITUI,68,MWINGI WEST,338,MIGWANI,KILUNGU PRIMARY SCHOOL
15,KITUI,68,MWINGI WEST,338,MIGWANI,KATALWA PRIMARY SCHOOL
15,KITUI,68,MWINGI WEST,338,MIGWANI,MUTWAATHI PRIMARY SCHOOL
15,KITUI,68,MWINGI WEST,338,MIGWANI,MUNYANGE PRIMARY SCHOOL
15,KITUI,68,MWINGI WEST,338,MIGWANI,NZALAE PRIMARY SCHOOL
15,KITUI,68,MWINGI WEST,338,MIGWANI,NGULUMA PRIMARY SCHOOL
15,KITUI,68,MWINGI WEST,338,MIGWANI,KISUNGULA PRIMARY SCHOOL
15,KITUI,68,MWINGI WEST,338,MIGWANI,KISOVO PRIMARY SCHOOL
15,KITUI,68,MWINGI WEST,338,MIGWANI,MATHUMA PRIMARY SCHOOL
15,KITUI,68,MWINGI WEST,338,MIGWANI,ITHENG'ELI PRIMARY SCHOOL
15,KITUI,68,MWINGI WEST,338,MIGWANI,MUSOLA PRIMARY SCHOOL
15,KITUI,68,MWINGI WEST,338,MIGWANI,KING'OINI PRIMARY SCHOOL
15,KITUI,68,MWINGI WEST,338,MIGWANI,IKENA MWAKI NURSARY SCHOOL
15,KITUI,68,MWINGI WEST,338,MIGWANI,MWANZENGE PRIMARY SCHOOL
15,KITUI,68,MWINGI WEST,339,KIOMO/KYETHANI,KAIRUNGU PRIMARY SCHOOL
15,KITUI,68,MWINGI WEST,339,KIOMO/KYETHANI,KAKONGO PRIMARY SCHOOL
15,KITUI,68,MWINGI WEST,339,KIOMO/KYETHANI,ITILIKU PRIMARY SCHOOL
15,KITUI,68,MWINGI WEST,339,KIOMO/KYETHANI,ITONG'OLANI PRIMARY SCHOOL
15,KITUI,68,MWINGI WEST,339,KIOMO/KYETHANI,MUSONOKE PRIMARY SCHOOL
15,KITUI,68,MWINGI WEST,339,KIOMO/KYETHANI,MALATANI PRIMARY SCHOOL
15,KITUI,68,MWINGI WEST,339,KIOMO/KYETHANI,NGEMINI PRIMARY SCHOOL
15,KITUI,68,MWINGI WEST,339,KIOMO/KYETHANI,KIANZIANI PRIMARY SCHOOL
15,KITUI,68,MWINGI WEST,339,KIOMO/KYETHANI,NEGYANI PRIMARY SCHOOL
15,KITUI,68,MWINGI WEST,339,KIOMO/KYETHANI,UVAITA PRIMARY SCHOOL
15,KITUI,68,MWINGI WEST,339,KIOMO/KYETHANI,KIOMO PRIMARY SCHOOL
15,KITUI,68,MWINGI WEST,339,KIOMO/KYETHANI,MULILUNI PRIMARY SCHOOL
15,KITUI,68,MWINGI WEST,339,KIOMO/KYETHANI,KWA MUNYANZU PRIMARY SCHOOL
15,KITUI,68,MWINGI WEST,339,KIOMO/KYETHANI,NZILANI PRIMARY SCHOOL
15,KITUI,68,MWINGI WEST,339,KIOMO/KYETHANI,KYETHANI PRIMARY SCHOOL
15,KITUI,68,MWINGI WEST,339,KIOMO/KYETHANI,ITENDEU PRIMARY SCHOOL
15,KITUI,68,MWINGI WEST,339,KIOMO/KYETHANI,KOLIANI PRIMARY SCHOOL
15,KITUI,68,MWINGI WEST,339,KIOMO/KYETHANI,WIKITHUKI PRIMARY SCHOOL
15,KITUI,68,MWINGI WEST,339,KIOMO/KYETHANI,NZAAIKU PRIMARY SCHOOL
15,KITUI,68,MWINGI WEST,339,KIOMO/KYETHANI,WIMBONDO PRIMARY SCHOOL
15,KITUI,68,MWINGI WEST,339,KIOMO/KYETHANI,KAMANDIKO PRIMARY SCHOOL
15,KITUI,68,MWINGI WEST,339,KIOMO/KYETHANI,MULATA UTUNDA PRIMARY SCHOOL
15,KITUI,68,MWINGI WEST,339,KIOMO/KYETHANI,KAVUVWANI PRIMARY SCHOOL
15,KITUI,68,MWINGI WEST,339,KIOMO/KYETHANI,TYAA PRIMARY SCHOOL
15,KITUI,68,MWINGI WEST,339,KIOMO/KYETHANI,MISAI PRIMARY SCHOOL
15,KITUI,68,MWINGI WEST,339,KIOMO/KYETHANI,KAVUONI PRIMARY SCHOOL
15,KITUI,68,MWINGI WEST,339,KIOMO/KYETHANI,TULIMANI PRIMARY SCHOOL
15,KITUI,68,MWINGI WEST,339,KIOMO/KYETHANI,KATANGA PRIMARY SCHOOL
15,KITUI,68,MWINGI WEST,339,KIOMO/KYETHANI,MAVOLONI PRIMARY SCHOOL
15,KITUI,68,MWINGI WEST,339,KIOMO/KYETHANI,KWA MUSYA PRIMARY SCHOOL
15,KITUI,69,MWINGI CENTRAL,340,CENTRAL,KAELA SECONDARY SCHOOL
15,KITUI,69,MWINGI CENTRAL,340,CENTRAL,KALISASI PRIMARY SCHOOL
15,KITUI,69,MWINGI CENTRAL,340,CENTRAL,KAMUNYU PRI. SCH.
15,KITUI,69,MWINGI CENTRAL,340,CENTRAL,KASINA PRIMARY SCHOOL
15,KITUI,69,MWINGI CENTRAL,340,CENTRAL,KATUMBA PRIMARY SCHOOL
15,KITUI,69,MWINGI CENTRAL,340,CENTRAL,KAUSWINI PRIMARY SCHOOL
15,KITUI,69,MWINGI CENTRAL,340,CENTRAL,KITINGA PRIMARY SCHOOL
15,KITUI,69,MWINGI CENTRAL,340,CENTRAL,MBORU PRIMARY SCHOOL
15,KITUI,69,MWINGI CENTRAL,340,CENTRAL,MULANG'A PRI. SCHOOL
15,KITUI,69,MWINGI CENTRAL,340,CENTRAL,MUSILA GARDENS
15,KITUI,69,MWINGI CENTRAL,340,CENTRAL,MUSUKINI PRIMARY SCHOOL
15,KITUI,69,MWINGI CENTRAL,340,CENTRAL,MWINGI YOUTH POLYTECHNIC.
15,KITUI,69,MWINGI CENTRAL,340,CENTRAL,SYONGII SECONDARY SCHOOL
15,KITUI,69,MWINGI CENTRAL,340,CENTRAL,YANYONGE NURSERY SCHOOL
15,KITUI,69,MWINGI CENTRAL,340,CENTRAL,MWINGI SLAUGHTER HOUSE
15,KITUI,69,MWINGI CENTRAL,340,CENTRAL,ISEE PRIMARY SCHOOL
15,KITUI,69,MWINGI CENTRAL,340,CENTRAL,MALEMBWANI ECDE CENTER
15,KITUI,69,MWINGI CENTRAL,340,CENTRAL,KISEVENI PRIMARY SCHOOL
15,KITUI,69,MWINGI CENTRAL,341,KIVOU,ISEKELE PRE-SCHOOL
15,KITUI,69,MWINGI CENTRAL,341,KIVOU,ITHUMBI PRIMARY SCHOOL
15,KITUI,69,MWINGI CENTRAL,341,KIVOU,KALANGE PRIMARY SCHOOL.
15,KITUI,69,MWINGI CENTRAL,341,KIVOU,KANYUNGA DISPENSARY
15,KITUI,69,MWINGI CENTRAL,341,KIVOU,KANZANZU PRIMARY SCHOOL
15,KITUI,69,MWINGI CENTRAL,341,KIVOU,KANZUI PRIMARY SCHOOL
15,KITUI,69,MWINGI CENTRAL,341,KIVOU,KARUNG'A PRIMARY SCHOOL
15,KITUI,69,MWINGI CENTRAL,341,KIVOU,KASEVI PRIMARY SCHOOL
15,KITUI,69,MWINGI CENTRAL,341,KIVOU,KASOVONI PRIMARY SCHOOL
15,KITUI,69,MWINGI CENTRAL,341,KIVOU,KATUVA PRIMARY SCHOOL
15,KITUI,69,MWINGI CENTRAL,341,KIVOU,KISAMA PRIMARY SCHOOL
15,KITUI,69,MWINGI CENTRAL,341,KIVOU,KIVOU PRIMARY SCHOOL
15,KITUI,69,MWINGI CENTRAL,341,KIVOU,KIVOU SECONDARY(NDALANI NURSERY)
15,KITUI,69,MWINGI CENTRAL,341,KIVOU,KWA NZILI PRIMARY SCHOOL
15,KITUI,69,MWINGI CENTRAL,341,KIVOU,KYANIKA PRIMARY SCHOOL
15,KITUI,69,MWINGI CENTRAL,341,KIVOU,KYANUNDU ISCKONI PRIMARY
15,KITUI,69,MWINGI CENTRAL,341,KIVOU,MWINGI DICECE
15,KITUI,69,MWINGI CENTRAL,341,KIVOU,MWINGI PRIMARY SCHOOL
15,KITUI,69,MWINGI CENTRAL,341,KIVOU,MWINGI SECONDARY SCHOOL
15,KITUI,69,MWINGI CENTRAL,341,KIVOU,MWINGI WHOLE SALE MARKET
15,KITUI,69,MWINGI CENTRAL,341,KIVOU,NZULI PRIMARY SCHOOL
15,KITUI,69,MWINGI CENTRAL,341,KIVOU,SYOMIKUKU PRIMARY SCHOOL
15,KITUI,69,MWINGI CENTRAL,341,KIVOU,THITHA PRIMARY SCHOOL
15,KITUI,69,MWINGI CENTRAL,341,KIVOU,WAASYA PRIMARY SCHOOL
15,KITUI,69,MWINGI CENTRAL,341,KIVOU,YAMBYU SECONDARY SCHOOL
15,KITUI,69,MWINGI CENTRAL,341,KIVOU,KAVINGASI PRIMARY SCHOOL
15,KITUI,69,MWINGI CENTRAL,341,KIVOU,KANZOKA PRIMARY SCHOOL
15,KITUI,69,MWINGI CENTRAL,341,KIVOU,KWA KAKA SHOPPING CENTRE
15,KITUI,69,MWINGI CENTRAL,341,KIVOU,KALILII ECDE CENTER
15,KITUI,69,MWINGI CENTRAL,341,KIVOU,KATHANAWANI PRIMARY SCHOOL
15,KITUI,69,MWINGI CENTRAL,342,NGUNI,IVUUSYA PRIMARY SCHOOL
15,KITUI,69,MWINGI CENTRAL,342,NGUNI,KALANGA PRIMARY SCHOOL
15,KITUI,69,MWINGI CENTRAL,342,NGUNI,KALULU PRIMARY SCHOOL
15,KITUI,69,MWINGI CENTRAL,342,NGUNI,KAMULALANI PRIMARY SCHOOL
15,KITUI,69,MWINGI CENTRAL,342,NGUNI,KAVISU PRIMARY SCHOOL
15,KITUI,69,MWINGI CENTRAL,342,NGUNI,KIISU PRIMARY SCHOOL
15,KITUI,69,MWINGI CENTRAL,342,NGUNI,KIWANZA PRIMARY SCHOOL
15,KITUI,69,MWINGI CENTRAL,342,NGUNI,KWA NGANGA PRIMARY SCHOOL
15,KITUI,69,MWINGI CENTRAL,342,NGUNI,KYALAMOKO PRIMARY SCHOOL
15,KITUI,69,MWINGI CENTRAL,342,NGUNI,KYANGU PRIMARY SCHOOL
15,KITUI,69,MWINGI CENTRAL,342,NGUNI,LEVUNI PRIMARY SCHOOL
15,KITUI,69,MWINGI CENTRAL,342,NGUNI,MAAI PRIMARY SCHOOL
15,KITUI,69,MWINGI CENTRAL,342,NGUNI,MANDOVE PRIMARY SCHOOL
15,KITUI,69,MWINGI CENTRAL,342,NGUNI,MASAVI PRIMARY SCHOOL
15,KITUI,69,MWINGI CENTRAL,342,NGUNI,MBOTI PRIMARY SCHOOL
15,KITUI,69,MWINGI CENTRAL,342,NGUNI,MULINDE PRIMARY SCHOOL
15,KITUI,69,MWINGI CENTRAL,342,NGUNI,MUSOVO PRIMARY SCHOOL
15,KITUI,69,MWINGI CENTRAL,342,NGUNI,MUTHUKA PRIMARY SCHOOL
15,KITUI,69,MWINGI CENTRAL,342,NGUNI,MWANIA PRIMARY SCHOOL
15,KITUI,69,MWINGI CENTRAL,342,NGUNI,MWANZELE TRADING CENTER
15,KITUI,69,MWINGI CENTRAL,342,NGUNI,MWASUMA PRIMARY SCHOOL
15,KITUI,69,MWINGI CENTRAL,342,NGUNI,MYUUNI PRIMARY SCHOOL
15,KITUI,69,MWINGI CENTRAL,342,NGUNI,NDIAMUMO PRIMARY SCHOOL
15,KITUI,69,MWINGI CENTRAL,342,NGUNI,NGOONI PRIMARY SCHOOL
15,KITUI,69,MWINGI CENTRAL,342,NGUNI,NGUNI HEALTH CENTER
15,KITUI,69,MWINGI CENTRAL,342,NGUNI,NGUNI PRIMARY SCHOOL
15,KITUI,69,MWINGI CENTRAL,342,NGUNI,NZENGENI PRIMARY SCHOOL
15,KITUI,69,MWINGI CENTRAL,342,NGUNI,NZIKANI PRIMARY SCHOOL
15,KITUI,69,MWINGI CENTRAL,342,NGUNI,NZOUNI PRIMARY SCHOOL
15,KITUI,69,MWINGI CENTRAL,342,NGUNI,SOSOMA PRIMARY SCHOOL
15,KITUI,69,MWINGI CENTRAL,342,NGUNI,SYUMIKU PRIMARY SCHOOL
15,KITUI,69,MWINGI CENTRAL,342,NGUNI,SYUNOO PRIMARY SCHOOL
15,KITUI,69,MWINGI CENTRAL,342,NGUNI,UKASI PRIMARY SCHOOL
15,KITUI,69,MWINGI CENTRAL,342,NGUNI,KATUNE PRIMARY SCHOOL
15,KITUI,69,MWINGI CENTRAL,342,NGUNI,KWA NZILI DEB PRIMARY SCHOOL
15,KITUI,69,MWINGI CENTRAL,342,NGUNI,ITUNGALI PRIMARY SCHOOL
15,KITUI,69,MWINGI CENTRAL,342,NGUNI,KAMUMBU PRIMARY SCHOOL
15,KITUI,69,MWINGI CENTRAL,342,NGUNI,KATHUNGU SHOPPING CENTRE
15,KITUI,69,MWINGI CENTRAL,343,NUU,IMWAA PRIMARY SCHOOL.
15,KITUI,69,MWINGI CENTRAL,343,NUU,IMWAMBA PRIMARY SCHOOL.
15,KITUI,69,MWINGI CENTRAL,343,NUU,IVIANI PRIMARY SCHOOL.
15,KITUI,69,MWINGI CENTRAL,343,NUU,KAAI PRIMARY SCHOOL.
15,KITUI,69,MWINGI CENTRAL,343,NUU,KALALANI PRIMARY SCHOOL.
15,KITUI,69,MWINGI CENTRAL,343,NUU,KALESI PRIMARY SCHOOL.
15,KITUI,69,MWINGI CENTRAL,343,NUU,KAOMBE PRIMARY SCHOOL.
15,KITUI,69,MWINGI CENTRAL,343,NUU,KATHANZE PRIMARY SCHOOL.
15,KITUI,69,MWINGI CENTRAL,343,NUU,KAVINDU PRIMARY SCHOOL.
15,KITUI,69,MWINGI CENTRAL,343,NUU,KAVUTI PRIMARY SCHOOL.
15,KITUI,69,MWINGI CENTRAL,343,NUU,KAWELU PRIMARY SCHOOL
15,KITUI,69,MWINGI CENTRAL,343,NUU,KILIKU PRIMARY SCHOOL.
15,KITUI,69,MWINGI CENTRAL,343,NUU,KITHITUNI PRIMARY SCHOOL.
15,KITUI,69,MWINGI CENTRAL,343,NUU,KIVUNDUI PRIMARY SCHOOL
15,KITUI,69,MWINGI CENTRAL,343,NUU,KYANDII PRIMARY SCHOOL.
15,KITUI,69,MWINGI CENTRAL,343,NUU,KYATUNE PRIMARY SCHOOL.
15,KITUI,69,MWINGI CENTRAL,343,NUU,KYUMBE PRIMARY SCHOOL
15,KITUI,69,MWINGI CENTRAL,343,NUU,MATULANI PRIMARY SCHOOL.
15,KITUI,69,MWINGI CENTRAL,343,NUU,MBIA PRIMARY SCHOOL
15,KITUI,69,MWINGI CENTRAL,343,NUU,MITAAVO PRIMARY SCHOOL.
15,KITUI,69,MWINGI CENTRAL,343,NUU,MUANGENI PRIMARY SCHOOL.
15,KITUI,69,MWINGI CENTRAL,343,NUU,MUTULU PRIMARY SCHOOL.
15,KITUI,69,MWINGI CENTRAL,343,NUU,MUTUNGA PRIMARY SCHOOL.
15,KITUI,69,MWINGI CENTRAL,343,NUU,MUTYANGOME PRIMARY SCHOOL.
15,KITUI,69,MWINGI CENTRAL,343,NUU,MWALILI PRIMARY SCHOOL.
15,KITUI,69,MWINGI CENTRAL,343,NUU,MWAMBIU PRIIMARY SCHOOL
15,KITUI,69,MWINGI CENTRAL,343,NUU,NDANDINI PRIMARY SCHOOL
15,KITUI,69,MWINGI CENTRAL,343,NUU,NDOLONGWE PRIMARY.
15,KITUI,69,MWINGI CENTRAL,343,NUU,NGANGANI PRIMARY SCHOOL.
15,KITUI,69,MWINGI CENTRAL,343,NUU,NGIENI PRIMARY SCHOOL
15,KITUI,69,MWINGI CENTRAL,343,NUU,NGUUENI PRIMARY SCHOOL
15,KITUI,69,MWINGI CENTRAL,343,NUU,NGUUNI PRIMARY SCHOOL.
15,KITUI,69,MWINGI CENTRAL,343,NUU,NUU PRIMARY SCHOOL.
15,KITUI,69,MWINGI CENTRAL,343,NUU,NYAANI PRIMARY SCHOOL
15,KITUI,69,MWINGI CENTRAL,343,NUU,NZANZU PRIMARY SCHOOL.
15,KITUI,69,MWINGI CENTRAL,343,NUU,SYOMAKETHE PRIMARY SCHOOL.
15,KITUI,69,MWINGI CENTRAL,343,NUU,TUVAANI PRIMARY SCHOOL.
15,KITUI,69,MWINGI CENTRAL,343,NUU,WANGWIU PRIMARY SCHOOL
15,KITUI,69,MWINGI CENTRAL,343,NUU,WINGEMI PRIMARY SCHOOL.
15,KITUI,69,MWINGI CENTRAL,343,NUU,YATW'A PRIMARY SCHOOL.
15,KITUI,69,MWINGI CENTRAL,343,NUU,KAMULUYUNI PRIMARY SCHOOL
15,KITUI,69,MWINGI CENTRAL,343,NUU,NGUKA IMWE PRIMARY SCHOOL
15,KITUI,69,MWINGI CENTRAL,343,NUU,KWA MUTILI PRIMARY SCHOOL
15,KITUI,69,MWINGI CENTRAL,343,NUU,KAWALA ECDE CENTER
15,KITUI,69,MWINGI CENTRAL,344,MUI,KALIKONI PRIMARY SCHOOL.
15,KITUI,69,MWINGI CENTRAL,344,MUI,KALITINI PRIMARY SCHOOL.
15,KITUI,69,MWINGI CENTRAL,344,MUI,KAMULEWA PRIMARY SCHOOL.
15,KITUI,69,MWINGI CENTRAL,344,MUI,KANGILWA PRIMARY SCHOOL.
15,KITUI,69,MWINGI CENTRAL,344,MUI,KARIOKOR PRIMARY SCHOOL.
15,KITUI,69,MWINGI CENTRAL,344,MUI,KATEIKO PRIMARY SCHOOL.
15,KITUI,69,MWINGI CENTRAL,344,MUI,KATHUMO PRIMARY SCHOOL.
15,KITUI,69,MWINGI CENTRAL,344,MUI,KAVALIKI PRIMARY SCHOOL.
15,KITUI,69,MWINGI CENTRAL,344,MUI,KAVOKO PRIMARY SCHOOL.
15,KITUI,69,MWINGI CENTRAL,344,MUI,KIMONGO PRIMARY SCHOOL.
15,KITUI,69,MWINGI CENTRAL,344,MUI,KIRUINI NURSERY SCHOOL.
15,KITUI,69,MWINGI CENTRAL,344,MUI,KIVULA PRIMARY SCHOOL.
15,KITUI,69,MWINGI CENTRAL,344,MUI,KIVYUNI PRIMARY SCHOOL.
15,KITUI,69,MWINGI CENTRAL,344,MUI,KYAMWENZE SECONDARY SCHOOL
15,KITUI,69,MWINGI CENTRAL,344,MUI,KYUME PRIMARY SCHOOL.
15,KITUI,69,MWINGI CENTRAL,344,MUI,LUNDI PRIMARY SCHOOL.
15,KITUI,69,MWINGI CENTRAL,344,MUI,MAKUKA NURSERY SCHOOL
15,KITUI,69,MWINGI CENTRAL,344,MUI,MATHUKI PRIMARY SCHOOL.
15,KITUI,69,MWINGI CENTRAL,344,MUI,MUI PRIMARY SCHOOL.
15,KITUI,69,MWINGI CENTRAL,344,MUI,MUNYUNI PRIMARY SCHOOL.
15,KITUI,69,MWINGI CENTRAL,344,MUI,MUSOKANI PRIMARY SCHOOL
15,KITUI,69,MWINGI CENTRAL,344,MUI,MWAMBUNI PRIMARY SCHOOL.
15,KITUI,69,MWINGI CENTRAL,344,MUI,NDUVANI PRIMARY SCHOOL.
15,KITUI,69,MWINGI CENTRAL,344,MUI,NGAA PRIMARY SCHOOL.
15,KITUI,69,MWINGI CENTRAL,344,MUI,NGILUNI PRIMARY SCHOOL.
15,KITUI,69,MWINGI CENTRAL,344,MUI,NZAMANI PRIMARY SCHOOL
15,KITUI,69,MWINGI CENTRAL,344,MUI,NZIA PRIMARY SCHOOL.
15,KITUI,69,MWINGI CENTRAL,344,MUI,YUMBU PRIMARY SCHOOL.
15,KITUI,69,MWINGI CENTRAL,344,MUI,ULAA PRIMARY SCHOOL
15,KITUI,69,MWINGI CENTRAL,344,MUI,KWA MWENGA PRIMARY SCHOOL
15,KITUI,69,MWINGI CENTRAL,344,MUI,MBALYU PRIMARY SCHOOL
15,KITUI,69,MWINGI CENTRAL,345,WAITA,YUMBE PRIMARY SCHOOL
15,KITUI,69,MWINGI CENTRAL,345,WAITA,ENZIU PRIMARY SCHOOL
15,KITUI,69,MWINGI CENTRAL,345,WAITA,ENZIU SECONDARY SCHOOL
15,KITUI,69,MWINGI CENTRAL,345,WAITA,IKUUSYA PRIMARY SCHOOL
15,KITUI,69,MWINGI CENTRAL,345,WAITA,KANGUTHA PRIMARY SCHOOL
15,KITUI,69,MWINGI CENTRAL,345,WAITA,KATHOKA PRIMARY SCHOOL
15,KITUI,69,MWINGI CENTRAL,345,WAITA,KATULUNI PRIMARY SCHOOL
15,KITUI,69,MWINGI CENTRAL,345,WAITA,KAUNGUNI PRIMARY SCHOOL
15,KITUI,69,MWINGI CENTRAL,345,WAITA,KISOLE PRIMARY SCHOOL
15,KITUI,69,MWINGI CENTRAL,345,WAITA,KIVUI PRIMARY SCHOOL
15,KITUI,69,MWINGI CENTRAL,345,WAITA,KYAMBAA PRIMARY SCHOOL
15,KITUI,69,MWINGI CENTRAL,345,WAITA,KYANDOA PRIMARY SCHOOL
15,KITUI,69,MWINGI CENTRAL,345,WAITA,KYULUNGW'A PRIMARY SCHOOL
15,KITUI,69,MWINGI CENTRAL,345,WAITA,MALIONI PRIMARY SCHOOL
15,KITUI,69,MWINGI CENTRAL,345,WAITA,MAONGOA PRIMARY SCHOOL
15,KITUI,69,MWINGI CENTRAL,345,WAITA,MUNGUU PRIMARY SCHOOL
15,KITUI,69,MWINGI CENTRAL,345,WAITA,MUONO PRIMARY SCHOOL
15,KITUI,69,MWINGI CENTRAL,345,WAITA,MURUANA PRIMARY SCHOOL
15,KITUI,69,MWINGI CENTRAL,345,WAITA,MWAMBUI PRIMARY SCHOOL
15,KITUI,69,MWINGI CENTRAL,345,WAITA,NDIANI PRIMARY SCHOOL
15,KITUI,69,MWINGI CENTRAL,345,WAITA,NDITHI PRIMARY SCHOOL
15,KITUI,69,MWINGI CENTRAL,345,WAITA,NYANYAA PRIMARY SCHOOL
15,KITUI,69,MWINGI CENTRAL,345,WAITA,THONOA PRIMARY SCHOOL
15,KITUI,69,MWINGI CENTRAL,345,WAITA,UVATI PRIMARY SCHOOL
15,KITUI,69,MWINGI CENTRAL,345,WAITA,WAITA PRIMARY SCHOOL
15,KITUI,69,MWINGI CENTRAL,345,WAITA,NENGYANI PRIMARY SCHOOL
15,KITUI,69,MWINGI CENTRAL,345,WAITA,MASOKANI ECDE CENTRE
15,KITUI,69,MWINGI CENTRAL,345,WAITA,NDANGANI PRIMARY SCHOOL
15,KITUI,69,MWINGI CENTRAL,345,WAITA,MUTWANGOMBE SECONDARY SCHOOL
15,KITUI,70,KITUI WEST,346,MUTONGUNI,KIATINE PRI SCHOOL
15,KITUI,70,KITUI WEST,346,MUTONGUNI,UTOO PRI SCHOOL
15,KITUI,70,KITUI WEST,346,MUTONGUNI,KITAMWIKI PRI SCHOOL
15,KITUI,70,KITUI WEST,346,MUTONGUNI,MUTONGUNI PRI SCHOOL
15,KITUI,70,KITUI WEST,346,MUTONGUNI,MWANGYA PRI SCHOOL
15,KITUI,70,KITUI WEST,346,MUTONGUNI,NZINIA PRI SCHOOL
15,KITUI,70,KITUI WEST,346,MUTONGUNI,KYAMUTIMBA PRI SCHOOL
15,KITUI,70,KITUI WEST,346,MUTONGUNI,KAVONGE PRI SCHOOL
15,KITUI,70,KITUI WEST,346,MUTONGUNI,KITUNDUMO PRI SCHOOL
15,KITUI,70,KITUI WEST,346,MUTONGUNI,IIANI PRI SCHOOL
15,KITUI,70,KITUI WEST,346,MUTONGUNI,KANGII PRI SCHOOL
15,KITUI,70,KITUI WEST,346,MUTONGUNI,KIVULU PRI SCHOOL
15,KITUI,70,KITUI WEST,346,MUTONGUNI,KUTHA PRI SCHOOL
15,KITUI,70,KITUI WEST,346,MUTONGUNI,MUSENGO PRI SCHOOL
15,KITUI,70,KITUI WEST,346,MUTONGUNI,KANGONDI PRI SCHOOL
15,KITUI,70,KITUI WEST,346,MUTONGUNI,KIUKUNI PRI SCHOOL
15,KITUI,70,KITUI WEST,346,MUTONGUNI,KAKUMUTI PRI SCHOOL
15,KITUI,70,KITUI WEST,346,MUTONGUNI,MUTHALE PRI SCHOOL
15,KITUI,70,KITUI WEST,346,MUTONGUNI,YALATANI PRI SCHOOL
15,KITUI,70,KITUI WEST,346,MUTONGUNI,MUTHALE GIRLS SEC SCHOOL
15,KITUI,70,KITUI WEST,346,MUTONGUNI,MISYINI PRI SCHOOL
15,KITUI,70,KITUI WEST,346,MUTONGUNI,MUTONGUNI POLYTECHNIC
15,KITUI,70,KITUI WEST,346,MUTONGUNI,KIAMANI PRI SCHOOL
15,KITUI,70,KITUI WEST,346,MUTONGUNI,UKUNI PRI SCHOOL
15,KITUI,70,KITUI WEST,346,MUTONGUNI,KAKEANI PRI SCHOOL
15,KITUI,70,KITUI WEST,346,MUTONGUNI,NYUANI PRI SCHOOL
15,KITUI,70,KITUI WEST,346,MUTONGUNI,MBUINI PRI SCHOOL
15,KITUI,70,KITUI WEST,346,MUTONGUNI,NGONG'U PRI SCHOOL
15,KITUI,70,KITUI WEST,346,MUTONGUNI,NGESU PRI SCHOOL
15,KITUI,70,KITUI WEST,346,MUTONGUNI,UVAANI PRI SCHOOL
15,KITUI,70,KITUI WEST,346,MUTONGUNI,KYAMBIWA PRI SCHOOL
15,KITUI,70,KITUI WEST,346,MUTONGUNI,MUTULU PRI SCHOOL
15,KITUI,70,KITUI WEST,346,MUTONGUNI,KWA NDONDO PRI SCHOOL
15,KITUI,70,KITUI WEST,346,MUTONGUNI,TULIA PRI SCHOOL
15,KITUI,70,KITUI WEST,346,MUTONGUNI,KASUE SEC SCHOOL
15,KITUI,70,KITUI WEST,346,MUTONGUNI,KAUMONI PRI SCHOOL
15,KITUI,70,KITUI WEST,346,MUTONGUNI,MUSENGO SEC SCHOOL
15,KITUI,70,KITUI WEST,346,MUTONGUNI,KWA MUKOO PRI SCHOOL
15,KITUI,70,KITUI WEST,346,MUTONGUNI,IIANI AIC
15,KITUI,70,KITUI WEST,346,MUTONGUNI,KAMUNYU AIC
15,KITUI,70,KITUI WEST,346,MUTONGUNI,KIWANZANI AIC
15,KITUI,70,KITUI WEST,346,MUTONGUNI,KAKEANI SEC SCHOOL
15,KITUI,70,KITUI WEST,346,MUTONGUNI,MUMBUNI PRI SCHOOL
15,KITUI,70,KITUI WEST,346,MUTONGUNI,SYOMUTWA PRI SCHOOL
15,KITUI,70,KITUI WEST,346,MUTONGUNI,MAVALO PRI SCHOOL
15,KITUI,70,KITUI WEST,346,MUTONGUNI,MATETA PRE-PRIMARY SCHOOL
15,KITUI,70,KITUI WEST,346,MUTONGUNI,MWATATE PRI SCHOOL
15,KITUI,70,KITUI WEST,346,MUTONGUNI,KAKUMUTI MIXED DAY SEC SCHOOL
15,KITUI,70,KITUI WEST,347,KAUWI,KATUTU PRI SCHOOL
15,KITUI,70,KITUI WEST,347,KAUWI,EMIVIA PRI SCHOOL
15,KITUI,70,KITUI WEST,347,KAUWI,KATHIANI PRI SCHOOL
15,KITUI,70,KITUI WEST,347,KAUWI,KATAA PRI SCHOOL
15,KITUI,70,KITUI WEST,347,KAUWI,MUTANDA PRI SCHOOL
15,KITUI,70,KITUI WEST,347,KAUWI,NGUNGUU AIC
15,KITUI,70,KITUI WEST,347,KAUWI,KWAMWAMBI PRI SCHOOL
15,KITUI,70,KITUI WEST,347,KAUWI,KIVANI PR SCH
15,KITUI,70,KITUI WEST,347,KAUWI,KANGUNGI PR SCH
15,KITUI,70,KITUI WEST,347,KAUWI,KAUWI PRI SCHOOL
15,KITUI,70,KITUI WEST,347,KAUWI,KYONDONI PRI SCHOOL
15,KITUI,70,KITUI WEST,347,KAUWI,KALUNI PRI SCHOOL
15,KITUI,70,KITUI WEST,347,KAUWI,KWA-NYINGI PRI SCHOOL
15,KITUI,70,KITUI WEST,347,KAUWI,MUTINI PRI SCHOOL
15,KITUI,70,KITUI WEST,347,KAUWI,KISEVENI PRI SCHOOL
15,KITUI,70,KITUI WEST,347,KAUWI,SANGALA PRI SCHOOL
15,KITUI,70,KITUI WEST,347,KAUWI,KAVOO PR SCH
15,KITUI,70,KITUI WEST,347,KAUWI,KASUE PR SCH
15,KITUI,70,KITUI WEST,347,KAUWI,KALINDITI PRI SCHOOL
15,KITUI,70,KITUI WEST,347,KAUWI,KATHEKA PRI SCHOOL
15,KITUI,70,KITUI WEST,347,KAUWI,MANG'ELU PRI SCHOOL
15,KITUI,70,KITUI WEST,347,KAUWI,KYENG'E PR SCHOOL
15,KITUI,70,KITUI WEST,347,KAUWI,KATUTU GIRLS
15,KITUI,70,KITUI WEST,347,KAUWI,KASAKINI PRI SCHOOL
15,KITUI,70,KITUI WEST,347,KAUWI,KOMU PRI SCHOOL
15,KITUI,70,KITUI WEST,347,KAUWI,ST MARKS PRI SCHOOL
15,KITUI,70,KITUI WEST,347,KAUWI,KYENI PR SCH
15,KITUI,70,KITUI WEST,347,KAUWI,NGENGEKANI PRI SCHOOL
15,KITUI,70,KITUI WEST,347,KAUWI,MUTHI PRI SCHOOL
15,KITUI,70,KITUI WEST,347,KAUWI,MATINGA PRI SCHOOL
15,KITUI,70,KITUI WEST,347,KAUWI,NZEMELI PRI SCHOOL
15,KITUI,70,KITUI WEST,348,MATINYANI,MASEKI PRI. SCHOOL
15,KITUI,70,KITUI WEST,348,MATINYANI,MATINYANI POLYTECHNIC
15,KITUI,70,KITUI WEST,348,MATINYANI,KAUMA PRI. SCHOOL
15,KITUI,70,KITUI WEST,348,MATINYANI,KYENI PRI. SCHOOL
15,KITUI,70,KITUI WEST,348,MATINYANI,KAVUMBU PRI. SCHOOL
15,KITUI,70,KITUI WEST,348,MATINYANI,KATHUMA PRI. SCHOOL
15,KITUI,70,KITUI WEST,348,MATINYANI,KIKANGA PRI. SCHOOL
15,KITUI,70,KITUI WEST,348,MATINYANI,MATINYANI D.E.B PRI. SCHOOL
15,KITUI,70,KITUI WEST,348,MATINYANI,MBAVAE PRI. SCHOOL
15,KITUI,70,KITUI WEST,348,MATINYANI,MATINYANI A.I.C PRI. SCHOOL
15,KITUI,70,KITUI WEST,348,MATINYANI,KUNIKILA PRI. SCHOOL
15,KITUI,70,KITUI WEST,348,MATINYANI,KITHUNZI PRI. SCHOOL
15,KITUI,70,KITUI WEST,348,MATINYANI,KYAMBUSYA PRIMARY SCHOOL
15,KITUI,70,KITUI WEST,348,MATINYANI,KWA NDONGA PRI SCHOOL
15,KITUI,70,KITUI WEST,348,MATINYANI,KYAMBEVO PRI. SCHOOL
15,KITUI,70,KITUI WEST,348,MATINYANI,KWA MUSYIMI PRI. SCHOOL
15,KITUI,70,KITUI WEST,348,MATINYANI,NDALANI PRIMARY SCHOOL
15,KITUI,70,KITUI WEST,348,MATINYANI,KALIA PRI. SCHOOL
15,KITUI,70,KITUI WEST,348,MATINYANI,KATHEUNI PRI. SCH
15,KITUI,70,KITUI WEST,348,MATINYANI,KAKUMI PRIMARY SCHOOL
15,KITUI,70,KITUI WEST,348,MATINYANI,KITUNDUNI PRI. SCHOOL
15,KITUI,70,KITUI WEST,348,MATINYANI,NZAKAME SEC. SCHOOL
15,KITUI,70,KITUI WEST,348,MATINYANI,KITUMBI PRI. SCHOOL
15,KITUI,70,KITUI WEST,348,MATINYANI,MAAINI PRI SCHOOL
15,KITUI,70,KITUI WEST,348,MATINYANI,MWAANI PRI SCHOOL
15,KITUI,70,KITUI WEST,349,KWA MUTONGA/KITHUMULA,KWA -MUTONGA PRIMARY SCHOOL
15,KITUI,70,KITUI WEST,349,KWA MUTONGA/KITHUMULA,KWA MUMO PRIMARY SCHOOL
15,KITUI,70,KITUI WEST,349,KWA MUTONGA/KITHUMULA,MITHIIKWANI PRI. SCHOOL
15,KITUI,70,KITUI WEST,349,KWA MUTONGA/KITHUMULA,MIWONGONI PRIMARY SCHOOL
15,KITUI,70,KITUI WEST,349,KWA MUTONGA/KITHUMULA,SYOKITHUMBI PRI. SCHOOL
15,KITUI,70,KITUI WEST,349,KWA MUTONGA/KITHUMULA,MANZI ITUMO PRIMARY SCHOOL
15,KITUI,70,KITUI WEST,349,KWA MUTONGA/KITHUMULA,MASELELE PRIMARY SCHOOL
15,KITUI,70,KITUI WEST,349,KWA MUTONGA/KITHUMULA,MIKUYUMIKYA PRI SCHOOL
15,KITUI,70,KITUI WEST,349,KWA MUTONGA/KITHUMULA,KATHIVO POLY
15,KITUI,70,KITUI WEST,349,KWA MUTONGA/KITHUMULA,KWA MBOYA MARKET
15,KITUI,70,KITUI WEST,349,KWA MUTONGA/KITHUMULA,KITHUYANI PRIMARY SCHOOL
15,KITUI,70,KITUI WEST,349,KWA MUTONGA/KITHUMULA,SYOMUITU PRIMARY SCHOOL
15,KITUI,70,KITUI WEST,349,KWA MUTONGA/KITHUMULA,KWA-SILU PRI. SCHOOL
15,KITUI,70,KITUI WEST,349,KWA MUTONGA/KITHUMULA,KALIMBEVO PRI SCHOOL
15,KITUI,70,KITUI WEST,349,KWA MUTONGA/KITHUMULA,KYAANI PRI SCHOOL
15,KITUI,70,KITUI WEST,349,KWA MUTONGA/KITHUMULA,KITHUMULA PRI SCHOOL
15,KITUI,70,KITUI WEST,349,KWA MUTONGA/KITHUMULA,KOMBU PRI SCHOOL
15,KITUI,70,KITUI WEST,349,KWA MUTONGA/KITHUMULA,NDIUNI PRI SCHOOL
15,KITUI,70,KITUI WEST,349,KWA MUTONGA/KITHUMULA,MALATANI CTR
15,KITUI,70,KITUI WEST,349,KWA MUTONGA/KITHUMULA,KWA-NDILA PRI SCHOOL
15,KITUI,70,KITUI WEST,349,KWA MUTONGA/KITHUMULA,ACK NGOMANGO PRI SCHOOL
15,KITUI,70,KITUI WEST,349,KWA MUTONGA/KITHUMULA,KILIMU PRI SCHOOL
15,KITUI,70,KITUI WEST,349,KWA MUTONGA/KITHUMULA,KALINDILO PRIMARY SCHOOL
15,KITUI,70,KITUI WEST,349,KWA MUTONGA/KITHUMULA,KWA MULUNGU PRI SCHOOL
15,KITUI,70,KITUI WEST,349,KWA MUTONGA/KITHUMULA,KIUWANI PRI SCHOOL
15,KITUI,70,KITUI WEST,349,KWA MUTONGA/KITHUMULA,MAKOLO PRI SCHOOL
15,KITUI,71,KITUI RURAL,350,KISASI,MOSA PRIMARY SCHOOL
15,KITUI,71,KITUI RURAL,350,KISASI,MBUSYANI PRIMARY SCHOOL
15,KITUI,71,KITUI RURAL,350,KISASI,NGILUNI PRIMARY SCHOOL
15,KITUI,71,KITUI RURAL,350,KISASI,KAVASYA PRIMARY SCHOOL
15,KITUI,71,KITUI RURAL,350,KISASI,KWA-KUTU PRIMARY SCHOOL
15,KITUI,71,KITUI RURAL,350,KISASI,UNG'AATU PRIMARY SCHOOL
15,KITUI,71,KITUI RURAL,350,KISASI,KALALA PRIMARY SCHOOL
15,KITUI,71,KITUI RURAL,350,KISASI,MAVINDINI PRIMARY SCHOOL
15,KITUI,71,KITUI RURAL,350,KISASI,MALIKU PRIMARY SCHOOL
15,KITUI,71,KITUI RURAL,350,KISASI,KISASI PRIMARY SCHOOL
15,KITUI,71,KITUI RURAL,350,KISASI,UTAWALA PRIMARY SCHOOL
15,KITUI,71,KITUI RURAL,350,KISASI,ITUKI PRIMARY SCHOOL
15,KITUI,71,KITUI RURAL,350,KISASI,KALATINE PRIMARY SCHOOL
15,KITUI,71,KITUI RURAL,350,KISASI,KATWALA PRIMARY SCHOOL
15,KITUI,71,KITUI RURAL,350,KISASI,KILEVI PRIMARY SCHOOL
15,KITUI,71,KITUI RURAL,350,KISASI,MWIW'E PRIMARY SCHOOL
15,KITUI,71,KITUI RURAL,350,KISASI,KISIKINI PRIMARY SCHOOL.
15,KITUI,71,KITUI RURAL,350,KISASI,KISASI BOYS SECONDARY SCHOOL
15,KITUI,71,KITUI RURAL,350,KISASI,KIKUUNI PRIMARY SCHOOL
15,KITUI,71,KITUI RURAL,350,KISASI,IKAVE PRIMARY SCHOOL
15,KITUI,71,KITUI RURAL,350,KISASI,KITOONEO PRIMARY SCHOOL
15,KITUI,71,KITUI RURAL,350,KISASI,KAVISUNI PRIMARY SCHOOL
15,KITUI,71,KITUI RURAL,350,KISASI,KWA-KYEE PRIMARY SCHOL
15,KITUI,71,KITUI RURAL,350,KISASI,MUAMBANI PRIMARY SCHOOL
15,KITUI,71,KITUI RURAL,350,KISASI,KILIVI PRIMARY SCHOOL
15,KITUI,71,KITUI RURAL,350,KISASI,KITAMAA PRIMARY SCHOOL
15,KITUI,71,KITUI RURAL,350,KISASI,MASOKA PRIMARY SCHOOL
15,KITUI,71,KITUI RURAL,350,KISASI,KAVUMBU PRIMARY SCHOOL
15,KITUI,71,KITUI RURAL,350,KISASI,KAVISUNI DISPENSARY
15,KITUI,71,KITUI RURAL,351,MBITINI,SYUASINI PRIMARY SCHOOL
15,KITUI,71,KITUI RURAL,351,MBITINI,KISASI YOUTH POLYTECHNIC
15,KITUI,71,KITUI RURAL,351,MBITINI,NGANGANI PRIMARY SCHOOL
15,KITUI,71,KITUI RURAL,351,MBITINI,KITUNGATI PRIMARY SCHOOL
15,KITUI,71,KITUI RURAL,351,MBITINI,WAYANI PRIMARY SCHOOL
15,KITUI,71,KITUI RURAL,351,MBITINI,SEEKEA PRIMARY SCHOOL.
15,KITUI,71,KITUI RURAL,351,MBITINI,MUKUNDI PRIMARY SCHOOL.
15,KITUI,71,KITUI RURAL,351,MBITINI,MANZINI PRIMARY SCHOOL
15,KITUI,71,KITUI RURAL,351,MBITINI,MISUUNI PRIMARY SCHOOL
15,KITUI,71,KITUI RURAL,351,MBITINI,KATANGASUA PRIMARY SCHOOL
15,KITUI,71,KITUI RURAL,351,MBITINI,ISOVYA PRIMARY SCHOOL
15,KITUI,71,KITUI RURAL,351,MBITINI,MAKOLONGO PRIMARY SCHOOL
15,KITUI,71,KITUI RURAL,351,MBITINI,KIVUUNI PRIMARY SCHOOL
15,KITUI,71,KITUI RURAL,351,MBITINI,MBITINI PRIMARY SCHOOL.
15,KITUI,71,KITUI RURAL,351,MBITINI,MAANGANI PRIMARY SCHOOL
15,KITUI,71,KITUI RURAL,351,MBITINI,KANZAU SECONDARY SCHOOL
15,KITUI,71,KITUI RURAL,351,MBITINI,MULUTI PRIMARY SCHOOL
15,KITUI,71,KITUI RURAL,351,MBITINI,KILAMBA PRIMARY SCHOOL
15,KITUI,71,KITUI RURAL,351,MBITINI,IKOTAMWITHE PRIMARY SCHOOL
15,KITUI,71,KITUI RURAL,351,MBITINI,KYAMUSIVI PRIMARY SCHOOL
15,KITUI,71,KITUI RURAL,351,MBITINI,MBITINI GIRLS SECONDARY SCHOOL
15,KITUI,71,KITUI RURAL,351,MBITINI,MWINZENGI PRIMARY SCHOOL
15,KITUI,71,KITUI RURAL,351,MBITINI,KANZAU PRIMARY SCHOOL
15,KITUI,71,KITUI RURAL,351,MBITINI,KAMULU PRIMARY SCHOOL
15,KITUI,71,KITUI RURAL,351,MBITINI,USANG'A PRIMARY SCHOOL
15,KITUI,71,KITUI RURAL,351,MBITINI,KWA KASAU PRIMARY SCHOOL
15,KITUI,71,KITUI RURAL,351,MBITINI,ULUNGU PRIMARY SCHOOL
15,KITUI,71,KITUI RURAL,352,KWAVONZA/YATTA,KANYONYOO MKT
15,KITUI,71,KITUI RURAL,352,KWAVONZA/YATTA,KWA-VONZA PRI SCHOOL
15,KITUI,71,KITUI RURAL,352,KWAVONZA/YATTA,TANGANYIKA PRI SCHOOL
15,KITUI,71,KITUI RURAL,352,KWAVONZA/YATTA,MASAANI PRI SCHOOL
15,KITUI,71,KITUI RURAL,352,KWAVONZA/YATTA,KALIVINI PRI SCHOOL
15,KITUI,71,KITUI RURAL,352,KWAVONZA/YATTA,KILIKO PRI SCHOOL
15,KITUI,71,KITUI RURAL,352,KWAVONZA/YATTA,YATTA PRI SCHOOL
15,KITUI,71,KITUI RURAL,352,KWAVONZA/YATTA,KWA KILUI PRI SCHOOL
15,KITUI,71,KITUI RURAL,352,KWAVONZA/YATTA,ILIKA PRI SCHOOL
15,KITUI,71,KITUI RURAL,352,KWAVONZA/YATTA,KATHEMBONI PRI SCHOOL
15,KITUI,71,KITUI RURAL,352,KWAVONZA/YATTA,MUVITHA PRI SCHOOL
15,KITUI,71,KITUI RURAL,352,KWAVONZA/YATTA,KAW'ONGO PRI SCHOOL
15,KITUI,71,KITUI RURAL,352,KWAVONZA/YATTA,KYAITHANI PRI SCHOOL
15,KITUI,71,KITUI RURAL,352,KWAVONZA/YATTA,NTHONGONI PRI SCHOOL
15,KITUI,71,KITUI RURAL,352,KWAVONZA/YATTA,MATULANI PRI SCHOOL
15,KITUI,71,KITUI RURAL,352,KWAVONZA/YATTA,IANI PRI SCHOOL
15,KITUI,71,KITUI RURAL,352,KWAVONZA/YATTA,MAMOLE PRIMARY SCHOOL
15,KITUI,71,KITUI RURAL,352,KWAVONZA/YATTA,NTHILANI PRI SCHOOL
15,KITUI,71,KITUI RURAL,352,KWAVONZA/YATTA,KATHOME PRI SCHOOL
15,KITUI,71,KITUI RURAL,352,KWAVONZA/YATTA,USENG'YO PRI SCHOOL
15,KITUI,71,KITUI RURAL,352,KWAVONZA/YATTA,MUKELENZUNI PRI SCHOOL
15,KITUI,71,KITUI RURAL,352,KWAVONZA/YATTA,MUSELELE TOWNSHIP PRI SCHOOL
15,KITUI,71,KITUI RURAL,352,KWAVONZA/YATTA,KYAINYA PRI SCHOOL
15,KITUI,71,KITUI RURAL,352,KWAVONZA/YATTA,NDUNGUNI PRI SCHOOL
15,KITUI,71,KITUI RURAL,352,KWAVONZA/YATTA,KAMANYI PRI SCHOOL
15,KITUI,71,KITUI RURAL,352,KWAVONZA/YATTA,KONZA PRI SCHOOL
15,KITUI,71,KITUI RURAL,352,KWAVONZA/YATTA,WAIVUMBU PRI SCHOOL
15,KITUI,71,KITUI RURAL,352,KWAVONZA/YATTA,KYOSINI PRI SCHOOL
15,KITUI,71,KITUI RURAL,352,KWAVONZA/YATTA,NGOVU PRI SCHOOL
15,KITUI,71,KITUI RURAL,352,KWAVONZA/YATTA,MUVYANI PRI SCHOOL
15,KITUI,71,KITUI RURAL,352,KWAVONZA/YATTA,NZEVE PRI SCHOOL
15,KITUI,71,KITUI RURAL,352,KWAVONZA/YATTA,KYAMUUNGI PRI SCHOOL
15,KITUI,71,KITUI RURAL,352,KWAVONZA/YATTA,KATOTHYA PRI SCHOOL
15,KITUI,71,KITUI RURAL,352,KWAVONZA/YATTA,MIKUYUNI PRI SCHOOL
15,KITUI,71,KITUI RURAL,352,KWAVONZA/YATTA,NGAKAANI PRI SCHOOL
15,KITUI,71,KITUI RURAL,352,KWAVONZA/YATTA,MAITO PRI SCHOOL
15,KITUI,71,KITUI RURAL,352,KWAVONZA/YATTA,KWAKILYA PRI SCHOOL
15,KITUI,71,KITUI RURAL,352,KWAVONZA/YATTA,MUSINI PRI SCHOOL
15,KITUI,71,KITUI RURAL,352,KWAVONZA/YATTA,ILOVI NURSERY
15,KITUI,71,KITUI RURAL,352,KWAVONZA/YATTA,KALIMA PRI SCHOOL
15,KITUI,71,KITUI RURAL,352,KWAVONZA/YATTA,KITUKUNI PRI SCHOOL
15,KITUI,71,KITUI RURAL,352,KWAVONZA/YATTA,THOME PRI SCHOOL
15,KITUI,71,KITUI RURAL,352,KWAVONZA/YATTA,NGAMYONE PRI SCHOOL
15,KITUI,71,KITUI RURAL,352,KWAVONZA/YATTA,MANDU PRI SCHOOL
15,KITUI,71,KITUI RURAL,352,KWAVONZA/YATTA,KIVUNGA PRI SCHOOL
15,KITUI,71,KITUI RURAL,352,KWAVONZA/YATTA,KAMOSI PRI SCHOOL
15,KITUI,71,KITUI RURAL,352,KWAVONZA/YATTA,MUSINGI PRI SCHOOL
15,KITUI,71,KITUI RURAL,352,KWAVONZA/YATTA,RURAL BORDER PATROL UNIT
15,KITUI,71,KITUI RURAL,352,KWAVONZA/YATTA,KATOTENI CENRAL PRI SCHOOL
15,KITUI,71,KITUI RURAL,352,KWAVONZA/YATTA,NYUMBANI VILLAGE
15,KITUI,71,KITUI RURAL,352,KWAVONZA/YATTA,NZEVENI PRIMARY SCHOOL
15,KITUI,71,KITUI RURAL,352,KWAVONZA/YATTA,KIIMANI PRIMARY SCHOOL
15,KITUI,71,KITUI RURAL,353,KANYANGI,SYOMUNYU PRI SCHOOL
15,KITUI,71,KITUI RURAL,353,KANYANGI,KALULINI PRI SCHOOL
15,KITUI,71,KITUI RURAL,353,KANYANGI,MBEETWANI PRI SCHOOL
15,KITUI,71,KITUI RURAL,353,KANYANGI,SYOMAKANDA PRI SCHOOL
15,KITUI,71,KITUI RURAL,353,KANYANGI,NGOMONI PRI SCHOOL
15,KITUI,71,KITUI RURAL,353,KANYANGI,MANDONGOI PRI SCHOOL
15,KITUI,71,KITUI RURAL,353,KANYANGI,MASIMBA PRI SCHOOL
15,KITUI,71,KITUI RURAL,353,KANYANGI,KANYANGI PRI SCHOOL
15,KITUI,71,KITUI RURAL,353,KANYANGI,NZAMBIA PRI SCHOOL
15,KITUI,71,KITUI RURAL,353,KANYANGI,KANYONGONYO PRI SCHOOL
15,KITUI,71,KITUI RURAL,353,KANYANGI,KISAUNI PRI SCHOOL
15,KITUI,71,KITUI RURAL,353,KANYANGI,KILUMYA PRI SCHOOL
15,KITUI,71,KITUI RURAL,353,KANYANGI,YAMUNYU NURSERY SCHOOL
15,KITUI,71,KITUI RURAL,353,KANYANGI,KAVOO PRIMARY SCHOOL
15,KITUI,71,KITUI RURAL,353,KANYANGI,KITOONI PRI SCHOOL
15,KITUI,71,KITUI RURAL,353,KANYANGI,KILISA PRI SCHOOL
15,KITUI,71,KITUI RURAL,353,KANYANGI,ITULANI PRI SCHOOL
15,KITUI,71,KITUI RURAL,353,KANYANGI,KISAYANI PRI SCHOOL
15,KITUI,71,KITUI RURAL,353,KANYANGI,MATU PRI SCHOOL
15,KITUI,71,KITUI RURAL,353,KANYANGI,KANGALA PRI SCHOOL
15,KITUI,71,KITUI RURAL,353,KANYANGI,KAONDU PRI SCHOOL
15,KITUI,71,KITUI RURAL,353,KANYANGI,KINYAAU PRI SCHOOL
15,KITUI,71,KITUI RURAL,353,KANYANGI,KYOANI PRI SCHOOL
15,KITUI,71,KITUI RURAL,353,KANYANGI,KYUNDUANI PRI SCHOOL
15,KITUI,71,KITUI RURAL,353,KANYANGI,MWANGENI PRI SCHOOL
15,KITUI,71,KITUI RURAL,353,KANYANGI,KWA KITUNG'U PRI SCHOOL
15,KITUI,71,KITUI RURAL,353,KANYANGI,KITHIIANI PRI SCHOOL
15,KITUI,71,KITUI RURAL,353,KANYANGI,HON. MUTISYA PRI SCHOOL
15,KITUI,71,KITUI RURAL,353,KANYANGI,MUMBE PRI SCHOOL
15,KITUI,71,KITUI RURAL,353,KANYANGI,VONDENI MARKET
15,KITUI,71,KITUI RURAL,353,KANYANGI,KAVUMBUNI MARKET
15,KITUI,71,KITUI RURAL,353,KANYANGI,KAVONGE PRIMARY SCHOOL
15,KITUI,71,KITUI RURAL,353,KANYANGI,NDOKEANI PRIMARY SCHOOL
15,KITUI,72,KITUI CENTRAL,354,MIAMBANI,MAKAANI PRIMARY SCHOOL
15,KITUI,72,KITUI CENTRAL,354,MIAMBANI,MUTULU PRIMARY SCHOOL
15,KITUI,72,KITUI CENTRAL,354,MIAMBANI,MIAMBANI PRIMARY SCHOOL
15,KITUI,72,KITUI CENTRAL,354,MIAMBANI,MUKUKU PRIMARY SCHOOL
15,KITUI,72,KITUI CENTRAL,354,MIAMBANI,MUTUKYA PRIMARY SCHOOL
15,KITUI,72,KITUI CENTRAL,354,MIAMBANI,KAMANDIO PRIMARY SCHOOL
15,KITUI,72,KITUI CENTRAL,354,MIAMBANI,KIVIU PRIMARY SCHOOL
15,KITUI,72,KITUI CENTRAL,354,MIAMBANI,VINDA PRIMARY SCHOOL
15,KITUI,72,KITUI CENTRAL,354,MIAMBANI,KATISAA PRIMARY SCHOOL
15,KITUI,72,KITUI CENTRAL,354,MIAMBANI,NDITHINI PRIMARY SCHHOOL
15,KITUI,72,KITUI CENTRAL,354,MIAMBANI,KILINGILE PRIMARY SCHOOL
15,KITUI,72,KITUI CENTRAL,354,MIAMBANI,KAKULUNGA PRIMARY SCHOOL
15,KITUI,72,KITUI CENTRAL,354,MIAMBANI,KAVALO PRIMARY SCH.
15,KITUI,72,KITUI CENTRAL,354,MIAMBANI,KAVUTI PRIMARY SCH.
15,KITUI,72,KITUI CENTRAL,354,MIAMBANI,USIANI PRIMARY SCH.
15,KITUI,72,KITUI CENTRAL,354,MIAMBANI,USIANI SECONDARY SCH.
15,KITUI,72,KITUI CENTRAL,354,MIAMBANI,MWATUNI PRIMARY SCH.
15,KITUI,72,KITUI CENTRAL,354,MIAMBANI,MUTULA PRIMARY SCH.
15,KITUI,72,KITUI CENTRAL,354,MIAMBANI,KATHUMULA SECONDARY SCHOOL
15,KITUI,72,KITUI CENTRAL,354,MIAMBANI,ST.MARYS SECONDARY SCHOOL-MIAMBANI
15,KITUI,72,KITUI CENTRAL,354,MIAMBANI,AIC NDITHINI PRIMARY SCHOOL
15,KITUI,72,KITUI CENTRAL,354,MIAMBANI,KITULA PRIMARY SCHOOL
15,KITUI,72,KITUI CENTRAL,354,MIAMBANI,KILUILU PRIMARY SCHOOL
15,KITUI,72,KITUI CENTRAL,354,MIAMBANI,NZAAYA PRIMARY SCHOOL
15,KITUI,72,KITUI CENTRAL,354,MIAMBANI,KAVUVUU PRIMARY SCHOOL
15,KITUI,72,KITUI CENTRAL,354,MIAMBANI,NZUNE PRIMARY SCHOOL
15,KITUI,72,KITUI CENTRAL,354,MIAMBANI,ULONZO PRIMARY SCHOOL
15,KITUI,72,KITUI CENTRAL,354,MIAMBANI,KILUMA PRIMARY SCH.
15,KITUI,72,KITUI CENTRAL,354,MIAMBANI,NGEVENI PRIMARY
15,KITUI,72,KITUI CENTRAL,355,TOWNSHIP,MUTENDEA PRIMARY SCHOOL
15,KITUI,72,KITUI CENTRAL,355,TOWNSHIP,KATYETHOKA PRIMARY SCHOOL
15,KITUI,72,KITUI CENTRAL,355,TOWNSHIP,KAVETA PRIMARY SCHOOL
15,KITUI,72,KITUI CENTRAL,355,TOWNSHIP,SYONGILA YOUTH POLYTECHNIC
15,KITUI,72,KITUI CENTRAL,355,TOWNSHIP,GK PRISONS
15,KITUI,72,KITUI CENTRAL,355,TOWNSHIP,NGIINI PRIMARY SCHOOL
15,KITUI,72,KITUI CENTRAL,355,TOWNSHIP,KITUI SCHOOL FOR DEAF
15,KITUI,72,KITUI CENTRAL,355,TOWNSHIP,KITUI BOYS SECONDARY SCHOOL
15,KITUI,72,KITUI CENTRAL,355,TOWNSHIP,MANYENYONI PRIMARY SCHOOL
15,KITUI,72,KITUI CENTRAL,355,TOWNSHIP,CENTRAL PRIMARY SCHOOL
15,KITUI,72,KITUI CENTRAL,355,TOWNSHIP,KATYETHOKA SECONDARY SCHOOL
15,KITUI,72,KITUI CENTRAL,355,TOWNSHIP,MUTENDEA MIXED SECONDARY SCHOOL
15,KITUI,72,KITUI CENTRAL,355,TOWNSHIP,KITUI REGIONAL RESEARCH CENTRE
15,KITUI,72,KITUI CENTRAL,355,TOWNSHIP,KITUI SCHOOL FOR MENTALLY HANDICAPPED
15,KITUI,72,KITUI CENTRAL,355,TOWNSHIP,ACK ST.LUKES CENTRAL
15,KITUI,72,KITUI CENTRAL,355,TOWNSHIP,JUAKALI SHEDS
15,KITUI,72,KITUI CENTRAL,355,TOWNSHIP,IQRA NURSERY SCHOOL
15,KITUI,72,KITUI CENTRAL,355,TOWNSHIP,MAENDELEO YA WANAWAKE
15,KITUI,72,KITUI CENTRAL,355,TOWNSHIP,KITUI MEDICAL TRAINING COLLEGE
15,KITUI,72,KITUI CENTRAL,355,TOWNSHIP,MUSLIM SECONDARY SCHOOL
15,KITUI,72,KITUI CENTRAL,355,TOWNSHIP,KITUI TEACHERS TRAINING COLLEGE
15,KITUI,72,KITUI CENTRAL,355,TOWNSHIP,GK PRISONS WORKSHOP HALL
15,KITUI,72,KITUI CENTRAL,355,TOWNSHIP,KALUNDU MARKET
15,KITUI,72,KITUI CENTRAL,356,KYANGWITHYA WEST,KAKUUNI PRIMARY SCHOOL
15,KITUI,72,KITUI CENTRAL,356,KYANGWITHYA WEST,KAVUTA PRIMARY SCHOOL
15,KITUI,72,KITUI CENTRAL,356,KYANGWITHYA WEST,KWA IKOLANYA PRIMARY SCHOOL
15,KITUI,72,KITUI CENTRAL,356,KYANGWITHYA WEST,ITHOOKWE PRIMARY SCHOOL
15,KITUI,72,KITUI CENTRAL,356,KYANGWITHYA WEST,KWA MAINGI PRIMARY SCHOOL
15,KITUI,72,KITUI CENTRAL,356,KYANGWITHYA WEST,ILOOI PRIMARY SCHOOL
15,KITUI,72,KITUI CENTRAL,356,KYANGWITHYA WEST,UNYAA PRIMARY SCHOOL
15,KITUI,72,KITUI CENTRAL,356,KYANGWITHYA WEST,KWA KUNUVWA PRIMARY SCHOOL
15,KITUI,72,KITUI CENTRAL,356,KYANGWITHYA WEST,NDUMONI PRIMARY SCHOOL
15,KITUI,72,KITUI CENTRAL,356,KYANGWITHYA WEST,ITHIANI PRIMARY SCHOOL
15,KITUI,72,KITUI CENTRAL,356,KYANGWITHYA WEST,TIVA PRIMARY SCHOOL
15,KITUI,72,KITUI CENTRAL,356,KYANGWITHYA WEST,IMALE PRIMARY SCHOOL
15,KITUI,72,KITUI CENTRAL,356,KYANGWITHYA WEST,MANGINA PRIMARY SCHOOL
15,KITUI,72,KITUI CENTRAL,356,KYANGWITHYA WEST,ISEVINI PRIMARY SCHOOL
15,KITUI,72,KITUI CENTRAL,356,KYANGWITHYA WEST,KISYOKA PRIMARY SCHOOL
15,KITUI,72,KITUI CENTRAL,356,KYANGWITHYA WEST,KALIAKAKYA PRIMARY SCHOOL
15,KITUI,72,KITUI CENTRAL,356,KYANGWITHYA WEST,KWA-MUKASA PRIMARY SCHOOL
15,KITUI,72,KITUI CENTRAL,356,KYANGWITHYA WEST,ITOLEKA SECONDARY
15,KITUI,72,KITUI CENTRAL,356,KYANGWITHYA WEST,ITHIMANI PRIMARY SCHOOL
15,KITUI,72,KITUI CENTRAL,356,KYANGWITHYA WEST,MULUTU PRIMARY SCHOOL
15,KITUI,72,KITUI CENTRAL,356,KYANGWITHYA WEST,KALIKUVU PRIMARY SCHOOL
15,KITUI,72,KITUI CENTRAL,356,KYANGWITHYA WEST,MALUNGU PRIMARY SCHOOL
15,KITUI,72,KITUI CENTRAL,356,KYANGWITHYA WEST,ISAANGWA PRIMARY SCHOOL
15,KITUI,72,KITUI CENTRAL,356,KYANGWITHYA WEST,KANGOSE PRIMARY SCHOOL
15,KITUI,72,KITUI CENTRAL,356,KYANGWITHYA WEST,KALIMENZA PRIMARY SCHOOL
15,KITUI,72,KITUI CENTRAL,356,KYANGWITHYA WEST,ITOLEKA COMMUNITY RESOURCE CENTRE
15,KITUI,72,KITUI CENTRAL,356,KYANGWITHYA WEST,ITHIANI YOUTH POLYTECHNIC
15,KITUI,72,KITUI CENTRAL,356,KYANGWITHYA WEST,TIVA SECONDARY SCHOOL
15,KITUI,72,KITUI CENTRAL,356,KYANGWITHYA WEST,NG'OLENI PRIMARY SCHOOL
15,KITUI,72,KITUI CENTRAL,356,KYANGWITHYA WEST,KWODEP-COMMUNITY HALL
15,KITUI,72,KITUI CENTRAL,356,KYANGWITHYA WEST,MASOKA MARKET
15,KITUI,72,KITUI CENTRAL,356,KYANGWITHYA WEST,MAVIANI PRIMARY SCHOOL
15,KITUI,72,KITUI CENTRAL,356,KYANGWITHYA WEST,IVOVOA PRIMARY SCHOOL
15,KITUI,72,KITUI CENTRAL,356,KYANGWITHYA WEST,SOOMA PRIMARY SCHOOL
15,KITUI,72,KITUI CENTRAL,357,MULANGO,NDETANI PRIMARY SCHOOL
15,KITUI,72,KITUI CENTRAL,357,MULANGO,YAKALIA PRIMARY SCHOOL
15,KITUI,72,KITUI CENTRAL,357,MULANGO,MITHONGO PRIMARY SCHOOL
15,KITUI,72,KITUI CENTRAL,357,MULANGO,YUMBISYE SECONDARY SCHOOL
15,KITUI,72,KITUI CENTRAL,357,MULANGO,YUMBISYE PRIMARY SCHOOL
15,KITUI,72,KITUI CENTRAL,357,MULANGO,KANGALU PRIMARY
15,KITUI,72,KITUI CENTRAL,357,MULANGO,KYAMBITI PRIMARY SCHOOL
15,KITUI,72,KITUI CENTRAL,357,MULANGO,KAUMBA PRIMARY SCHOOL
15,KITUI,72,KITUI CENTRAL,357,MULANGO,KAVISI PRIMARY SCHOOL
15,KITUI,72,KITUI CENTRAL,357,MULANGO,KITUNDU PRIMARY SCHOOL
15,KITUI,72,KITUI CENTRAL,357,MULANGO,MANOONI PRIMARY SCHOOL
15,KITUI,72,KITUI CENTRAL,357,MULANGO,WII PRIMARY SCHOOL
15,KITUI,72,KITUI CENTRAL,357,MULANGO,ACK KAVOKO PRIMARY SCHOOL
15,KITUI,72,KITUI CENTRAL,357,MULANGO,KYANGUNGA PRIMARY SCHOOL
15,KITUI,72,KITUI CENTRAL,357,MULANGO,MULANGO PRIMARY SCHOOL
15,KITUI,72,KITUI CENTRAL,357,MULANGO,KATHUNGU PRIMARY SCHOOL
15,KITUI,72,KITUI CENTRAL,357,MULANGO,KATULANI PRIMARY SCHOOL
15,KITUI,72,KITUI CENTRAL,357,MULANGO,NZUKINI PRIMARY SCHOOL
15,KITUI,72,KITUI CENTRAL,357,MULANGO,KISEKINI PRIMARY
15,KITUI,72,KITUI CENTRAL,357,MULANGO,KATHUNGI PRIMARY SCHOOL
15,KITUI,72,KITUI CENTRAL,357,MULANGO,KATULANI SOCIAL HALL
15,KITUI,72,KITUI CENTRAL,357,MULANGO,KAMUTI PRIMARY SCHOOL
15,KITUI,72,KITUI CENTRAL,357,MULANGO,NZUNGUNI PRIMARY SCHOOL
15,KITUI,72,KITUI CENTRAL,357,MULANGO,KANYUMU PRIMARY SCHOOL
15,KITUI,72,KITUI CENTRAL,357,MULANGO,KITHAMBA NGII PRIMARY SCHOOL
15,KITUI,72,KITUI CENTRAL,357,MULANGO,KATHUKINI PRIMARY SCHOOL
15,KITUI,72,KITUI CENTRAL,357,MULANGO,MAAMANI PRIMARY SCHOOL
15,KITUI,72,KITUI CENTRAL,357,MULANGO,MAAINI PRIMARY SCHOOL
15,KITUI,72,KITUI CENTRAL,357,MULANGO,MULANGO GIRLS SECONDARY SCHOOL
15,KITUI,72,KITUI CENTRAL,357,MULANGO,KYANGULU NURSERY SCHOOL
15,KITUI,72,KITUI CENTRAL,357,MULANGO,MUSYAU PRIMARY SCHOOL
15,KITUI,72,KITUI CENTRAL,357,MULANGO,KILUKUYA PRIMARY SCHOOL
15,KITUI,72,KITUI CENTRAL,357,MULANGO,SYILUMANI PRIMARY SCHOOL
15,KITUI,72,KITUI CENTRAL,357,MULANGO,IVUKU PRIMARY SCHOOL
15,KITUI,72,KITUI CENTRAL,357,MULANGO,KANGUNDO PRIMARY SCHOOL
15,KITUI,72,KITUI CENTRAL,357,MULANGO,MWANIA PRIMARY
15,KITUI,72,KITUI CENTRAL,357,MULANGO,KYANDUI PRIMARY SCHOOL
15,KITUI,72,KITUI CENTRAL,358,KYANGWITHYA EAST,MUTUNE GIRLS PRIMARY SCHOOL
15,KITUI,72,KITUI CENTRAL,358,KYANGWITHYA EAST,ST.PATRICKS SECONDARY SCHOOL-MUTUNE
15,KITUI,72,KITUI CENTRAL,358,KYANGWITHYA EAST,KAVUTINI PRIMARY SCHOOL
15,KITUI,72,KITUI CENTRAL,358,KYANGWITHYA EAST,WANZUA PRIMARY SCHOOL
15,KITUI,72,KITUI CENTRAL,358,KYANGWITHYA EAST,KITIMUI PRIMARY SCHOOL
15,KITUI,72,KITUI CENTRAL,358,KYANGWITHYA EAST,KWA MBOO PRIMARY SCHOOL
15,KITUI,72,KITUI CENTRAL,358,KYANGWITHYA EAST,NGUMBWA PRIMARY SCHOOL
15,KITUI,72,KITUI CENTRAL,358,KYANGWITHYA EAST,KWA-UKUNGU PRIMARY SCHOOL
15,KITUI,72,KITUI CENTRAL,358,KYANGWITHYA EAST,MULUNDI PRIMARY SCHOOL
15,KITUI,72,KITUI CENTRAL,358,KYANGWITHYA EAST,KALAWA PRIMARY SCHOOL
15,KITUI,72,KITUI CENTRAL,358,KYANGWITHYA EAST,KWA-NGINDU PRIMARY SCHOOL
15,KITUI,72,KITUI CENTRAL,358,KYANGWITHYA EAST,KWANZOU PRIMARY SCHOOL
15,KITUI,72,KITUI CENTRAL,358,KYANGWITHYA EAST,KYALILINI PRIMARY SCHOOL
15,KITUI,72,KITUI CENTRAL,358,KYANGWITHYA EAST,WALUKU PRIMARY SCHOOL
15,KITUI,72,KITUI CENTRAL,358,KYANGWITHYA EAST,MUSEVE PRIMARY SCHOOL
15,KITUI,72,KITUI CENTRAL,358,KYANGWITHYA EAST,NGWANI MARKET
15,KITUI,72,KITUI CENTRAL,358,KYANGWITHYA EAST,KATIA PRIMARY SCHOOL.
15,KITUI,72,KITUI CENTRAL,358,KYANGWITHYA EAST,MUTULUKUNI SECONDARY SCHOOL
15,KITUI,72,KITUI CENTRAL,358,KYANGWITHYA EAST,KWA-NGINDU SECONDARY SCHOOL
15,KITUI,72,KITUI CENTRAL,358,KYANGWITHYA EAST,KABAA SECONDARY SCHOOL
15,KITUI,72,KITUI CENTRAL,358,KYANGWITHYA EAST,KITUI PRIMARY SCHOOL
15,KITUI,72,KITUI CENTRAL,358,KYANGWITHYA EAST,IVAINI SECONDARY SCHOOL
15,KITUI,72,KITUI CENTRAL,358,KYANGWITHYA EAST,KASYALA PRIMARY SCHOOL
15,KITUI,72,KITUI CENTRAL,358,KYANGWITHYA EAST,KANG'AU PRIMARY SCHOOL
15,KITUI,72,KITUI CENTRAL,358,KYANGWITHYA EAST,ST. ANGELAS GIRLS SEC. SCH.
15,KITUI,72,KITUI CENTRAL,358,KYANGWITHYA EAST,KWA KAME
15,KITUI,72,KITUI CENTRAL,358,KYANGWITHYA EAST,NGUNGI PRIMARY
15,KITUI,73,KITUI EAST,359,ZOMBE/MWITIKA,NGUNGI PRIMARY SCHOOL
15,KITUI,73,KITUI EAST,359,ZOMBE/MWITIKA,THUA PRIMARY SCHOOL
15,KITUI,73,KITUI EAST,359,ZOMBE/MWITIKA,KASUNGUNI PRIMARY SCHOOL
15,KITUI,73,KITUI EAST,359,ZOMBE/MWITIKA,ZOMBE PRIMARY SCHOOL
15,KITUI,73,KITUI EAST,359,ZOMBE/MWITIKA,KAUMU PRIMARY SCHOOL
15,KITUI,73,KITUI EAST,359,ZOMBE/MWITIKA,KAVAANI PRIMARY SCHOOL
15,KITUI,73,KITUI EAST,359,ZOMBE/MWITIKA,ITHANGATHI PRIMARY SCHOOL
15,KITUI,73,KITUI EAST,359,ZOMBE/MWITIKA,MAKONGO PRIMARY SCHOOL
15,KITUI,73,KITUI EAST,359,ZOMBE/MWITIKA,YAMANZA PRIMARY SCHOOL
15,KITUI,73,KITUI EAST,359,ZOMBE/MWITIKA,IMBUVU PRIMARY SCHOOL
15,KITUI,73,KITUI EAST,359,ZOMBE/MWITIKA,NGAAKA YAKWA PRIMARY SCHOOL
15,KITUI,73,KITUI EAST,359,ZOMBE/MWITIKA,KATIKONI PRIMARY SCHOOL
15,KITUI,73,KITUI EAST,359,ZOMBE/MWITIKA,MWITIKA PRIMARY SCHOOL
15,KITUI,73,KITUI EAST,359,ZOMBE/MWITIKA,KIKUU PRIMARY SCHOOL
15,KITUI,73,KITUI EAST,359,ZOMBE/MWITIKA,KALINGA PRIMARY SCHOOL
15,KITUI,73,KITUI EAST,359,ZOMBE/MWITIKA,KYULULU PRIMARY SCHOOL
15,KITUI,73,KITUI EAST,359,ZOMBE/MWITIKA,NZILANI PRUIMARY SCHOOL
15,KITUI,73,KITUI EAST,359,ZOMBE/MWITIKA,NZOOKONI PRIMARY SCHOOL
15,KITUI,73,KITUI EAST,359,ZOMBE/MWITIKA,KANDONGO PRIMARY SCHOOL
15,KITUI,73,KITUI EAST,359,ZOMBE/MWITIKA,KABATI PRIMARY SCHOOL
15,KITUI,73,KITUI EAST,359,ZOMBE/MWITIKA,NZUNGUI PRIMARY SCHOOL
15,KITUI,73,KITUI EAST,359,ZOMBE/MWITIKA,MAVIA MAIYU PRIMARY SCHOOL
15,KITUI,73,KITUI EAST,359,ZOMBE/MWITIKA,KAWEA PRIMARY SCHOOL
15,KITUI,73,KITUI EAST,359,ZOMBE/MWITIKA,NGAIKINI NUSERY SCHOOL
15,KITUI,73,KITUI EAST,359,ZOMBE/MWITIKA,ZOMBE CANTEEN
15,KITUI,73,KITUI EAST,359,ZOMBE/MWITIKA,KISIUNI PRIMARY SCHOOL
15,KITUI,73,KITUI EAST,359,ZOMBE/MWITIKA,NGUUNI PRIMARY SCHOOL
15,KITUI,73,KITUI EAST,359,ZOMBE/MWITIKA,KYANGENI PRIMARY SCHOOL
15,KITUI,73,KITUI EAST,359,ZOMBE/MWITIKA,NGUUNI NURSERY SCHOOL
15,KITUI,73,KITUI EAST,359,ZOMBE/MWITIKA,NGELANI PRIMARY SCHOOL
15,KITUI,73,KITUI EAST,359,ZOMBE/MWITIKA,MASUNGU PRIMARY SCHOOL
15,KITUI,73,KITUI EAST,359,ZOMBE/MWITIKA,KALULI NURSERY
15,KITUI,73,KITUI EAST,359,ZOMBE/MWITIKA,WANAMBA PRIMARY SCHOOL
15,KITUI,73,KITUI EAST,359,ZOMBE/MWITIKA,KONGOEA PRIMARY SCHOOL
15,KITUI,73,KITUI EAST,359,ZOMBE/MWITIKA,MANGOLA PRIMARY SCHOOL
15,KITUI,73,KITUI EAST,359,ZOMBE/MWITIKA,KANGULI PRIMARY SCHOOL
15,KITUI,73,KITUI EAST,359,ZOMBE/MWITIKA,KILIMBONI PRIMARY SCHOOL
15,KITUI,73,KITUI EAST,360,NZAMBANI,CHULUNI GIRLS' SECONDARY SCHOOL
15,KITUI,73,KITUI EAST,360,NZAMBANI,MOI PRIMARY SCHOOL
15,KITUI,73,KITUI EAST,360,NZAMBANI,KAVALULA PRIMARY SCHOOL
15,KITUI,73,KITUI EAST,360,NZAMBANI,KILONZO PRIMARY SCHOOL
15,KITUI,73,KITUI EAST,360,NZAMBANI,IKUYUNI PRIMARY SCHOOL
15,KITUI,73,KITUI EAST,360,NZAMBANI,KANGWENI PRIMARY SCHOOL
15,KITUI,73,KITUI EAST,360,NZAMBANI,NGENGI PRIMARY SCHOOL
15,KITUI,73,KITUI EAST,360,NZAMBANI,SYOMBUKU PRIMARY SCHOOL
15,KITUI,73,KITUI EAST,360,NZAMBANI,MATHULINI PRIMARY SCHOOL
15,KITUI,73,KITUI EAST,360,NZAMBANI,KAVINGO PRIMARY SCHOOL
15,KITUI,73,KITUI EAST,360,NZAMBANI,KYUNDUANI PRIMARY SCHOOL
15,KITUI,73,KITUI EAST,360,NZAMBANI,KAMUUNGU PRIMARY SCHOOL
15,KITUI,73,KITUI EAST,360,NZAMBANI,NZAMBANI PRIMARY SCHOOL
15,KITUI,73,KITUI EAST,360,NZAMBANI,SEED OF HOPE POLYTECHNIC
15,KITUI,73,KITUI EAST,360,NZAMBANI,KUNGULUNI PRIMARY SCHOOL
15,KITUI,73,KITUI EAST,360,NZAMBANI,KISAYANI PRIMARY SCHOOL
15,KITUI,73,KITUI EAST,360,NZAMBANI,KWA KINYAI CENTRE
15,KITUI,73,KITUI EAST,360,NZAMBANI,KATEKE PRIMARY SCHOOL
15,KITUI,73,KITUI EAST,360,NZAMBANI,KITUI SDA
15,KITUI,73,KITUI EAST,360,NZAMBANI,KILUILU MOBILE POLLING STATION
15,KITUI,73,KITUI EAST,361,CHULUNI,ITHUMULA PRIMARY SCHOOL
15,KITUI,73,KITUI EAST,361,CHULUNI,KANZAUWU PRIMARY SCHOOL
15,KITUI,73,KITUI EAST,361,CHULUNI,NZANGATHI PRIMARY SCHOOL
15,KITUI,73,KITUI EAST,361,CHULUNI,KANDUTI PRIMARY SCHOOL
15,KITUI,73,KITUI EAST,361,CHULUNI,KATUMBU PRIMARY SCHOOL
15,KITUI,73,KITUI EAST,361,CHULUNI,INYUU PRIMARY SCHOOL
15,KITUI,73,KITUI EAST,361,CHULUNI,KITHO PRIMARY SCHOOL
15,KITUI,73,KITUI EAST,361,CHULUNI,KANGUU PRIMARY SCHOOL
15,KITUI,73,KITUI EAST,361,CHULUNI,KINZENI PRIMARY SCHOOL
15,KITUI,73,KITUI EAST,361,CHULUNI,KIVUMBUNI PRIMARY SCHOOL
15,KITUI,73,KITUI EAST,361,CHULUNI,KWA MUTEI PRIMARY SCHOOL
15,KITUI,73,KITUI EAST,361,CHULUNI,KWA WEWA PRIMARY SCHOOL
15,KITUI,73,KITUI EAST,361,CHULUNI,UTWIINI PRIMARY SCHOOL
15,KITUI,73,KITUI EAST,361,CHULUNI,KAMAEMBE PRIMARY SCHOOL
15,KITUI,73,KITUI EAST,361,CHULUNI,NDUNGA PRIMARY SCHOOL
15,KITUI,73,KITUI EAST,361,CHULUNI,KIVUTINI PRIMARY SCHOOL
15,KITUI,73,KITUI EAST,361,CHULUNI,MBANGULO PRIMARY SCHOOL
15,KITUI,73,KITUI EAST,361,CHULUNI,MUMBUNI CENTRE
15,KITUI,73,KITUI EAST,361,CHULUNI,KATHUNGU CENTRE
15,KITUI,73,KITUI EAST,361,CHULUNI,HON KIEMA KILONZO PRIMARY SCHOOL
15,KITUI,73,KITUI EAST,361,CHULUNI,NGOMANGO PRIMARY SCHOOL
15,KITUI,73,KITUI EAST,361,CHULUNI,KANZOOKO PRIMARY SCHOOL
15,KITUI,73,KITUI EAST,362,VOO/KYAMATU,KYUKUNI PRIMARY SCHOOL
15,KITUI,73,KITUI EAST,362,VOO/KYAMATU,KYAMATU PRIMARY SCHOOL
15,KITUI,73,KITUI EAST,362,VOO/KYAMATU,KYAANGO PRIMARY SCHOOL
15,KITUI,73,KITUI EAST,362,VOO/KYAMATU,KITHANAKE PRIMARY SCHOOL
15,KITUI,73,KITUI EAST,362,VOO/KYAMATU,KIANGINI PRIMARY SCHOOL
15,KITUI,73,KITUI EAST,362,VOO/KYAMATU,VOO PRIMARY SCHOOL
15,KITUI,73,KITUI EAST,362,VOO/KYAMATU,KALUASI PRIMARY SCHOOL
15,KITUI,73,KITUI EAST,362,VOO/KYAMATU,KINAKONI PRIMARY SCHOOL
15,KITUI,73,KITUI EAST,362,VOO/KYAMATU,NTHUNGUNI PRIMARY SCHOOL
15,KITUI,73,KITUI EAST,362,VOO/KYAMATU,NDULUNI PRIMARY SCHOOL
15,KITUI,73,KITUI EAST,362,VOO/KYAMATU,KASANGU PRIMARY SCHOOL
15,KITUI,73,KITUI EAST,362,VOO/KYAMATU,MUTHUNGUE PRIMARY SCHOOL
15,KITUI,73,KITUI EAST,362,VOO/KYAMATU,NDITIME PRIMARY SCHOOL
15,KITUI,73,KITUI EAST,362,VOO/KYAMATU,MASIKALINI PRIMARY SCHOOL
15,KITUI,73,KITUI EAST,362,VOO/KYAMATU,INYOKOONI PRIMARY SCHOOL
15,KITUI,73,KITUI EAST,362,VOO/KYAMATU,NDULIKYE PRIMARY SCHOOL
15,KITUI,73,KITUI EAST,362,VOO/KYAMATU,IKYAATINE PRIMARY SCHOOL
15,KITUI,73,KITUI EAST,362,VOO/KYAMATU,KAMWIU PRIMARY SCHOOL
15,KITUI,73,KITUI EAST,362,VOO/KYAMATU,KATAKA PRIMARY SCHOOL
15,KITUI,73,KITUI EAST,362,VOO/KYAMATU,MUNYUNI PRIMARY SCHOOL
15,KITUI,73,KITUI EAST,362,VOO/KYAMATU,KATOLONGWE PRIMARY SCHOOL
15,KITUI,73,KITUI EAST,362,VOO/KYAMATU,WAANI NURSERY SCHOOL
15,KITUI,73,KITUI EAST,362,VOO/KYAMATU,MATUNDU PRIMARY SCHOOL
15,KITUI,73,KITUI EAST,362,VOO/KYAMATU,MULOLONGO NURSERY SCHOOL
15,KITUI,73,KITUI EAST,362,VOO/KYAMATU,NDULANI PRIMARY SCHOOL
15,KITUI,73,KITUI EAST,362,VOO/KYAMATU,IMUUMBA PRIMARY SCHOOL
15,KITUI,73,KITUI EAST,363,ENDAU/MALALANI,TWAMBUI PRIMARY SCHOOL
15,KITUI,73,KITUI EAST,363,ENDAU/MALALANI,KOI PRIMARY SCHOOL
15,KITUI,73,KITUI EAST,363,ENDAU/MALALANI,MAKUKA PRIMARY SCHOOL
15,KITUI,73,KITUI EAST,363,ENDAU/MALALANI,IKISAYA PRIMARY SCHOOL
15,KITUI,73,KITUI EAST,363,ENDAU/MALALANI,NDOVOINI PRIMARY SCHOOL
15,KITUI,73,KITUI EAST,363,ENDAU/MALALANI,KATUMBI PRIMARY SCHOOL
15,KITUI,73,KITUI EAST,363,ENDAU/MALALANI,ENDAU PRIMARY SCHOOL
15,KITUI,73,KITUI EAST,363,ENDAU/MALALANI,KINANIE PRIMARY SCHOOL
15,KITUI,73,KITUI EAST,363,ENDAU/MALALANI,KALUNGU PRIMARY SCHOOL
15,KITUI,73,KITUI EAST,363,ENDAU/MALALANI,KATHUA PRIMARY SCHOOL
15,KITUI,73,KITUI EAST,363,ENDAU/MALALANI,YIUKU PRIMARY SCHOOL
15,KITUI,73,KITUI EAST,363,ENDAU/MALALANI,KAUNANGE PRIMARY SCHOOL
15,KITUI,73,KITUI EAST,363,ENDAU/MALALANI,ILILUNI PRIMARY SCHOOL
15,KITUI,73,KITUI EAST,363,ENDAU/MALALANI,NDOONI PRIMARY SCHOOL
15,KITUI,73,KITUI EAST,363,ENDAU/MALALANI,MALUINI PRIMARY SCHOOL
15,KITUI,73,KITUI EAST,363,ENDAU/MALALANI,MITAANI PRIMARY SCHOOL
15,KITUI,73,KITUI EAST,363,ENDAU/MALALANI,KAMUSA PRIMARY SCHOOL
15,KITUI,73,KITUI EAST,363,ENDAU/MALALANI,MAKAYAUNI PRIMARY SCHOOL
15,KITUI,73,KITUI EAST,363,ENDAU/MALALANI,KATOONI NURSERY SCHOOL
15,KITUI,73,KITUI EAST,363,ENDAU/MALALANI,NZOUNI NURSERY SCHOOL
15,KITUI,73,KITUI EAST,363,ENDAU/MALALANI,MUYUNI NURSERY SCHOOL
15,KITUI,73,KITUI EAST,363,ENDAU/MALALANI,KALWA NURSERY
15,KITUI,73,KITUI EAST,364,MUTITO/KALIKU,ITIKO PRIMARY SCHOOL
15,KITUI,73,KITUI EAST,364,MUTITO/KALIKU,KIVAKI PRIMARY SCHOOL
15,KITUI,73,KITUI EAST,364,MUTITO/KALIKU,MUKUNGO PRIMARY SCHOOL
15,KITUI,73,KITUI EAST,364,MUTITO/KALIKU,MUTITO PRIMARY SCHOOL
15,KITUI,73,KITUI EAST,364,MUTITO/KALIKU,SYOMBANDU PRIMARY SCHOOL
15,KITUI,73,KITUI EAST,364,MUTITO/KALIKU,KILANGA PRIMARY SCHOOL
15,KITUI,73,KITUI EAST,364,MUTITO/KALIKU,YOONYE PRIMARY SCHOOL
15,KITUI,73,KITUI EAST,364,MUTITO/KALIKU,UW'U PRIMARY SCHOOL
15,KITUI,73,KITUI EAST,364,MUTITO/KALIKU,KWA-TUNDU PRIMARY SCHOOL
15,KITUI,73,KITUI EAST,364,MUTITO/KALIKU,KITAKANI PRIMARY SCHOOL
15,KITUI,73,KITUI EAST,364,MUTITO/KALIKU,MASASINI PRIMARY SCHOOL
15,KITUI,73,KITUI EAST,364,MUTITO/KALIKU,MANYOENI PRIMARY SCHOOL
15,KITUI,73,KITUI EAST,364,MUTITO/KALIKU,KAAYO PRIMARY SCHOOL
15,KITUI,73,KITUI EAST,364,MUTITO/KALIKU,KAKAME PRIMARY SCHOOL
15,KITUI,73,KITUI EAST,364,MUTITO/KALIKU,ITANGANI PRIMARY SCHOOL
15,KITUI,73,KITUI EAST,364,MUTITO/KALIKU,IMUATINE PRIMARY SCHOOL
15,KITUI,73,KITUI EAST,364,MUTITO/KALIKU,KILIKU PRIMARY SCHOOL
15,KITUI,73,KITUI EAST,364,MUTITO/KALIKU,KITIVO PRIMARY SCHOOL
15,KITUI,73,KITUI EAST,364,MUTITO/KALIKU,MATIA PRIMARY SCHOOL
15,KITUI,73,KITUI EAST,364,MUTITO/KALIKU,YULAMBU PRIMARY SCHOOL
15,KITUI,73,KITUI EAST,364,MUTITO/KALIKU,KAVUTEI PRIMARY SCHOOL
15,KITUI,73,KITUI EAST,364,MUTITO/KALIKU,NDUUNI PRIMARY SCHOOL
15,KITUI,73,KITUI EAST,364,MUTITO/KALIKU,KYAIMU PRIMARY SCHOOL
15,KITUI,73,KITUI EAST,364,MUTITO/KALIKU,MUTITO YOUTH POLYTECHNIC
15,KITUI,73,KITUI EAST,364,MUTITO/KALIKU,KWA MAILU PRIMARY SCHOOL
15,KITUI,73,KITUI EAST,364,MUTITO/KALIKU,KAMUNYU PRIMARY SCHOOL
15,KITUI,74,KITUI SOUTH,365,IKANGA/KYATUNE,KONGO PRIMARY SCHOOL
15,KITUI,74,KITUI SOUTH,365,IKANGA/KYATUNE,MAKUUNI NURSERY SCHOOL
15,KITUI,74,KITUI SOUTH,365,IKANGA/KYATUNE,KASOYANI PRIMARY SCHOOL
15,KITUI,74,KITUI SOUTH,365,IKANGA/KYATUNE,MUTYAWA PRIMARY SCHOOL
15,KITUI,74,KITUI SOUTH,365,IKANGA/KYATUNE,VOTE PRIMARY SCHOOL
15,KITUI,74,KITUI SOUTH,365,IKANGA/KYATUNE,MUNATHI PRIMARY SCHOOL
15,KITUI,74,KITUI SOUTH,365,IKANGA/KYATUNE,MALANA NURSERY SCHOOL
15,KITUI,74,KITUI SOUTH,365,IKANGA/KYATUNE,MATUA PRIMARY SCHOOL
15,KITUI,74,KITUI SOUTH,365,IKANGA/KYATUNE,NDITHINI PRIMARY SCHOOL
15,KITUI,74,KITUI SOUTH,365,IKANGA/KYATUNE,KWA SONG'E PRIMARY SCHOOL
15,KITUI,74,KITUI SOUTH,365,IKANGA/KYATUNE,NZALANI PRIMARY SCHOOL
15,KITUI,74,KITUI SOUTH,365,IKANGA/KYATUNE,NDUUNDUNE PRIMARY SCHOOL
15,KITUI,74,KITUI SOUTH,365,IKANGA/KYATUNE,WINGOLOLI PRIMARY SCHOOL
15,KITUI,74,KITUI SOUTH,365,IKANGA/KYATUNE,KYAWANGU PRIMARY SCHOOL
15,KITUI,74,KITUI SOUTH,365,IKANGA/KYATUNE,MWIKIIO NURSERY SCHOOL
15,KITUI,74,KITUI SOUTH,365,IKANGA/KYATUNE,KATHUMULA NURSERY SCHOOL
15,KITUI,74,KITUI SOUTH,365,IKANGA/KYATUNE,CHULUNI PRIMARY SCHOOL
15,KITUI,74,KITUI SOUTH,365,IKANGA/KYATUNE,WINDUNDU PRIMARY SCHOOL
15,KITUI,74,KITUI SOUTH,365,IKANGA/KYATUNE,ILAANI PRIMARY SCHOOL
15,KITUI,74,KITUI SOUTH,365,IKANGA/KYATUNE,SEMEA PRIMARY SCHOOL
15,KITUI,74,KITUI SOUTH,365,IKANGA/KYATUNE,TUTU PRIMARY SCHOOL
15,KITUI,74,KITUI SOUTH,365,IKANGA/KYATUNE,IKANGA TAC HALL
15,KITUI,74,KITUI SOUTH,365,IKANGA/KYATUNE,ILUSYA PRIMARY SCHOOL
15,KITUI,74,KITUI SOUTH,365,IKANGA/KYATUNE,KAVUTHUKA NURSERY SCHOOL
15,KITUI,74,KITUI SOUTH,365,IKANGA/KYATUNE,MAKELE PRIMARY SCHOOL
15,KITUI,74,KITUI SOUTH,365,IKANGA/KYATUNE,TUVILA PRIMARY SCHOOL
15,KITUI,74,KITUI SOUTH,365,IKANGA/KYATUNE,KIKWA PRIMARY SCHOOL
15,KITUI,74,KITUI SOUTH,365,IKANGA/KYATUNE,KIANGWA PRIMARY SCHOOL
15,KITUI,74,KITUI SOUTH,365,IKANGA/KYATUNE,MANZEE NURSERY SCHOOL
15,KITUI,74,KITUI SOUTH,365,IKANGA/KYATUNE,VENGELENI PRIMARY SCHOOL
15,KITUI,74,KITUI SOUTH,365,IKANGA/KYATUNE,MESILYA PRIMARY SCHOOL
15,KITUI,74,KITUI SOUTH,365,IKANGA/KYATUNE,ENZOU PRIMARY SCHOOL
15,KITUI,74,KITUI SOUTH,365,IKANGA/KYATUNE,YAATHI PRIMARY SCHOOL
15,KITUI,74,KITUI SOUTH,365,IKANGA/KYATUNE,KYAMUTHWA PRIMARY SCHOOL
15,KITUI,74,KITUI SOUTH,365,IKANGA/KYATUNE,MUSIKIO PRIMARY SCHOOL
15,KITUI,74,KITUI SOUTH,365,IKANGA/KYATUNE,KYATUNE TAC HALL
15,KITUI,74,KITUI SOUTH,365,IKANGA/KYATUNE,KYATUNE PRIMARY SCHOOL
15,KITUI,74,KITUI SOUTH,365,IKANGA/KYATUNE,KATHITHU PRIMARY SCHOOL
15,KITUI,74,KITUI SOUTH,365,IKANGA/KYATUNE,NGUNINI PRIMARY SCHOOL
15,KITUI,74,KITUI SOUTH,365,IKANGA/KYATUNE,WINDIU PRIMARY SCHOOL
15,KITUI,74,KITUI SOUTH,365,IKANGA/KYATUNE,EMALE NURSERY SCHOOL
15,KITUI,74,KITUI SOUTH,366,MUTOMO,MUTOMO SOCIAL HALL
15,KITUI,74,KITUI SOUTH,366,MUTOMO,KAVYUVAA PRIMARY SCHOOL
15,KITUI,74,KITUI SOUTH,366,MUTOMO,MALILI PRIMARY SCHOOL
15,KITUI,74,KITUI SOUTH,366,MUTOMO,UAE PRIMARY SCHOOL
15,KITUI,74,KITUI SOUTH,366,MUTOMO,SYOMITHUMO PRIMARY SCHOOL
15,KITUI,74,KITUI SOUTH,366,MUTOMO,KITOO PRIMARY SCHOOL
15,KITUI,74,KITUI SOUTH,366,MUTOMO,KIANGE PRIMARY SCHOOL
15,KITUI,74,KITUI SOUTH,366,MUTOMO,MUTI PRIMARY SCHOOL
15,KITUI,74,KITUI SOUTH,366,MUTOMO,KENZE PRIMARY SCHOOL
15,KITUI,74,KITUI SOUTH,366,MUTOMO,KASUNDU PRIMARY SCHOOL
15,KITUI,74,KITUI SOUTH,366,MUTOMO,MUAMBA PRIMARY SCHOOL
15,KITUI,74,KITUI SOUTH,366,MUTOMO,KIBWEA PRIMARY SCHOOL
15,KITUI,74,KITUI SOUTH,366,MUTOMO,KAANGIMA PRIMARY SCHOOL
15,KITUI,74,KITUI SOUTH,366,MUTOMO,IMWANGE PRIMARY SCHOOL
15,KITUI,74,KITUI SOUTH,366,MUTOMO,KAANGWA PRIMARY SCHOOL
15,KITUI,74,KITUI SOUTH,366,MUTOMO,MENZAI PRIMARY SCHOOL
15,KITUI,74,KITUI SOUTH,366,MUTOMO,WINGETHI PRIMARY SCHOOL
15,KITUI,74,KITUI SOUTH,366,MUTOMO,THOME PRIMARY SCHOOL
15,KITUI,74,KITUI SOUTH,366,MUTOMO,KANDAE PRIMARY SCHOOL
15,KITUI,74,KITUI SOUTH,366,MUTOMO,SYUNGUNI PRIMARY SCHOOL
15,KITUI,74,KITUI SOUTH,366,MUTOMO,NDIINI PRIMARY SCHOOL
15,KITUI,74,KITUI SOUTH,366,MUTOMO,MUVUKO PRIMARY SCHOOL
15,KITUI,74,KITUI SOUTH,366,MUTOMO,MUTOMO PRIMARY SCHOOL
15,KITUI,74,KITUI SOUTH,366,MUTOMO,KASYELIA PRIMARY SCHOOL
15,KITUI,74,KITUI SOUTH,366,MUTOMO,MWALA PRIMARY SCHOOL
15,KITUI,74,KITUI SOUTH,366,MUTOMO,KILISA PRIMARY SCHOOL
15,KITUI,74,KITUI SOUTH,366,MUTOMO,MAKONGONI PRIMARY SCHOOL
15,KITUI,74,KITUI SOUTH,366,MUTOMO,MUTOMO YOUTH POLYTECHNIC
15,KITUI,74,KITUI SOUTH,366,MUTOMO,MUTOMO DISTRICT HOSPITAL
15,KITUI,74,KITUI SOUTH,366,MUTOMO,MUTOMO GENERAL MARKET
15,KITUI,74,KITUI SOUTH,366,MUTOMO,KITHAE PRIMARY SCHOOL
15,KITUI,74,KITUI SOUTH,366,MUTOMO,MWENGEA SOCIAL HALL
15,KITUI,74,KITUI SOUTH,367,MUTHA,MAKOSI PRIMARY SCHOOL
15,KITUI,74,KITUI SOUTH,367,MUTHA,KATHINGU PRIMARY SCHOOL
15,KITUI,74,KITUI SOUTH,367,MUTHA,KIVYUNI PRIMARY SCHOOL
15,KITUI,74,KITUI SOUTH,367,MUTHA,TUVILA NURSERY SCHOOL
15,KITUI,74,KITUI SOUTH,367,MUTHA,KYAMAKO PRIMARY SCHOOL
15,KITUI,74,KITUI SOUTH,367,MUTHA,KAANGUNGI PRIMARY SCHOOL
15,KITUI,74,KITUI SOUTH,367,MUTHA,KENGO PRIMARY SCHOOL
15,KITUI,74,KITUI SOUTH,367,MUTHA,KIATI DISPENSARY
15,KITUI,74,KITUI SOUTH,367,MUTHA,KIMUU PRIMARY SCHOOL
15,KITUI,74,KITUI SOUTH,367,MUTHA,KIATI PRIMARY SCHOOL
15,KITUI,74,KITUI SOUTH,367,MUTHA,MWAANI NURSERY SCHOOL
15,KITUI,74,KITUI SOUTH,367,MUTHA,ITUMBA PRIMARY SCHOOL
15,KITUI,74,KITUI SOUTH,367,MUTHA,NGUSWINI PRIMARY SCHOOL
15,KITUI,74,KITUI SOUTH,367,MUTHA,ST. JOSEPHS KAINDU PRIMARY SCHOOL
15,KITUI,74,KITUI SOUTH,367,MUTHA,KILONGONI PRIMARY SCHOOL
15,KITUI,74,KITUI SOUTH,367,MUTHA,NYAYO NURSERY SCHOOL
15,KITUI,74,KITUI SOUTH,367,MUTHA,KIVILI PRIMARY SCHOOL
15,KITUI,74,KITUI SOUTH,367,MUTHA,KAATENE PRIMARY SCHOOL
15,KITUI,74,KITUI SOUTH,367,MUTHA,KYANGOTO PRIMARY SCHOOL
15,KITUI,74,KITUI SOUTH,367,MUTHA,KALAMBANI PRIMARY SCHOOL
15,KITUI,74,KITUI SOUTH,367,MUTHA,IKANDANI PRIMARY SCHOOL
15,KITUI,74,KITUI SOUTH,367,MUTHA,MUSENGE PRIMARY SCHOOL
15,KITUI,74,KITUI SOUTH,367,MUTHA,INGO PRIMARY SCHOOL
15,KITUI,74,KITUI SOUTH,367,MUTHA,MAKEKEE PRIMARY SCHOOL
15,KITUI,74,KITUI SOUTH,367,MUTHA,MUTHA PRIMARY SCHOOL
15,KITUI,74,KITUI SOUTH,367,MUTHA,KAVETE PRIMARY SCHOOL
15,KITUI,74,KITUI SOUTH,367,MUTHA,ISAA PRIMARY SCHOOL
15,KITUI,74,KITUI SOUTH,367,MUTHA,ILAMBA PRIMARY SCHOOL
15,KITUI,74,KITUI SOUTH,367,MUTHA,KYUASINI PRIMARY SCHOOL
15,KITUI,74,KITUI SOUTH,367,MUTHA,SYAMATANI PRIMARY SCHOOL
15,KITUI,74,KITUI SOUTH,367,MUTHA,KIVANDENI PRIMARY SCHOOL
15,KITUI,74,KITUI SOUTH,367,MUTHA,NZOANI PRIMARY SCHOOL
15,KITUI,74,KITUI SOUTH,367,MUTHA,KANZALE MARKET
15,KITUI,74,KITUI SOUTH,367,MUTHA,KALULUINI PRIMARY SCHOOL
15,KITUI,74,KITUI SOUTH,368,IKUTHA,KIANGU PRIMARY SCHOOL
15,KITUI,74,KITUI SOUTH,368,IKUTHA,KYOANI PRIMARY SCHOOL
15,KITUI,74,KITUI SOUTH,368,IKUTHA,MATIKONI PRIMARY SCHOOL
15,KITUI,74,KITUI SOUTH,368,IKUTHA,NDILI PRIMARY SCHOOL
15,KITUI,74,KITUI SOUTH,368,IKUTHA,IMIW'A PRIMARY SCHOOL
15,KITUI,74,KITUI SOUTH,368,IKUTHA,MAVIA PRIMARY SCHOOL
15,KITUI,74,KITUI SOUTH,368,IKUTHA,KIVUTI PRIMARY SCHOOL
15,KITUI,74,KITUI SOUTH,368,IKUTHA,MEMBOO PRIMARY SCHOOL
15,KITUI,74,KITUI SOUTH,368,IKUTHA,TSAVO PRIMARY SCHOOL
15,KITUI,74,KITUI SOUTH,368,IKUTHA,KASAALA PRIMARY SCHOOL
15,KITUI,74,KITUI SOUTH,368,IKUTHA,KWA KIMWELI PRIMARY SCHOOL
15,KITUI,74,KITUI SOUTH,368,IKUTHA,KISOU PRIMARY SCHOOL
15,KITUI,74,KITUI SOUTH,368,IKUTHA,NGWATE PRIMARY SCHOOL
15,KITUI,74,KITUI SOUTH,368,IKUTHA,NGAWUNI PRIMARY SCHOOL
15,KITUI,74,KITUI SOUTH,368,IKUTHA,YUMBU PRIMARY SCHOOL
15,KITUI,74,KITUI SOUTH,368,IKUTHA,YANZATI PRIMARY SCHOOL
15,KITUI,74,KITUI SOUTH,368,IKUTHA,YAUA PRIMARY SCHOOL
15,KITUI,74,KITUI SOUTH,368,IKUTHA,YAANA PRIMARY SCHOOL
15,KITUI,74,KITUI SOUTH,368,IKUTHA,KAASULA PRIMARY SCHOOL
15,KITUI,74,KITUI SOUTH,368,IKUTHA,IKUTHA PRIMARY SCHOOL
15,KITUI,74,KITUI SOUTH,368,IKUTHA,IKUTHA YOUTH POLYTECHNIC
15,KITUI,74,KITUI SOUTH,369,KANZIKO,MIKONGOONI PRIMARY SCHOOL
15,KITUI,74,KITUI SOUTH,369,KANZIKO,SIMISI PRIMARY SCHOOL
15,KITUI,74,KITUI SOUTH,369,KANZIKO,SIMISI SECONDARY SCHOOL
15,KITUI,74,KITUI SOUTH,369,KANZIKO,KASASI PRIMARY SCHOOL
15,KITUI,74,KITUI SOUTH,369,KANZIKO,MWANIANGA PRIMARY SCHOOL
15,KITUI,74,KITUI SOUTH,369,KANZIKO,MAUNGU PRIMARY SCHOOL
15,KITUI,74,KITUI SOUTH,369,KANZIKO,KAALU NURSERY SCHOOL
15,KITUI,74,KITUI SOUTH,369,KANZIKO,MUTHUE PRIMARY SCHOOL
15,KITUI,74,KITUI SOUTH,369,KANZIKO,VUTU PRIMARY SCHOOL
15,KITUI,74,KITUI SOUTH,369,KANZIKO,EKANI PRIMARY SCHOOL
15,KITUI,74,KITUI SOUTH,369,KANZIKO,NGALI PRIMARY SCHOOL
15,KITUI,74,KITUI SOUTH,369,KANZIKO,KAKITHYA PRIMARY SCHOOL
15,KITUI,74,KITUI SOUTH,369,KANZIKO,LINGITHYA PRIMARY SCHOOL
15,KITUI,74,KITUI SOUTH,369,KANZIKO,KANZIKO COTTON STORES
15,KITUI,74,KITUI SOUTH,369,KANZIKO,KITUVWI PRIMARY SCHOOL
15,KITUI,74,KITUI SOUTH,369,KANZIKO,KATHUNGU NURSERY SCHOOL
15,KITUI,74,KITUI SOUTH,369,KANZIKO,IKILUNGULU PSRIMARY SCHOOL
15,KITUI,74,KITUI SOUTH,369,KANZIKO,VYULU NURSERY SCHOOL
15,KITUI,74,KITUI SOUTH,369,KANZIKO,KASIVUNI PRIMARY SCHOOL
15,KITUI,74,KITUI SOUTH,369,KANZIKO,KYANGANGA PRIMARY SCHOOL
15,KITUI,74,KITUI SOUTH,369,KANZIKO,KYANYAA PRIMARY SCHOOL
15,KITUI,74,KITUI SOUTH,369,KANZIKO,KYATULU PRIMARY SCHOOL
15,KITUI,74,KITUI SOUTH,369,KANZIKO,KWA MUKUKU PRIMARY SCHOOL
15,KITUI,74,KITUI SOUTH,369,KANZIKO,NDILILI PRIMARY SCHOOL
15,KITUI,74,KITUI SOUTH,369,KANZIKO,MANG'ETHENI PRIMARY SCHOOL
15,KITUI,74,KITUI SOUTH,369,KANZIKO,KALIANI PRIMARY SCHOOL
15,KITUI,74,KITUI SOUTH,370,ATHI,KANDENGYA PRIMARY SCHOOL
15,KITUI,74,KITUI SOUTH,370,ATHI,KILAWA PRIMARY SCHOOL
15,KITUI,74,KITUI SOUTH,370,ATHI,MUTONYA ITHO PRIMARY SCHOOL
15,KITUI,74,KITUI SOUTH,370,ATHI,MUKUANIMA PRIMARY SCHOOL
15,KITUI,74,KITUI SOUTH,370,ATHI,KYANGIU PRIMARY SCHOOL
15,KITUI,74,KITUI SOUTH,370,ATHI,UIINI NURSERY SCHOOL
15,KITUI,74,KITUI SOUTH,370,ATHI,KITUTI SECONDARY SCHOOL
15,KITUI,74,KITUI SOUTH,370,ATHI,MAKUENI PRIMARY SCHOOL
15,KITUI,74,KITUI SOUTH,370,ATHI,KITUTI PRIMARY SCHOOL
15,KITUI,74,KITUI SOUTH,370,ATHI,KAMINA PRIMARY SCHOOL
15,KITUI,74,KITUI SOUTH,370,ATHI,MWATHE PRIMARY SCHOOL
15,KITUI,74,KITUI SOUTH,370,ATHI,MUKUNDAA PRIMARY SCHOOL
15,KITUI,74,KITUI SOUTH,370,ATHI,NTHWAIANI PRIMARY SCHOOL
15,KITUI,74,KITUI SOUTH,370,ATHI,IMATHOKA PRIMARY SCHOOL
15,KITUI,74,KITUI SOUTH,370,ATHI,MUKWAKWANI PRIMARY SCHOOL
15,KITUI,74,KITUI SOUTH,370,ATHI,MUAMBUA PRIMARY SCHOOL
15,KITUI,74,KITUI SOUTH,370,ATHI,KATULU PRIMARY SCHOOL
15,KITUI,74,KITUI SOUTH,370,ATHI,IVUKUVUKU PRIMARY SCHOOL
15,KITUI,74,KITUI SOUTH,370,ATHI,SENDA PRIMARY SCHOOL
15,KITUI,74,KITUI SOUTH,370,ATHI,MBAKONI PRIMARY SCHOOL
15,KITUI,74,KITUI SOUTH,370,ATHI,MONGUNI PRIMARY SCHOOL
15,KITUI,74,KITUI SOUTH,370,ATHI,ILENGI PRIMARY SCHOOL
15,KITUI,74,KITUI SOUTH,370,ATHI,MUAANI PRIMARY SCHOOL
15,KITUI,74,KITUI SOUTH,370,ATHI,YOLOMUNI PRIMARY SCHOOL
15,KITUI,74,KITUI SOUTH,370,ATHI,KATILINI PRIMARY SCHOOL
15,KITUI,74,KITUI SOUTH,370,ATHI,SEMBENI PRIMARY SCHOOL
15,KITUI,74,KITUI SOUTH,370,ATHI,NZAINI PRIMARY SCHOOL
15,KITUI,74,KITUI SOUTH,370,ATHI,KAIVISI PRIMARY SCHOOL
15,KITUI,74,KITUI SOUTH,370,ATHI,MWAMBA-ISYUKO PRIMARY SCHOOL
15,KITUI,74,KITUI SOUTH,370,ATHI,NDIVUNI PRIMARY SCHOOL
15,KITUI,74,KITUI SOUTH,370,ATHI,MBUI NDUNE PRIMARY SCHOOL
15,KITUI,74,KITUI SOUTH,370,ATHI,MITALANI PRIMARY SCHOOL
15,KITUI,74,KITUI SOUTH,370,ATHI,MEMBAU PRIMARY SCHOOL
15,KITUI,74,KITUI SOUTH,370,ATHI,YONGO PRIMARY SCHOOL
15,KITUI,74,KITUI SOUTH,370,ATHI,IMELU PRIMARY SCHOOL
15,KITUI,74,KITUI SOUTH,370,ATHI,MBOONI PRIMARY SCHOOL
15,KITUI,74,KITUI SOUTH,370,ATHI,MALUMA PRIMARY SCHOOL
15,KITUI,74,KITUI SOUTH,370,ATHI,KAKUNGULA PRIMARY SCHOOL
15,KITUI,74,KITUI SOUTH,370,ATHI,KALIVU PRIMARY SCHOOL
15,KITUI,74,KITUI SOUTH,370,ATHI,MUTEETU PRIMARY SCHOOL
15,KITUI,74,KITUI SOUTH,370,ATHI,KYANDULA PRIMARY SCHOOL
15,KITUI,74,KITUI SOUTH,370,ATHI,KISIIO PRIMARY SCHOOL
16,MACHAKOS,75,MASINGA,371,KIVAA,UTITHINI PRIMARY SCHOOL
16,MACHAKOS,75,MASINGA,371,KIVAA,KYAANI PRIMARY SCHOOL
16,MACHAKOS,75,MASINGA,371,KIVAA,MASAKU PRIMARY SCHOOL
16,MACHAKOS,75,MASINGA,371,KIVAA,VONDENI PRIMARY SCHOOL
16,MACHAKOS,75,MASINGA,371,KIVAA,KITHONI PRIMARY SCHOOL
16,MACHAKOS,75,MASINGA,371,KIVAA,KIVAA PRIMARY SCHOOL
16,MACHAKOS,75,MASINGA,371,KIVAA,KITHUIA PRIMARY SCHOOL
16,MACHAKOS,75,MASINGA,371,KIVAA,CITYCOTTON MARKET
16,MACHAKOS,75,MASINGA,371,KIVAA,UVAINI PRIMARY SCHOOL
16,MACHAKOS,75,MASINGA,371,KIVAA,KWAKYUMBO PRIMARY SCHOOL
16,MACHAKOS,75,MASINGA,371,KIVAA,MUTEMBUKU PRIMARY SCHOOL
16,MACHAKOS,75,MASINGA,371,KIVAA,KYONDONI PRIMARY SCHOOL
16,MACHAKOS,75,MASINGA,371,KIVAA,IIANI PRIMARY SCHOOL
16,MACHAKOS,75,MASINGA,371,KIVAA,KIAMBANI PRIMARY SCHOOL
16,MACHAKOS,75,MASINGA,371,KIVAA,KISAANI PRIMARY SCHOOL
16,MACHAKOS,75,MASINGA,371,KIVAA,KAMUTHUMBA PRIMARY SCHOOL
16,MACHAKOS,75,MASINGA,371,KIVAA,AIC SCOTT MUKAA NURSERY SCHOOL
16,MACHAKOS,75,MASINGA,371,KIVAA,TWAMAKAA PRIMARY SCHOOL
16,MACHAKOS,75,MASINGA,371,KIVAA,KISEUNI PRIMARY SCHOOL
16,MACHAKOS,75,MASINGA,371,KIVAA,IELANTHI PRIMARY SCHOOL
16,MACHAKOS,75,MASINGA,371,KIVAA,MWATUNGO PRIMARY SCHOOL
16,MACHAKOS,75,MASINGA,371,KIVAA,KITHYOKO PRIMARY SCHOOL
16,MACHAKOS,75,MASINGA,371,KIVAA,MUKENGESYA NURSERY SCHOOL
16,MACHAKOS,75,MASINGA,371,KIVAA,MUTHEMBWA PRIMARY SCHOOL
16,MACHAKOS,75,MASINGA,371,KIVAA,KANGUNDU NURSERY SCHOOL
16,MACHAKOS,75,MASINGA,371,KIVAA,EENDEI PRIMARY SCHOOL
16,MACHAKOS,75,MASINGA,371,KIVAA,MIANGENI PRIMARY SCHOOL
16,MACHAKOS,75,MASINGA,371,KIVAA,IUUMA PRIMARY SCHOOL
16,MACHAKOS,75,MASINGA,371,KIVAA,KAONYWENI PRIMARY SCHOOL
16,MACHAKOS,75,MASINGA,371,KIVAA,MBINGONI PRIMARY SCHOOL
16,MACHAKOS,75,MASINGA,371,KIVAA,INYANZAA PRIMARY SCHOOL
16,MACHAKOS,75,MASINGA,371,KIVAA,THATHA PRIMARY SCHOOL
16,MACHAKOS,75,MASINGA,371,KIVAA,NDELEKENI PRIMARY SCHOOL
16,MACHAKOS,75,MASINGA,371,KIVAA,KIMUUNI PRIMARY SCHOOL
16,MACHAKOS,75,MASINGA,371,KIVAA,KAMANGULU PRIMARY SCHOOL
16,MACHAKOS,75,MASINGA,371,KIVAA,MATENDENI NURSERY SCHOOL
16,MACHAKOS,75,MASINGA,372,MASINGA CENTRAL,MASINGA PRIMARY SCHOOL
16,MACHAKOS,75,MASINGA,372,MASINGA CENTRAL,KIVUTHI PRIMARY SCHOOL
16,MACHAKOS,75,MASINGA,372,MASINGA CENTRAL,KYEETENI PRIMARY SCHOOL
16,MACHAKOS,75,MASINGA,372,MASINGA CENTRAL,MUTWAMWAKI PRIMARY SCHOOL
16,MACHAKOS,75,MASINGA,372,MASINGA CENTRAL,KANGONDE PRIMARY SCHOOL
16,MACHAKOS,75,MASINGA,372,MASINGA CENTRAL,KITANGANI PRIMARY SCHOOL
16,MACHAKOS,75,MASINGA,372,MASINGA CENTRAL,KWAKATUTA PRIMARY SCHOOL
16,MACHAKOS,75,MASINGA,372,MASINGA CENTRAL,MISEWANI PRIMARY SCHOOL
16,MACHAKOS,75,MASINGA,372,MASINGA CENTRAL,ULUTYA PRIMARY SCHOOL
16,MACHAKOS,75,MASINGA,372,MASINGA CENTRAL,KATHUI PRIMARY SCHOOL
16,MACHAKOS,75,MASINGA,372,MASINGA CENTRAL,MAKILA PRIMARY SCHOOL
16,MACHAKOS,75,MASINGA,372,MASINGA CENTRAL,KWASUVU PRIMARY SCHOOL
16,MACHAKOS,75,MASINGA,372,MASINGA CENTRAL,TULIMYUMBU PRIMARY SCHOOL
16,MACHAKOS,75,MASINGA,372,MASINGA CENTRAL,NGENDA NURSERY SCHOOL
16,MACHAKOS,75,MASINGA,372,MASINGA CENTRAL,KITUNENI PRIMARY SCHOOL
16,MACHAKOS,75,MASINGA,372,MASINGA CENTRAL,KATULYE PRIMARY SCHOOL
16,MACHAKOS,75,MASINGA,372,MASINGA CENTRAL,NGUKEMWE PRIMARY SCHOOL
16,MACHAKOS,75,MASINGA,372,MASINGA CENTRAL,KATOTHYA PRIMARY SCHOOL
16,MACHAKOS,75,MASINGA,372,MASINGA CENTRAL,KATHIANI PRIMARY SCHOOL
16,MACHAKOS,75,MASINGA,372,MASINGA CENTRAL,KYANGOSI PRIMARY SCHOOL
16,MACHAKOS,75,MASINGA,372,MASINGA CENTRAL,MAKUTANO YANDEI PRIMARY SCHOOL
16,MACHAKOS,75,MASINGA,372,MASINGA CENTRAL,MUKUSU PRIMARY SCHOOL
16,MACHAKOS,75,MASINGA,372,MASINGA CENTRAL,SAWASAWA NURSERY SCHOOL
16,MACHAKOS,75,MASINGA,372,MASINGA CENTRAL,MUSUMAA PRIMARY SCHOOL
16,MACHAKOS,75,MASINGA,372,MASINGA CENTRAL,KINGUUTHENI PRIMARY SCHOOL
16,MACHAKOS,75,MASINGA,372,MASINGA CENTRAL,MYANYANI PRIMARY SCHOOL
16,MACHAKOS,75,MASINGA,372,MASINGA CENTRAL,KAVWEA NURSERY SCHOOL
16,MACHAKOS,75,MASINGA,372,MASINGA CENTRAL,KWAKAINDI PRIMARY SCHOOL
16,MACHAKOS,75,MASINGA,372,MASINGA CENTRAL,KITHAMBIONI PRIMARY SCHOOL
16,MACHAKOS,75,MASINGA,372,MASINGA CENTRAL,MASINGA DAM RESORT CAMP SITE
16,MACHAKOS,75,MASINGA,372,MASINGA CENTRAL,MASINGA YOUTH POLYTECHNIC
16,MACHAKOS,75,MASINGA,373,EKALAKALA,MUKAYAUNI PRIMARY SCHOOL
16,MACHAKOS,75,MASINGA,373,EKALAKALA,MAVIU MAIU PRIMARY SCHOOL
16,MACHAKOS,75,MASINGA,373,EKALAKALA,WENDANO PRIMARY SCHOOL
16,MACHAKOS,75,MASINGA,373,EKALAKALA,EKALAKALA YOUTH POLYTECHNIC
16,MACHAKOS,75,MASINGA,373,EKALAKALA,MUNANDANI PRIMARY SCHOOL
16,MACHAKOS,75,MASINGA,373,EKALAKALA,KIANGENI PRIMARY SCHOOL
16,MACHAKOS,75,MASINGA,373,EKALAKALA,ISYUKONI PRIMARY SCHOOL
16,MACHAKOS,75,MASINGA,373,EKALAKALA,KATHINI PRIMARY SCHOOL
16,MACHAKOS,75,MASINGA,373,EKALAKALA,EKALAKALA PRIMARY SCHOOL
16,MACHAKOS,75,MASINGA,373,EKALAKALA,KAKUKU PRIMARY SCHOOL
16,MACHAKOS,75,MASINGA,373,EKALAKALA,WAMBOO PRIMARY SCHOOL
16,MACHAKOS,75,MASINGA,373,EKALAKALA,MIKAMENI PRIMARY SCHOOL
16,MACHAKOS,75,MASINGA,373,EKALAKALA,KWAMULINGA PRIMARY SCHOOL
16,MACHAKOS,75,MASINGA,373,EKALAKALA,KWAKALUNDE PRIMARY SCHOOL
16,MACHAKOS,75,MASINGA,373,EKALAKALA,KWAWANZILU PRIMARY SCHOOL
16,MACHAKOS,75,MASINGA,373,EKALAKALA,KIKULE PRIMARY SCHOOL
16,MACHAKOS,75,MASINGA,373,EKALAKALA,IKAATINI PRIMARY SCHOOL
16,MACHAKOS,75,MASINGA,373,EKALAKALA,COL. KILUTA PRIMARY SCHOOL
16,MACHAKOS,75,MASINGA,373,EKALAKALA,MIKUYU PRIMARY SCHOOL
16,MACHAKOS,75,MASINGA,373,EKALAKALA,MATHAUTA PRIMARY SCHOOL
16,MACHAKOS,75,MASINGA,373,EKALAKALA,KWAMBENGEI PRIMARY SCHOOL
16,MACHAKOS,75,MASINGA,374,MUTHESYA,KIKOMBA PRIMARY SCHOOL
16,MACHAKOS,75,MASINGA,374,MUTHESYA,NZII PRIMARY SCHOOL
16,MACHAKOS,75,MASINGA,374,MUTHESYA,MILAANI PRIMARY SCHOOL
16,MACHAKOS,75,MASINGA,374,MUTHESYA,MUTHESYA PRIMARY SCHOOL
16,MACHAKOS,75,MASINGA,374,MUTHESYA,LUNGULUENI PRIMARY SCHOOL
16,MACHAKOS,75,MASINGA,374,MUTHESYA,KWAMBOO PRIMARY SCHOOL
16,MACHAKOS,75,MASINGA,374,MUTHESYA,KUTHEA NURSERY SCHOOL
16,MACHAKOS,75,MASINGA,374,MUTHESYA,MATHENGE PRIMARY SCHOOL
16,MACHAKOS,75,MASINGA,374,MUTHESYA,LULAMBA PRIMARY SCHOOL
16,MACHAKOS,75,MASINGA,374,MUTHESYA,KAMAIMBA PRIMARY SCHOOL
16,MACHAKOS,75,MASINGA,375,NDITHINI,TUMUTUMU PRIMARY SCHOOL
16,MACHAKOS,75,MASINGA,375,NDITHINI,MATHENG'ETA PRIMARY SCHOOL
16,MACHAKOS,75,MASINGA,375,NDITHINI,KWAMUTHIKE MARKET
16,MACHAKOS,75,MASINGA,375,NDITHINI,MURI FARM PRIMARY SCHOOL
16,MACHAKOS,75,MASINGA,375,NDITHINI,MANGULI PRIMARY SCHOOL
16,MACHAKOS,75,MASINGA,375,NDITHINI,MATEMA PRIMARY SCHOOL
16,MACHAKOS,75,MASINGA,375,NDITHINI,MANANJA PRIMARY SCHOOL
16,MACHAKOS,75,MASINGA,375,NDITHINI,KASUVILO PRIMARY SCHOOL
16,MACHAKOS,75,MASINGA,375,NDITHINI,MCHOKA BURE MARKET
16,MACHAKOS,75,MASINGA,375,NDITHINI,NDELA PRIMARY SCHOOL
16,MACHAKOS,75,MASINGA,375,NDITHINI,GREENHILL PRIMARY SCHOOL
16,MACHAKOS,75,MASINGA,375,NDITHINI,KAWETHEI PRIMARY SCHOOL
16,MACHAKOS,75,MASINGA,375,NDITHINI,ST.MICHAEL PRIMARY SCHOOL
16,MACHAKOS,75,MASINGA,375,NDITHINI,TANA RANCH PRIMARY SCHOOL
16,MACHAKOS,75,MASINGA,375,NDITHINI,KAVILILA PRIMARY SCHOOL
16,MACHAKOS,76,YATTA,376,NDALANI,KISIIKI PRIMARY SCHOOL
16,MACHAKOS,76,YATTA,376,NDALANI,ILUMANTHI PRIMARY SCHOOL
16,MACHAKOS,76,YATTA,376,NDALANI,KALOLENI PRIMARY SCHOOL
16,MACHAKOS,76,YATTA,376,NDALANI,NGOLIBA HGM PRIMARY SCHOOL
16,MACHAKOS,76,YATTA,376,NDALANI,NTHUNGULULU PRIMARY SCHOOL
16,MACHAKOS,76,YATTA,376,NDALANI,KWA KULU PRIMARY SCHOOL
16,MACHAKOS,76,YATTA,376,NDALANI,IVIANI PRIMARY SCHOOL
16,MACHAKOS,76,YATTA,376,NDALANI,IATINENI PRIMARY SCHOOL
16,MACHAKOS,76,YATTA,376,NDALANI,KIVINGONI PRIMARY SCHOOL
16,MACHAKOS,76,YATTA,376,NDALANI,MUTYAMBOO PRIMARY SCHOOL
16,MACHAKOS,76,YATTA,376,NDALANI,INYANZAANI PRIMARY SCHOOL
16,MACHAKOS,76,YATTA,376,NDALANI,MUUSINI PRIMARY SCHOOL
16,MACHAKOS,76,YATTA,376,NDALANI,KANGEMI PRIMARY SCHOOL
16,MACHAKOS,76,YATTA,376,NDALANI,MATANGINI PRIMARY SCHOOL
16,MACHAKOS,76,YATTA,376,NDALANI,UVOUNI PRIMARY SCHOOL
16,MACHAKOS,76,YATTA,376,NDALANI,KWA KATHULE(KATANGINI) NURSERY SCHOOL
16,MACHAKOS,76,YATTA,376,NDALANI,KITHYOLO PRIMARY SCHOOL
16,MACHAKOS,76,YATTA,376,NDALANI,KIWANZANI(KALULUINI NURSARY)SCHOOL
16,MACHAKOS,76,YATTA,376,NDALANI,KALIMATULA PRIMARY SCHOOL
16,MACHAKOS,76,YATTA,376,NDALANI,KITHUIANI PRE SCHOOL
16,MACHAKOS,76,YATTA,376,NDALANI,ST PETERS ECD CENTER
16,MACHAKOS,76,YATTA,376,NDALANI,MULILUNI NUSERY SCHOOL
16,MACHAKOS,76,YATTA,376,NDALANI,MBANDA PRIMARY
16,MACHAKOS,76,YATTA,376,NDALANI,NEW APOSTOLIC KISIIKI CHURCH
16,MACHAKOS,76,YATTA,376,NDALANI,MUKUYUNI PRIMARY SCHOOL
16,MACHAKOS,76,YATTA,376,NDALANI,ZION PRE SCHOOL
16,MACHAKOS,76,YATTA,376,NDALANI,ST. LUCY ACADEMY
16,MACHAKOS,76,YATTA,376,NDALANI,KIUNI SA. CHURCH
16,MACHAKOS,76,YATTA,377,MATUU,MUNINA SA PRIMARY SCHOOL
16,MACHAKOS,76,YATTA,377,MATUU,MATUU HGM PRIMARY SCHOOL
16,MACHAKOS,76,YATTA,377,MATUU,MUKALALA PRIMARY SCHOOL
16,MACHAKOS,76,YATTA,377,MATUU,ISAANI NURSERY SCHOOL
16,MACHAKOS,76,YATTA,377,MATUU,KWA MWATU PRIMARY SCHOOL
16,MACHAKOS,76,YATTA,377,MATUU,ITHEKETHINI PRIMARY SCHOOL
16,MACHAKOS,76,YATTA,377,MATUU,KWAUSAU PRIMARY SCHOOL
16,MACHAKOS,76,YATTA,377,MATUU,MAKIVENZI PRIMARY SCHOOL
16,MACHAKOS,76,YATTA,377,MATUU,MASEWANI PRIMARY SCHOOL
16,MACHAKOS,76,YATTA,377,MATUU,MAIUNI CATHOLIC CHURCH
16,MACHAKOS,76,YATTA,377,MATUU,KATHANGATHINI PRIMARY SCHOOL
16,MACHAKOS,76,YATTA,377,MATUU,KALIA ECDE SCHOOL
16,MACHAKOS,76,YATTA,377,MATUU,MALIKITI ECDE SCHOOL
16,MACHAKOS,76,YATTA,377,MATUU,KAMUU ECDE SCHOOL
16,MACHAKOS,76,YATTA,377,MATUU,KALAANI PRIMARY SCHOOL
16,MACHAKOS,76,YATTA,377,MATUU,SYUKI PRIMARY SCHOOL
16,MACHAKOS,76,YATTA,377,MATUU,KAKUMINI PRIMARY SCHOOL
16,MACHAKOS,76,YATTA,378,KITHIMANI,IANGUNI PRIMARY SCHOOL
16,MACHAKOS,76,YATTA,378,KITHIMANI,N.Y.S HUDUMA ACADEMY YATTA
16,MACHAKOS,76,YATTA,378,KITHIMANI,VOTA PRIMARY SCHOOL
16,MACHAKOS,76,YATTA,378,KITHIMANI,KAMWEANI PRIMARY SCHOOL
16,MACHAKOS,76,YATTA,378,KITHIMANI,NGUUMO PRIMARY SCHOOL
16,MACHAKOS,76,YATTA,378,KITHIMANI,KITHIMANI HGM PRIMARY SCHOOL
16,MACHAKOS,76,YATTA,378,KITHIMANI,KITHENDU PRIMARY SCHOOL
16,MACHAKOS,76,YATTA,378,KITHIMANI,KAUMONI PRIMARY SCHOOL
16,MACHAKOS,76,YATTA,378,KITHIMANI,KAUTHULINI PRIMARY SCHOOL
16,MACHAKOS,76,YATTA,378,KITHIMANI,KAUUKUNI PRIMARY SCHOOL
16,MACHAKOS,76,YATTA,378,KITHIMANI,KAMBI YA NDEKE PRIMARY SCHOOL
16,MACHAKOS,76,YATTA,378,KITHIMANI,KALUKUNI SA PRIMARY SCHOOL
16,MACHAKOS,76,YATTA,378,KITHIMANI,KWA KITEMA PRIMARY SCHOOL
16,MACHAKOS,76,YATTA,378,KITHIMANI,UKAKAANI NURSERY SCHOOL
16,MACHAKOS,76,YATTA,378,KITHIMANI,MAKUTANO ABC PRIMARY SCHOOL
16,MACHAKOS,76,YATTA,378,KITHIMANI,YEEMWATU PRIMARY SCHOOL
16,MACHAKOS,76,YATTA,378,KITHIMANI,KONDO PRIMARY SCHOOL
16,MACHAKOS,76,YATTA,378,KITHIMANI,KWAKOKO PRIMARY SCHOOL
16,MACHAKOS,76,YATTA,378,KITHIMANI,YATTA GK PRISON
16,MACHAKOS,76,YATTA,378,KITHIMANI,KAUTULUNI PRIMARY SCHOOL
16,MACHAKOS,76,YATTA,378,KITHIMANI,KITHIMANI AIC PRIMARY SCHOOL
16,MACHAKOS,76,YATTA,378,KITHIMANI,SOFIA PRIMARY SCHOOL
16,MACHAKOS,76,YATTA,378,KITHIMANI,KITHIANIONI PRIMARY SCHOOL
16,MACHAKOS,76,YATTA,379,IKOMBE,KIKESA PRIMARY SCHOOL
16,MACHAKOS,76,YATTA,379,IKOMBE,MATHINGAU PRIMARY SCHOOL
16,MACHAKOS,76,YATTA,379,IKOMBE,MAIUNI PRIMARY SCHOOL
16,MACHAKOS,76,YATTA,379,IKOMBE,KAMUTHAMBYA PRIMARY SCHOOL
16,MACHAKOS,76,YATTA,379,IKOMBE,KIONYWENI PRIMARY SCHOOL
16,MACHAKOS,76,YATTA,379,IKOMBE,MYUMBUNI PRIMARY SCHOOL
16,MACHAKOS,76,YATTA,379,IKOMBE,KINYAATA PRIMARY SCHOOL
16,MACHAKOS,76,YATTA,379,IKOMBE,KATUTUNI PRIMARY SCHOOL
16,MACHAKOS,76,YATTA,379,IKOMBE,MWAMBATHAANA PRIMARY SCHOOL
16,MACHAKOS,76,YATTA,379,IKOMBE,KYASIONI PRIMARY SCHOOL
16,MACHAKOS,76,YATTA,379,IKOMBE,KITHEUNI PRIMARY SCHOOL
16,MACHAKOS,76,YATTA,379,IKOMBE,KALYAMBEU PRIMARY SCHOOL
16,MACHAKOS,76,YATTA,379,IKOMBE,KINAKA PRIMARY SCHOOL
16,MACHAKOS,76,YATTA,379,IKOMBE,IKOMBE PRIMARY SCHOOL
16,MACHAKOS,76,YATTA,379,IKOMBE,MUNYIIKI PRIMARY SCHOOL
16,MACHAKOS,76,YATTA,379,IKOMBE,KITOLOLO PRIMARY SCHOOL
16,MACHAKOS,76,YATTA,379,IKOMBE,MANGWETI PRIMARY SCHOOL
16,MACHAKOS,76,YATTA,379,IKOMBE,KITHITO PRIMARY SCHOOL
16,MACHAKOS,76,YATTA,379,IKOMBE,TING'ANG'A PRIMARY SCHOOL
16,MACHAKOS,76,YATTA,379,IKOMBE,NAIVASA PRIMARY SCHOOL
16,MACHAKOS,76,YATTA,379,IKOMBE,TULIMA PRIMARY SCHOOL
16,MACHAKOS,76,YATTA,379,IKOMBE,NDALASYANI PRIMARY SCHOOL
16,MACHAKOS,76,YATTA,379,IKOMBE,KASOONI PRIMARY SCHOOL
16,MACHAKOS,76,YATTA,379,IKOMBE,KANGOKO PRIMARY SCHOOL
16,MACHAKOS,76,YATTA,379,IKOMBE,KILAATU PRIMARY SCHOOL
16,MACHAKOS,76,YATTA,379,IKOMBE,KALAMA PRIMARY SCHOOL
16,MACHAKOS,76,YATTA,379,IKOMBE,MWITASYANO PRIMARY SCHOOL
16,MACHAKOS,76,YATTA,379,IKOMBE,KALANDINI PRIMARY SCHOOL
16,MACHAKOS,76,YATTA,379,IKOMBE,MBEMBANI PRIMARY SCHOOL
16,MACHAKOS,76,YATTA,379,IKOMBE,KANGUMA PRIMARY SCHOOL
16,MACHAKOS,76,YATTA,379,IKOMBE,KITHOMA CATHOLIC CHURCH
16,MACHAKOS,76,YATTA,379,IKOMBE,KAAMANI A.I.C CHURCH
16,MACHAKOS,76,YATTA,379,IKOMBE,IVUTINI PRIMARY SCHOOL
16,MACHAKOS,76,YATTA,379,IKOMBE,MALIVINI PRIMARY SCHOOL
16,MACHAKOS,76,YATTA,379,IKOMBE,KIUSYANI PRIMARY SCHOOL
16,MACHAKOS,76,YATTA,379,IKOMBE,KATHAMANI PRIMARY SCHOOL
16,MACHAKOS,76,YATTA,380,KATANGI,KATANGI SECONDARY SCHOOL
16,MACHAKOS,76,YATTA,380,KATANGI,ST. STEPHEN KALALA CATHOLIC CHURCH
16,MACHAKOS,76,YATTA,380,KATANGI,KIKUYUNI PRIMARY SCHOOL
16,MACHAKOS,76,YATTA,380,KATANGI,MEKILINGI PRIMARY SCHOOL
16,MACHAKOS,76,YATTA,380,KATANGI,MOMBUNI PRIMARY SCHOOL
16,MACHAKOS,76,YATTA,380,KATANGI,KYUA PRIMARY SCHOOL
16,MACHAKOS,76,YATTA,380,KATANGI,MBUINI PRIMARY SCHOOL
16,MACHAKOS,76,YATTA,380,KATANGI,KIAMANI PRIMARY SCHOOL
16,MACHAKOS,76,YATTA,380,KATANGI,SYOKISINGA PRIMARY SCHOOL
16,MACHAKOS,76,YATTA,380,KATANGI,NGUMBULU PRIMARY SCHOOL
16,MACHAKOS,76,YATTA,380,KATANGI,KAKUNIKE PRIMARY SCHOOL
16,MACHAKOS,76,YATTA,380,KATANGI,KIKENEANI PRIMARY SCHOOL
16,MACHAKOS,76,YATTA,380,KATANGI,KIUUKUNI PRIMARY SCHOOL
16,MACHAKOS,76,YATTA,380,KATANGI,KATANGI PRIMARY SCHOOL
16,MACHAKOS,76,YATTA,380,KATANGI,KALULINI PRIMARY SCHOOL
16,MACHAKOS,76,YATTA,380,KATANGI,YUMBUNI PRIMARY SCHOOL
16,MACHAKOS,76,YATTA,380,KATANGI,JIMMY HILL(KIUSYANI) PRIMARY SCHOOL
16,MACHAKOS,76,YATTA,380,KATANGI,KITHONI ECDE
16,MACHAKOS,76,YATTA,380,KATANGI,MWAANI ECDE
16,MACHAKOS,76,YATTA,380,KATANGI,IVUTU PRIMARY SCHOOL
16,MACHAKOS,76,YATTA,380,KATANGI,KISESINI CATHOLIC CHURCH
16,MACHAKOS,76,YATTA,380,KATANGI,THOME FEEDER ECDE
16,MACHAKOS,76,YATTA,380,KATANGI,A.I.C MATHITHA
16,MACHAKOS,76,YATTA,380,KATANGI,ITITU A.I.C
16,MACHAKOS,76,YATTA,380,KATANGI,UTUMONI A.I.C
16,MACHAKOS,77,KANGUNDO,381,KANGUNDO NORTH,ABC KATHITHYAMAA PRIMARY SCHOOL
16,MACHAKOS,77,KANGUNDO,381,KANGUNDO NORTH,MATUNGULU AIC PRIMARY SCHOOL
16,MACHAKOS,77,KANGUNDO,381,KANGUNDO NORTH,KITWII BOYS PRIMARY SCHOOL
16,MACHAKOS,77,KANGUNDO,381,KANGUNDO NORTH,KAWAUNI PRIMARY SCHOOL
16,MACHAKOS,77,KANGUNDO,381,KANGUNDO NORTH,KANZALU HILL PRIMARY SCHOOL
16,MACHAKOS,77,KANGUNDO,381,KANGUNDO NORTH,KIKAMBUANI PRIMARY SCHOOL
16,MACHAKOS,77,KANGUNDO,381,KANGUNDO NORTH,KWA NDIU PRIMARY SCHOOL
16,MACHAKOS,77,KANGUNDO,381,KANGUNDO NORTH,KYELENDU PRIMARY SCHOOL
16,MACHAKOS,77,KANGUNDO,381,KANGUNDO NORTH,ST. MARTIN KITWII PRIMARY SCHOOL
16,MACHAKOS,77,KANGUNDO,381,KANGUNDO NORTH,MIKOIKONI DEB PRIMARY SCHOOL
16,MACHAKOS,77,KANGUNDO,381,KANGUNDO NORTH,KIVULUNI PRIMARY SCHOOL
16,MACHAKOS,77,KANGUNDO,381,KANGUNDO NORTH,KAMUTONGA PRIMARY SCHOOL
16,MACHAKOS,77,KANGUNDO,381,KANGUNDO NORTH,ITUUSYA PRIMARY SCHOOL
16,MACHAKOS,77,KANGUNDO,381,KANGUNDO NORTH,ST FRANCIS PRIMARY SCHOOL (MISYANI)
16,MACHAKOS,77,KANGUNDO,381,KANGUNDO NORTH,ABC KATHITHYAMAA SECONDARY SCHOOL
16,MACHAKOS,77,KANGUNDO,381,KANGUNDO NORTH,IKULU NURSERY SCHOOL
16,MACHAKOS,77,KANGUNDO,381,KANGUNDO NORTH,KATHINZIONI NURSERY SCHOOL
16,MACHAKOS,77,KANGUNDO,381,KANGUNDO NORTH,KAWAUNI SECONDARY SCHOOL
16,MACHAKOS,77,KANGUNDO,381,KANGUNDO NORTH,KIKAMBUANI AIC SECONDARY SCHOOL
16,MACHAKOS,77,KANGUNDO,381,KANGUNDO NORTH,ST. MARTINS' KITWII SECONDARY SCHOOL
16,MACHAKOS,77,KANGUNDO,381,KANGUNDO NORTH,KWA MBALU PRIMARY SCHOOL
16,MACHAKOS,77,KANGUNDO,381,KANGUNDO NORTH,KWA MWILILE DEB PRIMARY SCHOOL
16,MACHAKOS,77,KANGUNDO,381,KANGUNDO NORTH,MISYANI YOUTH POLYTECHNIC
16,MACHAKOS,77,KANGUNDO,381,KANGUNDO NORTH,ST MICHAEL UNYUANI SECONDARY SCHOOL
16,MACHAKOS,77,KANGUNDO,381,KANGUNDO NORTH,UNYUANI COFFEE FACTORY OFFICES
16,MACHAKOS,77,KANGUNDO,382,KANGUNDO CENTRAL,KILALANI DEB PRIMARY SCHOOL
16,MACHAKOS,77,KANGUNDO,382,KANGUNDO CENTRAL,A.I.C MATETANI PRIMARY SCHOOL
16,MACHAKOS,77,KANGUNDO,382,KANGUNDO CENTRAL,MULINGANA PRIMARY SCHOOL
16,MACHAKOS,77,KANGUNDO,382,KANGUNDO CENTRAL,KAMBAI PRIMARY SCHOOL
16,MACHAKOS,77,KANGUNDO,382,KANGUNDO CENTRAL,KANGUNDO SOCIAL HALL
16,MACHAKOS,77,KANGUNDO,382,KANGUNDO CENTRAL,AIC KANGUNDO PRIMARY SCHOOL
16,MACHAKOS,77,KANGUNDO,382,KANGUNDO CENTRAL,ABC MASEWANI PRIMARY SCHOOL
16,MACHAKOS,77,KANGUNDO,382,KANGUNDO CENTRAL,KYAI PRIMARY SCHOOL
16,MACHAKOS,77,KANGUNDO,382,KANGUNDO CENTRAL,KANZOKEA PRIMARY SCHOOL
16,MACHAKOS,77,KANGUNDO,382,KANGUNDO CENTRAL,NGULINI PRIMARY SCHOOL
16,MACHAKOS,77,KANGUNDO,382,KANGUNDO CENTRAL,KYAAKA PRIMARY SCHOOL
16,MACHAKOS,77,KANGUNDO,382,KANGUNDO CENTRAL,KANGUNDO HIGH SCHOOL
16,MACHAKOS,77,KANGUNDO,382,KANGUNDO CENTRAL,KANGUNDO MARKET HALL
16,MACHAKOS,77,KANGUNDO,382,KANGUNDO CENTRAL,KILALANI COFFEE FACTORY OFFICES
16,MACHAKOS,77,KANGUNDO,382,KANGUNDO CENTRAL,KITHUMUONI NURSERY SCHOOL
16,MACHAKOS,77,KANGUNDO,382,KANGUNDO CENTRAL,KWAMANGU COFFEE FACTORY OFFICES
16,MACHAKOS,77,KANGUNDO,382,KANGUNDO CENTRAL,MATETANI SECONDARY SCHOOL
16,MACHAKOS,77,KANGUNDO,382,KANGUNDO CENTRAL,MUISUNI COFFEE FACTORY OFFICES
16,MACHAKOS,77,KANGUNDO,382,KANGUNDO CENTRAL,KWA KITUNA NURSERY SCHOOL
16,MACHAKOS,77,KANGUNDO,383,KANGUNDO EAST,KATHIINI PRIMARY SCHOOL
16,MACHAKOS,77,KANGUNDO,383,KANGUNDO EAST,KWA KATHULE PRIMARY SCHOOL
16,MACHAKOS,77,KANGUNDO,383,KANGUNDO EAST,KATHOME DEB PRIMARY SCHOOL
16,MACHAKOS,77,KANGUNDO,383,KANGUNDO EAST,KAMANZI S.A PRIMARY SCHOOL
16,MACHAKOS,77,KANGUNDO,383,KANGUNDO EAST,IIA-ITUNE PRIMARY SCHOOL
16,MACHAKOS,77,KANGUNDO,383,KANGUNDO EAST,MATITHINI PRIMARY SCHOOL
16,MACHAKOS,77,KANGUNDO,383,KANGUNDO EAST,MIU ABC PRIMARY SCHOOL
16,MACHAKOS,77,KANGUNDO,383,KANGUNDO EAST,KITHUIANI PRIMARY SCHOOL
16,MACHAKOS,77,KANGUNDO,383,KANGUNDO EAST,NGOMANI PRIMARY SCHOOL
16,MACHAKOS,77,KANGUNDO,383,KANGUNDO EAST,KIVI DEB PRIMARY SCHOOL
16,MACHAKOS,77,KANGUNDO,383,KANGUNDO EAST,MUSUSYE PRIMARY SCHOOL
16,MACHAKOS,77,KANGUNDO,383,KANGUNDO EAST,KITHUNTHI S.A PRIMARY SCHOOL
16,MACHAKOS,77,KANGUNDO,383,KANGUNDO EAST,IMILINI SECONDARY SCHOOL
16,MACHAKOS,77,KANGUNDO,383,KANGUNDO EAST,KWA MWENZE PRIMARY SCHOOL
16,MACHAKOS,77,KANGUNDO,383,KANGUNDO EAST,KIVAANI TOWNSHIP PRIMARY SCHOOL
16,MACHAKOS,77,KANGUNDO,383,KANGUNDO EAST,MUKUYUNI S.A PRIMARY SCHOOL
16,MACHAKOS,77,KANGUNDO,383,KANGUNDO EAST,KAMANZI SECONDARY SCHOOL
16,MACHAKOS,77,KANGUNDO,383,KANGUNDO EAST,KAVILINGUNI HIGH SCHOOL
16,MACHAKOS,77,KANGUNDO,383,KANGUNDO EAST,KISEKINI NURSERY SCHOOL
16,MACHAKOS,77,KANGUNDO,383,KANGUNDO EAST,KWA KATHULE SECONDARY SCHOOL
16,MACHAKOS,77,KANGUNDO,383,KANGUNDO EAST,KYAANA COFFEE FACTORY OFFICES
16,MACHAKOS,77,KANGUNDO,384,KANGUNDO WEST,KAWETHEI SA PRIMARY SCHOOL
16,MACHAKOS,77,KANGUNDO,384,KANGUNDO WEST,KWA NDETO PRIMARY SCHOOL
16,MACHAKOS,77,KANGUNDO,384,KANGUNDO WEST,KIKALU PRIMARY SCHOOL
16,MACHAKOS,77,KANGUNDO,384,KANGUNDO WEST,KAWETHEI HGM PRIMARY SCHOOL
16,MACHAKOS,77,KANGUNDO,384,KANGUNDO WEST,KATHAANA PRIMARY SCHOOL
16,MACHAKOS,77,KANGUNDO,384,KANGUNDO WEST,KYEVALUKI PRIMARY SCHOOL
16,MACHAKOS,77,KANGUNDO,384,KANGUNDO WEST,KAKUTHA PRIMARY SCHOOL
16,MACHAKOS,77,KANGUNDO,384,KANGUNDO WEST,KAMWANYANI PRIMARY SCHOOL
16,MACHAKOS,77,KANGUNDO,384,KANGUNDO WEST,S.A SYANTHI PRIMARY SCHOOL
16,MACHAKOS,77,KANGUNDO,384,KANGUNDO WEST,KITONGI PRIMARY SCHOOL
16,MACHAKOS,77,KANGUNDO,384,KANGUNDO WEST,SYANAMU PRIMARY SCHOOL
16,MACHAKOS,77,KANGUNDO,384,KANGUNDO WEST,KAKUYUNI SECONDARY SCHOOL
16,MACHAKOS,77,KANGUNDO,384,KANGUNDO WEST,KAWETHEI SECONDARY SCHOOL
16,MACHAKOS,77,KANGUNDO,384,KANGUNDO WEST,KIKONDENI PRIMARY SCHOOL
16,MACHAKOS,77,KANGUNDO,384,KANGUNDO WEST,KILINDILONI PRIMARY SCHOOL
16,MACHAKOS,77,KANGUNDO,384,KANGUNDO WEST,KYEVALUKI SECONDARY SCHOOL
16,MACHAKOS,77,KANGUNDO,384,KANGUNDO WEST,MBUSYANI SECONDARY SCHOOL
16,MACHAKOS,77,KANGUNDO,384,KANGUNDO WEST,MUKUNIKE AIC PRIMARY SCHOOL
16,MACHAKOS,78,MATUNGULU,385,TALA,KATINE SA PRIMARY SCHOOL
16,MACHAKOS,78,MATUNGULU,385,TALA,TALA BOYS PRIMARY SCHOOL
16,MACHAKOS,78,MATUNGULU,385,TALA,KATINE HGM PRIMARY SCHOOL
16,MACHAKOS,78,MATUNGULU,385,TALA,SYANTHI HGM PRIMARY SCHOOL
16,MACHAKOS,78,MATUNGULU,385,TALA,TALA TOWNSHIP PRIMARY SCHOOL
16,MACHAKOS,78,MATUNGULU,385,TALA,KYAUME PRIMARY SCHOOL
16,MACHAKOS,78,MATUNGULU,385,TALA,KYAMULENDU PRIMARY SCHOOL
16,MACHAKOS,78,MATUNGULU,385,TALA,SENGANI PRIMARY SCHOOL
16,MACHAKOS,78,MATUNGULU,385,TALA,KIKAATINI PRIMARY SCHOOL
16,MACHAKOS,78,MATUNGULU,385,TALA,NGONDA TRADING CENTRE
16,MACHAKOS,78,MATUNGULU,385,TALA,KAENDE TRADING CENTRE
16,MACHAKOS,78,MATUNGULU,385,TALA,SENGANI GIRLS SECONDARY SCHOOL
16,MACHAKOS,78,MATUNGULU,385,TALA,TALA GIRLS HIGH SCHOOL
16,MACHAKOS,78,MATUNGULU,385,TALA,TALA GIRLS PRIMARY SCHOOL
16,MACHAKOS,78,MATUNGULU,385,TALA,MUKALWA PRIMARY SCHOOL
16,MACHAKOS,78,MATUNGULU,386,MATUNGULU NORTH,DONYO OL SABUK PRIMARY SCHOOL
16,MACHAKOS,78,MATUNGULU,386,MATUNGULU NORTH,KITAMBASYE PRIMARY SCHOOL
16,MACHAKOS,78,MATUNGULU,386,MATUNGULU NORTH,UAMANI PRIMARY SCHOOL
16,MACHAKOS,78,MATUNGULU,386,MATUNGULU NORTH,KISITIMANI PRIMARY SCHOOL
16,MACHAKOS,78,MATUNGULU,386,MATUNGULU NORTH,KAYATA PRIMARY SCHOOL
16,MACHAKOS,78,MATUNGULU,386,MATUNGULU NORTH,KIANZABE PRIMARY SCHOOL
16,MACHAKOS,78,MATUNGULU,386,MATUNGULU NORTH,KITULUNI PRIMARY SCHOOL
16,MACHAKOS,78,MATUNGULU,386,MATUNGULU NORTH,ITETANI PRIMARY SCHOOL
16,MACHAKOS,78,MATUNGULU,386,MATUNGULU NORTH,KYUMBUNI PRIMARY SCHOOL
16,MACHAKOS,78,MATUNGULU,386,MATUNGULU NORTH,DONYO COFFEE PRIMARY SCHOOL
16,MACHAKOS,78,MATUNGULU,386,MATUNGULU NORTH,KIBOKO SECONDARY SCHOOL
16,MACHAKOS,78,MATUNGULU,386,MATUNGULU NORTH,KATULYE SECONDARY SCHOOL
16,MACHAKOS,78,MATUNGULU,386,MATUNGULU NORTH,KWAMUTU PRIMARY SCHOOL
16,MACHAKOS,78,MATUNGULU,386,MATUNGULU NORTH,MITHINI TRADING CENTRE
16,MACHAKOS,78,MATUNGULU,387,MATUNGULU EAST,KATWANYAA PRIMARY SCHOOL
16,MACHAKOS,78,MATUNGULU,387,MATUNGULU EAST,KANZALU PRIMARY SCHOOL
16,MACHAKOS,78,MATUNGULU,387,MATUNGULU EAST,MATUNGULU DEB PRIMARY SCHOOL
16,MACHAKOS,78,MATUNGULU,387,MATUNGULU EAST,KATULUNI SA PRIMARY SCHOOL
16,MACHAKOS,78,MATUNGULU,387,MATUNGULU EAST,KINYUI SA PRIMARY SCHOOL
16,MACHAKOS,78,MATUNGULU,387,MATUNGULU EAST,KYEKOYO SA PRIMARY SCHOOL
16,MACHAKOS,78,MATUNGULU,387,MATUNGULU EAST,KATHEKA PRIMARY SCHOOL
16,MACHAKOS,78,MATUNGULU,387,MATUNGULU EAST,MISELENI SA NURSERY SCHOOL
16,MACHAKOS,78,MATUNGULU,387,MATUNGULU EAST,MWATATI PRIMARY SCHOOL
16,MACHAKOS,78,MATUNGULU,387,MATUNGULU EAST,ITHEUNI PRIMARY SCHOOL
16,MACHAKOS,78,MATUNGULU,387,MATUNGULU EAST,KING'OTI PRIMARY SCHOOL
16,MACHAKOS,78,MATUNGULU,387,MATUNGULU EAST,KAKULUTUINI PRIMARY SCHOOL
16,MACHAKOS,78,MATUNGULU,387,MATUNGULU EAST,KITHAAYONI PRIMARY SCHOOL
16,MACHAKOS,78,MATUNGULU,387,MATUNGULU EAST,KAMBUSU PRIMARY SCHOOL
16,MACHAKOS,78,MATUNGULU,387,MATUNGULU EAST,KINYUI GIRLS SECONDARY SCHOOL
16,MACHAKOS,78,MATUNGULU,387,MATUNGULU EAST,MATUNGULU GIRLS SECONDARY SCHOOL
16,MACHAKOS,78,MATUNGULU,387,MATUNGULU EAST,MUUMONI PRIMARY SCHOOL
16,MACHAKOS,78,MATUNGULU,387,MATUNGULU EAST,ST JOSEPH KATHEKA SECONDARY SCHOOL
16,MACHAKOS,78,MATUNGULU,388,MATUNGULU WEST,NDOVOINI PR SCH
16,MACHAKOS,78,MATUNGULU,388,MATUNGULU WEST,KWAKENI PRIMARY SCHOOL
16,MACHAKOS,78,MATUNGULU,388,MATUNGULU WEST,MATUNGULU EST. S.A PRIMARY SCHOOL
16,MACHAKOS,78,MATUNGULU,388,MATUNGULU WEST,KOMA-ROCK RANCH PRIMARY SCHOOL
16,MACHAKOS,78,MATUNGULU,388,MATUNGULU WEST,MATUU PRIMARY SCHOOL
16,MACHAKOS,78,MATUNGULU,388,MATUNGULU WEST,KWAKISINGA PRIMARY SCHOOL
16,MACHAKOS,78,MATUNGULU,388,MATUNGULU WEST,TALA SA PRIMARY SCHOOL
16,MACHAKOS,78,MATUNGULU,388,MATUNGULU WEST,MWISYANI PRIMARY SCHOOL
16,MACHAKOS,78,MATUNGULU,388,MATUNGULU WEST,UTOONI PRIMARY SCHOOL
16,MACHAKOS,78,MATUNGULU,388,MATUNGULU WEST,KITHUANI PRIMARY SCHOOL
16,MACHAKOS,78,MATUNGULU,388,MATUNGULU WEST,KILULUINI PRIMARY SCHOOL
16,MACHAKOS,78,MATUNGULU,388,MATUNGULU WEST,NGULUNI PRIMARY SCHOOL
16,MACHAKOS,78,MATUNGULU,388,MATUNGULU WEST,KWANGII PRIMARY SCHOOL
16,MACHAKOS,78,MATUNGULU,388,MATUNGULU WEST,KWATOMBE PRIMARY SCHOOL
16,MACHAKOS,78,MATUNGULU,388,MATUNGULU WEST,KISUKIONI PRIMARY SCHOOL
16,MACHAKOS,78,MATUNGULU,388,MATUNGULU WEST,MBUNI PRIMARY SCHOOL
16,MACHAKOS,78,MATUNGULU,388,MATUNGULU WEST,KANTAFU PRIMARY SCHOOL
16,MACHAKOS,78,MATUNGULU,388,MATUNGULU WEST,NGULUNI TOWNSHIP PRIMARY SCHOOL
16,MACHAKOS,78,MATUNGULU,388,MATUNGULU WEST,KYAMUTWOII YOUTH POLYTECHNIC
16,MACHAKOS,78,MATUNGULU,388,MATUNGULU WEST,NGULUNI AIC PRIMARY SCHOOL
16,MACHAKOS,78,MATUNGULU,388,MATUNGULU WEST,KAUMONI SA NURSERY SCHOOL
16,MACHAKOS,78,MATUNGULU,388,MATUNGULU WEST,KALANDINI SECONDARY SCHOOL
16,MACHAKOS,78,MATUNGULU,388,MATUNGULU WEST,KISUKIONI SECONDARY SCHOOL
16,MACHAKOS,78,MATUNGULU,388,MATUNGULU WEST,KOMA-HILL KIAMBA PRIMARY SCHOOL
16,MACHAKOS,78,MATUNGULU,388,MATUNGULU WEST,MATUU WENDANO SECONDARY SCHOOL
16,MACHAKOS,78,MATUNGULU,388,MATUNGULU WEST,MBIIANI PRIMARY SCHOOL
16,MACHAKOS,78,MATUNGULU,388,MATUNGULU WEST,MUKENGESYA SECONDARY SCHOOL
16,MACHAKOS,78,MATUNGULU,388,MATUNGULU WEST,S.A WENDANO PRIMARY SCHOOL
16,MACHAKOS,78,MATUNGULU,388,MATUNGULU WEST,JOSKA A TRADING CENTRE
16,MACHAKOS,78,MATUNGULU,388,MATUNGULU WEST,WENDANO NURSERY SCHOOL
16,MACHAKOS,78,MATUNGULU,388,MATUNGULU WEST,TALA HIGH SCHOOL
16,MACHAKOS,78,MATUNGULU,389,KYELENI,NDULYA PRIMARY SCHOOL
16,MACHAKOS,78,MATUNGULU,389,KYELENI,KWA SYOKIMANZA PRIMARY SCHOOL
16,MACHAKOS,78,MATUNGULU,389,KYELENI,KYELENI PRIMARY SCHOOL
16,MACHAKOS,78,MATUNGULU,389,KYELENI,SYUMBUNI PRIMARY SCHOOL
16,MACHAKOS,78,MATUNGULU,389,KYELENI,NGALALYA PRIMARY SCHOOL
16,MACHAKOS,78,MATUNGULU,389,KYELENI,KASIONI PRIMARY SCHOOL
16,MACHAKOS,78,MATUNGULU,389,KYELENI,KIATINENI PRIMARY SCHOOL
16,MACHAKOS,78,MATUNGULU,389,KYELENI,KISEKINI PRIMARY SCHOOL
16,MACHAKOS,78,MATUNGULU,389,KYELENI,KOLPIN SOCIAL HALL
16,MACHAKOS,78,MATUNGULU,389,KYELENI,KWALE YOUTH POLYTECHNIC
16,MACHAKOS,78,MATUNGULU,389,KYELENI,MILILU PRIMARY SCHOOL
16,MACHAKOS,79,KATHIANI,390,MITABONI,MITABONI PRIMARY SCHOOL
16,MACHAKOS,79,KATHIANI,390,MITABONI,MUONYWENI PRIMARY SCHOOL
16,MACHAKOS,79,KATHIANI,390,MITABONI,MWANG'A PRIMARY SCHOOL
16,MACHAKOS,79,KATHIANI,390,MITABONI,KOMAROCK PRIMARY SCHOOL
16,MACHAKOS,79,KATHIANI,390,MITABONI,MIUMBUNI PRIMARY SCHOOL
16,MACHAKOS,79,KATHIANI,390,MITABONI,MATHUNYA PRIMARY SCHOOL
16,MACHAKOS,79,KATHIANI,390,MITABONI,KALIKYA PRIMARY SCHOOL
16,MACHAKOS,79,KATHIANI,390,MITABONI,THINU PRIMARY SCHOOL
16,MACHAKOS,79,KATHIANI,390,MITABONI,KWA MUUNDA PRIMARY SCHOOL
16,MACHAKOS,79,KATHIANI,390,MITABONI,MAANZONI PRIMARY SCHOOL
16,MACHAKOS,79,KATHIANI,390,MITABONI,KITULU PRIMARY SCHOOL
16,MACHAKOS,79,KATHIANI,390,MITABONI,KING'ONG'OI PRIMARY SCHOOL
16,MACHAKOS,79,KATHIANI,390,MITABONI,KALAMBYA PRIMARY SCHOOL
16,MACHAKOS,79,KATHIANI,390,MITABONI,KASOVYA PRIMARY SCHOOL
16,MACHAKOS,79,KATHIANI,390,MITABONI,AIC MITABONI ECD
16,MACHAKOS,79,KATHIANI,391,KATHIANI CENTRAL,MUKANYI PRIMARY SCHOOL
16,MACHAKOS,79,KATHIANI,391,KATHIANI CENTRAL,NGOLENI PRIMARY SCHOOL
16,MACHAKOS,79,KATHIANI,391,KATHIANI CENTRAL,LUMBWA PRIMARY SCHOOL
16,MACHAKOS,79,KATHIANI,391,KATHIANI CENTRAL,KAIANI PRIMARY SCHOOL
16,MACHAKOS,79,KATHIANI,391,KATHIANI CENTRAL,MUTONDONI PRIMARY SCHOOL
16,MACHAKOS,79,KATHIANI,391,KATHIANI CENTRAL,MBEE PRIMARY SCHOOL
16,MACHAKOS,79,KATHIANI,391,KATHIANI CENTRAL,KIKATA PRIMARY SCHOOL
16,MACHAKOS,79,KATHIANI,391,KATHIANI CENTRAL,KWANZIMBI PRIMARY SCHOOL
16,MACHAKOS,79,KATHIANI,391,KATHIANI CENTRAL,KIKUNUANI PRIMARY SCHOOL
16,MACHAKOS,79,KATHIANI,391,KATHIANI CENTRAL,KITIE PRIMARY SCHOOL
16,MACHAKOS,79,KATHIANI,391,KATHIANI CENTRAL,MUTITU NURSERY SCHOOL
16,MACHAKOS,79,KATHIANI,391,KATHIANI CENTRAL,MIVANDONI PRIMARY SCHOOL
16,MACHAKOS,79,KATHIANI,391,KATHIANI CENTRAL,KITAMULU ECD NURSERY SCHOOL
16,MACHAKOS,79,KATHIANI,391,KATHIANI CENTRAL,KALANDINI ECD NURSERY SCHOOL
16,MACHAKOS,79,KATHIANI,391,KATHIANI CENTRAL,KYULUNI PRIMARY SCHOOL
16,MACHAKOS,79,KATHIANI,392,UPPER KAEWA/IVETI,KAEWA PRIMARY SCHOOL
16,MACHAKOS,79,KATHIANI,392,UPPER KAEWA/IVETI,NG'ELENI PRIMARY SCHOOL
16,MACHAKOS,79,KATHIANI,392,UPPER KAEWA/IVETI,KALUNGA PRIMARY SCHOOL
16,MACHAKOS,79,KATHIANI,392,UPPER KAEWA/IVETI,KYAMWEE PRIMARY SCHOOL
16,MACHAKOS,79,KATHIANI,392,UPPER KAEWA/IVETI,KIKAWANI PRIMARY SCHOOL
16,MACHAKOS,79,KATHIANI,392,UPPER KAEWA/IVETI,KITULI PRIMARY SCHOOL
16,MACHAKOS,79,KATHIANI,392,UPPER KAEWA/IVETI,MITHANGA PRIMARY SCHOOL
16,MACHAKOS,79,KATHIANI,392,UPPER KAEWA/IVETI,IKOLENI PRIMARY SCHOOL
16,MACHAKOS,79,KATHIANI,392,UPPER KAEWA/IVETI,KITENG'EI PRIMARY SCHOOL
16,MACHAKOS,79,KATHIANI,392,UPPER KAEWA/IVETI,KATHALANI PRIMARY SCHOOL
16,MACHAKOS,79,KATHIANI,392,UPPER KAEWA/IVETI,MUTUMBINI PRIMARY SCHOOL
16,MACHAKOS,79,KATHIANI,392,UPPER KAEWA/IVETI,ISOONI PRIMARY SCHOOL
16,MACHAKOS,79,KATHIANI,392,UPPER KAEWA/IVETI,KAVIANI PRIMARY SCHOOL
16,MACHAKOS,79,KATHIANI,392,UPPER KAEWA/IVETI,IVETI PRIMARY SCHOOL
16,MACHAKOS,79,KATHIANI,392,UPPER KAEWA/IVETI,AIC KAVIANI NURSERY SCHOOL
16,MACHAKOS,79,KATHIANI,392,UPPER KAEWA/IVETI,KWANGOLYA PRIMARY SCHOOL
16,MACHAKOS,79,KATHIANI,392,UPPER KAEWA/IVETI,KYAMWEE YOUTH POLYTECHNIC
16,MACHAKOS,79,KATHIANI,392,UPPER KAEWA/IVETI,MANG'AANI PRIMARY SCHOOL
16,MACHAKOS,79,KATHIANI,393,LOWER KAEWA/KAANI,KAUTI PRIMARY SCHOOL
16,MACHAKOS,79,KATHIANI,393,LOWER KAEWA/KAANI,KOMBU PRIMARY SCHOOL
16,MACHAKOS,79,KATHIANI,393,LOWER KAEWA/KAANI,ITHAENI PRIMARY SCHOOL
16,MACHAKOS,79,KATHIANI,393,LOWER KAEWA/KAANI,KITHUNGUINI PRIMARY SCHOOL
16,MACHAKOS,79,KATHIANI,393,LOWER KAEWA/KAANI,KAANI PRIMARY SCHOOL
16,MACHAKOS,79,KATHIANI,393,LOWER KAEWA/KAANI,MBUUNI PRIMARY SCHOOL
16,MACHAKOS,79,KATHIANI,393,LOWER KAEWA/KAANI,IMILINI PRIMARY SCHOOL
16,MACHAKOS,79,KATHIANI,393,LOWER KAEWA/KAANI,KIKOMBI PRIMARY SCHOOL
16,MACHAKOS,79,KATHIANI,393,LOWER KAEWA/KAANI,KITUVU PRIMARY SCHOOL
16,MACHAKOS,79,KATHIANI,393,LOWER KAEWA/KAANI,MAKUMBINI PRIMARY SCHOOL
16,MACHAKOS,79,KATHIANI,393,LOWER KAEWA/KAANI,GENERAL MULINGE PRIMARY SCHOOL
16,MACHAKOS,79,KATHIANI,393,LOWER KAEWA/KAANI,YANZONG'A PRIMARY SCHOOL
16,MACHAKOS,79,KATHIANI,393,LOWER KAEWA/KAANI,NZAIKONI PRIMARY SCHOOL
16,MACHAKOS,79,KATHIANI,393,LOWER KAEWA/KAANI,KATHUNI PRIMARY SCHOOL
16,MACHAKOS,79,KATHIANI,393,LOWER KAEWA/KAANI,W'UUTINI PRIMARY SCHOOL
16,MACHAKOS,79,KATHIANI,393,LOWER KAEWA/KAANI,WANDATHE ECD NURSERY SCHOOL
16,MACHAKOS,79,KATHIANI,393,LOWER KAEWA/KAANI,MUTHALA PRIMARY SCHOOL
16,MACHAKOS,79,KATHIANI,393,LOWER KAEWA/KAANI,KATULYA PRIMARY SCHOOL
16,MACHAKOS,79,KATHIANI,393,LOWER KAEWA/KAANI,NGUKUMANI COFFEE FACTORY
16,MACHAKOS,80,MAVOKO,394,ATHI RIVER,ATHI RIVER PRIMARY SCHOOL
16,MACHAKOS,80,MAVOKO,394,ATHI RIVER,MOTHER TERESA ACADEMY
16,MACHAKOS,80,MAVOKO,394,ATHI RIVER,PATMON JUNIOR SCHOOL
16,MACHAKOS,80,MAVOKO,394,ATHI RIVER,KMC PRIMARY SCHOOL
16,MACHAKOS,80,MAVOKO,394,ATHI RIVER,ATHI RIVER SOCIAL HALL
16,MACHAKOS,80,MAVOKO,394,ATHI RIVER,IMANI PRE-SCHOOL MAKADARA
16,MACHAKOS,80,MAVOKO,394,ATHI RIVER,MAVOKO PRIMARY SCHOOL
16,MACHAKOS,80,MAVOKO,394,ATHI RIVER,EMPAKASI PRIMARY SCHOOL
16,MACHAKOS,80,MAVOKO,394,ATHI RIVER,OLOSHAIKI PRIMARY SCHOOL
16,MACHAKOS,80,MAVOKO,394,ATHI RIVER,KASUITU PRIMARY SCHOOL
16,MACHAKOS,80,MAVOKO,394,ATHI RIVER,KANAANI PRIMARY SCHOOL
16,MACHAKOS,80,MAVOKO,394,ATHI RIVER,ST.PAULS PRIMARY SCHOOL
16,MACHAKOS,80,MAVOKO,394,ATHI RIVER,ATHIRIVER POLYTECHNIC
16,MACHAKOS,80,MAVOKO,394,ATHI RIVER,ATHI RIVER SECONDARY SCHOOL
16,MACHAKOS,80,MAVOKO,394,ATHI RIVER,MAVUNO CHURCH
16,MACHAKOS,80,MAVOKO,394,ATHI RIVER,MAVOKO SECONDARY SCHOOL
16,MACHAKOS,80,MAVOKO,394,ATHI RIVER,FANAKA SCHOOL-KAANI
16,MACHAKOS,80,MAVOKO,394,ATHI RIVER,KWA-MANGELI PRIMARY SCHOOL
16,MACHAKOS,80,MAVOKO,395,KINANIE,KALIMANI PRIMARY SCHOOL
16,MACHAKOS,80,MAVOKO,395,KINANIE,KYUMBI SECONDARY SCHOOL
16,MACHAKOS,80,MAVOKO,395,KINANIE,MOUNTAIN VIEW PRIMARY SCHOOL
16,MACHAKOS,80,MAVOKO,395,KINANIE,DAYSTAR MULANDI PRIMARY SCHOOL
16,MACHAKOS,80,MAVOKO,395,KINANIE,MATHATANI PRIMARY SCHOOL
16,MACHAKOS,80,MAVOKO,395,KINANIE,KYUMBI PRIMARY SCHOOL
16,MACHAKOS,80,MAVOKO,395,KINANIE,KYUMBI TRADING CENTRE
16,MACHAKOS,80,MAVOKO,395,KINANIE,WATHIA PRIMARY SCHOOL
16,MACHAKOS,80,MAVOKO,395,KINANIE,KYEMUTHEKE PRIMARY SCHOOL
16,MACHAKOS,80,MAVOKO,395,KINANIE,KIMONGO COMMUNITY NURSERY SCHOOL
16,MACHAKOS,80,MAVOKO,395,KINANIE,KIASA PRIMARY SCHOOL
16,MACHAKOS,80,MAVOKO,396,MUTHWANI,NGELANI RANCH PRIMARY SCHOOL
16,MACHAKOS,80,MAVOKO,396,MUTHWANI,KATANI PRIMARY SCHOOL
16,MACHAKOS,80,MAVOKO,396,MUTHWANI,MUTHWANI PRIMARY SCHOOL
16,MACHAKOS,80,MAVOKO,396,MUTHWANI,NGA'LALYA PRIMARY SCHOOL
16,MACHAKOS,80,MAVOKO,396,MUTHWANI,GITHUNGURI JETVIEW PRIMARY SCHOOL
16,MACHAKOS,80,MAVOKO,396,MUTHWANI,JOSKA MARKET
16,MACHAKOS,80,MAVOKO,396,MUTHWANI,KAMULU DEB PRIMARY SCHOOL
16,MACHAKOS,80,MAVOKO,396,MUTHWANI,IVOVOANI PRIMARY SCHOOL
16,MACHAKOS,80,MAVOKO,396,MUTHWANI,IVALINI DEB PRIMARY SCHOOL
16,MACHAKOS,80,MAVOKO,396,MUTHWANI,ST FRANCIS OF ASSIS PRIMARY SCHOOL
16,MACHAKOS,80,MAVOKO,396,MUTHWANI,KWA KALUSYA PRIMARY SCHOOL
16,MACHAKOS,80,MAVOKO,396,MUTHWANI,NZOIANI PRIMARY SCHOOL
16,MACHAKOS,80,MAVOKO,396,MUTHWANI,SEME PRIMARY SCHOOL
16,MACHAKOS,80,MAVOKO,396,MUTHWANI,AIRWAYS SECONDARY SCHOOL
16,MACHAKOS,80,MAVOKO,396,MUTHWANI,MITATINI PRIMARY SCHOOL
16,MACHAKOS,80,MAVOKO,396,MUTHWANI,GITHUNGURI KAG
16,MACHAKOS,80,MAVOKO,396,MUTHWANI,MISSION OF HOPE
16,MACHAKOS,80,MAVOKO,397,SYOKIMAU/MULOLONGO,MULOLONGO PRIMARY SCHOOL
16,MACHAKOS,80,MAVOKO,397,SYOKIMAU/MULOLONGO,SYOKIMAU BORE HOLE
16,MACHAKOS,80,MAVOKO,397,SYOKIMAU/MULOLONGO,SYOKIMAU/MULOLONGO HEALTH CENTER
16,MACHAKOS,80,MAVOKO,397,SYOKIMAU/MULOLONGO,SABAKI -CATHOLIC GROUNDS
16,MACHAKOS,80,MAVOKO,397,SYOKIMAU/MULOLONGO,LIBERTY GROUNDS
16,MACHAKOS,80,MAVOKO,397,SYOKIMAU/MULOLONGO,FIRE-MINISTRY CHURCH-KATHANGAITA
16,MACHAKOS,80,MAVOKO,397,SYOKIMAU/MULOLONGO,SYOKIMAU DISPENSARY
16,MACHAKOS,80,MAVOKO,397,SYOKIMAU/MULOLONGO,MAVOKO SNP PRIMARY SCHOOL
16,MACHAKOS,80,MAVOKO,397,SYOKIMAU/MULOLONGO,NGWATA PRIMARY SCHOOL
16,MACHAKOS,81,MACHAKOS TOWN,398,KALAMA,MBEMBANI PRIMARY SCHOOL.
16,MACHAKOS,81,MACHAKOS TOWN,398,KALAMA,KATUMANI PRIMARY SCHOOL.
16,MACHAKOS,81,MACHAKOS TOWN,398,KALAMA,KYANGALA SECONDARY SCHOOL.
16,MACHAKOS,81,MACHAKOS TOWN,398,KALAMA,KYANGALA PRIMARY SCHOOL.
16,MACHAKOS,81,MACHAKOS TOWN,398,KALAMA,KIMUTWA PRIMARY SCHOOL.
16,MACHAKOS,81,MACHAKOS TOWN,398,KALAMA,LOVE PRIMARY SCHOOL.
16,MACHAKOS,81,MACHAKOS TOWN,398,KALAMA,KAATHI PRIMARY SCHOOL.
16,MACHAKOS,81,MACHAKOS TOWN,398,KALAMA,KISUENI S.A PRIMARY SCHOOL.
16,MACHAKOS,81,MACHAKOS TOWN,398,KALAMA,IVUTINI PRIMARY SCHOOL.
16,MACHAKOS,81,MACHAKOS TOWN,398,KALAMA,KIATUNI PRIMARY SCHOOL.
16,MACHAKOS,81,MACHAKOS TOWN,398,KALAMA,KAKALYA NURSERY SCHOOL.
16,MACHAKOS,81,MACHAKOS TOWN,398,KALAMA,KYANDILI PRIMARY SCHOOL.
16,MACHAKOS,81,MACHAKOS TOWN,398,KALAMA,MUTHUMO PRIMARY SCHOOL.
16,MACHAKOS,81,MACHAKOS TOWN,398,KALAMA,KYAVITI PRIMARY SCHOOL.
16,MACHAKOS,81,MACHAKOS TOWN,398,KALAMA,IIANI PRIMARY SCHOOL.
16,MACHAKOS,81,MACHAKOS TOWN,398,KALAMA,KONZA PRIMARY SCHOOL.
16,MACHAKOS,81,MACHAKOS TOWN,398,KALAMA,MAKAKOI PRIMARY SCHOOL
16,MACHAKOS,81,MACHAKOS TOWN,398,KALAMA,KAMWELENI PRIMARY SCHOOL.
16,MACHAKOS,81,MACHAKOS TOWN,398,KALAMA,KYANZASU PRIMARY SCHOOL.
16,MACHAKOS,81,MACHAKOS TOWN,398,KALAMA,KANYONGO PRIMARY SCHOOL
16,MACHAKOS,81,MACHAKOS TOWN,398,KALAMA,MIWANI PRIMARY SCHOOL.
16,MACHAKOS,81,MACHAKOS TOWN,398,KALAMA,MANG'AUNI PRIMARY SCHOOL
16,MACHAKOS,81,MACHAKOS TOWN,398,KALAMA,MBUKUNI PRIMARY SCHOOL.
16,MACHAKOS,81,MACHAKOS TOWN,398,KALAMA,ULAANI PRIMARY SCHOOL.
16,MACHAKOS,81,MACHAKOS TOWN,398,KALAMA,KISYANI PRIMARY SCHOOL.
16,MACHAKOS,81,MACHAKOS TOWN,398,KALAMA,MASAANI PRIMARY SCHOOL.
16,MACHAKOS,81,MACHAKOS TOWN,398,KALAMA,MUTUYU PRIMARY SCHOOL.
16,MACHAKOS,81,MACHAKOS TOWN,398,KALAMA,KALAMA PRIMARY SCHOOL.
16,MACHAKOS,81,MACHAKOS TOWN,398,KALAMA,KWA KAVOO PRIMARY SCHOOL
16,MACHAKOS,81,MACHAKOS TOWN,398,KALAMA,MULAANI PRIMARY SCHOOL
16,MACHAKOS,81,MACHAKOS TOWN,398,KALAMA,KINOI PRIMARY SCHOOL
16,MACHAKOS,81,MACHAKOS TOWN,399,MUA,MUA FARM PRIMARY SCHOOL
16,MACHAKOS,81,MACHAKOS TOWN,399,MUA,KATHOME TRADING CENTRE
16,MACHAKOS,81,MACHAKOS TOWN,399,MUA,MEDICAL TRAINING CENTRE
16,MACHAKOS,81,MACHAKOS TOWN,399,MUA,KIMUA PRIMARY SCHOOL.
16,MACHAKOS,81,MACHAKOS TOWN,399,MUA,KATELEMBU PRIMARY SCHOOL .
16,MACHAKOS,81,MACHAKOS TOWN,399,MUA,KYANDA PRIMARY SCHOOL.
16,MACHAKOS,81,MACHAKOS TOWN,399,MUA,KATHIMANI PRIMARY SCHOOL.
16,MACHAKOS,81,MACHAKOS TOWN,399,MUA,KITANGA PRIMARY SCHOOL.
16,MACHAKOS,81,MACHAKOS TOWN,399,MUA,MAKYAU PRIMARY SCHOOL.
16,MACHAKOS,81,MACHAKOS TOWN,399,MUA,VOTA PRIMARY SCHOOL.
16,MACHAKOS,81,MACHAKOS TOWN,399,MUA,MIKUYU PRIMARY SCHOOL.
16,MACHAKOS,81,MACHAKOS TOWN,399,MUA,KATHEKA KAI PRIMARY SCHOOL.
16,MACHAKOS,81,MACHAKOS TOWN,399,MUA,KATHEKA KAI SECONDARY SCHOOL.
16,MACHAKOS,81,MACHAKOS TOWN,399,MUA,KYAANI PRIMARY SCHOOL.
16,MACHAKOS,81,MACHAKOS TOWN,399,MUA,KYASILA PRIMARY SCHOOL.
16,MACHAKOS,81,MACHAKOS TOWN,399,MUA,ST. FRANCIS KAVOVI PRIMARY SCHOOL
16,MACHAKOS,81,MACHAKOS TOWN,400,MUTITUNI,KASAINI PRIMARY SCHOOL.
16,MACHAKOS,81,MACHAKOS TOWN,400,MUTITUNI,NGELANI PRIMARY SCHOOL.
16,MACHAKOS,81,MACHAKOS TOWN,400,MUTITUNI,METUMA PRIMARY SCHOOL.
16,MACHAKOS,81,MACHAKOS TOWN,400,MUTITUNI,KITHIMA PRIMARY SCHOOL.
16,MACHAKOS,81,MACHAKOS TOWN,400,MUTITUNI,KAMUTHANGA S.A PRIMARY SCHOOL.
16,MACHAKOS,81,MACHAKOS TOWN,400,MUTITUNI,MUTITUNI PRIMARY SCHOOL.
16,MACHAKOS,81,MACHAKOS TOWN,400,MUTITUNI,KITEINI PRIMARY SCHOOL.
16,MACHAKOS,81,MACHAKOS TOWN,400,MUTITUNI,MBUKONI PRIMARY SCHOOL.
16,MACHAKOS,81,MACHAKOS TOWN,400,MUTITUNI,KIVUTINI PRIMARY SCHOOL.
16,MACHAKOS,81,MACHAKOS TOWN,400,MUTITUNI,KEAA PRIMARY SCHOOL
16,MACHAKOS,81,MACHAKOS TOWN,400,MUTITUNI,KISEKINI SALVATION ARMY CHURCH
16,MACHAKOS,81,MACHAKOS TOWN,400,MUTITUNI,KWA KITAA PRIMARY SCHOOL
16,MACHAKOS,81,MACHAKOS TOWN,400,MUTITUNI,YUMBANI OPEN GROUNDS
16,MACHAKOS,81,MACHAKOS TOWN,401,MACHAKOS CENTRAL,IKOKANI PRIMARY SCHOOL.
16,MACHAKOS,81,MACHAKOS TOWN,401,MACHAKOS CENTRAL,KUSYOMUOMO PRIMARY SCHOOL.
16,MACHAKOS,81,MACHAKOS TOWN,401,MACHAKOS CENTRAL,BAPTIST PRIMARY SCHOOL.
16,MACHAKOS,81,MACHAKOS TOWN,401,MACHAKOS CENTRAL,KITHAAYONI YOUTH POLYTECHNIC
16,MACHAKOS,81,MACHAKOS TOWN,401,MACHAKOS CENTRAL,MUKALALA NURSERY SCHOOL.
16,MACHAKOS,81,MACHAKOS TOWN,401,MACHAKOS CENTRAL,MACHAKOS TEACHERS TRAINING COLLEGE
16,MACHAKOS,81,MACHAKOS TOWN,401,MACHAKOS CENTRAL,KYUMBA PRIMARY SCHOOL
16,MACHAKOS,81,MACHAKOS TOWN,401,MACHAKOS CENTRAL,MISAKWANI PRIMARY SCHOOL
16,MACHAKOS,81,MACHAKOS TOWN,401,MACHAKOS CENTRAL,KYAMBUKO PRIMARY SCHOOL
16,MACHAKOS,81,MACHAKOS TOWN,401,MACHAKOS CENTRAL,ST.MARY'S GIRLS PRIMARY SCHOOL
16,MACHAKOS,81,MACHAKOS TOWN,401,MACHAKOS CENTRAL,MUSLIM PRIMARY SCHOOL.
16,MACHAKOS,81,MACHAKOS TOWN,401,MACHAKOS CENTRAL,MACHAKOS SCHOOL FOR THE DEAF.
16,MACHAKOS,81,MACHAKOS TOWN,401,MACHAKOS CENTRAL,ST.MARY'S BOYS PRIMARY SCHOOL
16,MACHAKOS,81,MACHAKOS TOWN,401,MACHAKOS CENTRAL,EASTLEIGH NURSERY SCHOOL.
16,MACHAKOS,81,MACHAKOS TOWN,401,MACHAKOS CENTRAL,MACHAKOS PRIMARY SCHOOL.
16,MACHAKOS,81,MACHAKOS TOWN,401,MACHAKOS CENTRAL,MACHAKOS RECREATIONAL PARK
16,MACHAKOS,81,MACHAKOS TOWN,401,MACHAKOS CENTRAL,MUMBUNI PRIMARY SCHOOL.
16,MACHAKOS,81,MACHAKOS TOWN,401,MACHAKOS CENTRAL,KENYATTA STADIUM MACHAKOS
16,MACHAKOS,81,MACHAKOS TOWN,401,MACHAKOS CENTRAL,MACHAKOS LEVEL 5 GENERAL HOSPITAL.
16,MACHAKOS,81,MACHAKOS TOWN,401,MACHAKOS CENTRAL,PUBLIC WORKS OPEN GROUND
16,MACHAKOS,81,MACHAKOS TOWN,402,MUMBUNI NORTH,MANZA PRIMARY SCHOOL.
16,MACHAKOS,81,MACHAKOS TOWN,402,MUMBUNI NORTH,KASINGA PRIMARY SCHOOL.
16,MACHAKOS,81,MACHAKOS TOWN,402,MUMBUNI NORTH,KIANGINI PRIMARY SCHOOL.
16,MACHAKOS,81,MACHAKOS TOWN,402,MUMBUNI NORTH,IVUMBUNI PRIMARY SCHOOL.
16,MACHAKOS,81,MACHAKOS TOWN,402,MUMBUNI NORTH,MIWONGONI PRIMARY SCHOOL.
16,MACHAKOS,81,MACHAKOS TOWN,402,MUMBUNI NORTH,KYANGULI PRIMARY SCHOOL.
16,MACHAKOS,81,MACHAKOS TOWN,402,MUMBUNI NORTH,KATHESE PRIMARY SCHOOL.
16,MACHAKOS,81,MACHAKOS TOWN,402,MUMBUNI NORTH,MUNG'ALA PRIMARY SCHOOL
16,MACHAKOS,81,MACHAKOS TOWN,402,MUMBUNI NORTH,AIC MANZA HEKIMA ACADEMY
16,MACHAKOS,81,MACHAKOS TOWN,402,MUMBUNI NORTH,AIC JERUSALEM MIWANI
16,MACHAKOS,81,MACHAKOS TOWN,402,MUMBUNI NORTH,AIC NG'ENG'ETA
16,MACHAKOS,81,MACHAKOS TOWN,403,MUVUTI/KIIMA-KIMWE,KYENI PRIMARY SCHOOL.
16,MACHAKOS,81,MACHAKOS TOWN,403,MUVUTI/KIIMA-KIMWE,MUTHINI PRIMARY SCHOOL.
16,MACHAKOS,81,MACHAKOS TOWN,403,MUVUTI/KIIMA-KIMWE,MIKUINI PRIMARY SCHOOL.
16,MACHAKOS,81,MACHAKOS TOWN,403,MUVUTI/KIIMA-KIMWE,MACHAKOS UNIVERSITY
16,MACHAKOS,81,MACHAKOS TOWN,403,MUVUTI/KIIMA-KIMWE,KAKINDUNI PRIMARY SCHOOL.
16,MACHAKOS,81,MACHAKOS TOWN,403,MUVUTI/KIIMA-KIMWE,KIIMA KIMWE PRIMARY SCHOOL.
16,MACHAKOS,81,MACHAKOS TOWN,403,MUVUTI/KIIMA-KIMWE,MACHAKOS GIRLS RESCUE CENTRE.
16,MACHAKOS,81,MACHAKOS TOWN,403,MUVUTI/KIIMA-KIMWE,KASEVE PRIMARY SCHOOL.
16,MACHAKOS,81,MACHAKOS TOWN,403,MUVUTI/KIIMA-KIMWE,MOI PRIMARY SCHOOL.
16,MACHAKOS,81,MACHAKOS TOWN,403,MUVUTI/KIIMA-KIMWE,KIVANDINI PRIMARY SCHOOL.
16,MACHAKOS,81,MACHAKOS TOWN,403,MUVUTI/KIIMA-KIMWE,KITULU PRIMARY SCHOOL.
16,MACHAKOS,81,MACHAKOS TOWN,403,MUVUTI/KIIMA-KIMWE,ILUVYA PRIMARY SCHOOL.
16,MACHAKOS,81,MACHAKOS TOWN,403,MUVUTI/KIIMA-KIMWE,KATHAAYONI PRIMARY SCHOOL.
16,MACHAKOS,81,MACHAKOS TOWN,403,MUVUTI/KIIMA-KIMWE,MWANYANI PRIMARY SCHOOL.
16,MACHAKOS,81,MACHAKOS TOWN,403,MUVUTI/KIIMA-KIMWE,KATOLONI PRIMARY SCHOOL.
16,MACHAKOS,81,MACHAKOS TOWN,403,MUVUTI/KIIMA-KIMWE,KYASOO NURSERY SCHOOL.
16,MACHAKOS,81,MACHAKOS TOWN,403,MUVUTI/KIIMA-KIMWE,KALUMONI YOUTH POLYTECHNIC.
16,MACHAKOS,81,MACHAKOS TOWN,403,MUVUTI/KIIMA-KIMWE,MUVUTI SECONDARY SCHOOL
16,MACHAKOS,81,MACHAKOS TOWN,404,KOLA,MBUANI PRIMARY SCHOOL
16,MACHAKOS,81,MACHAKOS TOWN,404,KOLA,MINYAALALA PRIMARY SCHOOL
16,MACHAKOS,81,MACHAKOS TOWN,404,KOLA,MIKONO PRIMARY SCHOOL
16,MACHAKOS,81,MACHAKOS TOWN,404,KOLA,KOMBUNI PRIMARY SCHOOL
16,MACHAKOS,81,MACHAKOS TOWN,404,KOLA,MUUMANDU PRIMARY SCHOOL
16,MACHAKOS,81,MACHAKOS TOWN,404,KOLA,IANZONI PRIMARY SCHOOL
16,MACHAKOS,81,MACHAKOS TOWN,404,KOLA,ST.JOHN ACADEMY PRIMARY SCHOOL
16,MACHAKOS,81,MACHAKOS TOWN,404,KOLA,KIKUMBO PRIMARY SCHOOL
16,MACHAKOS,81,MACHAKOS TOWN,404,KOLA,KYANGULI PRIMARY SCHOOL
16,MACHAKOS,81,MACHAKOS TOWN,404,KOLA,KITONYINI PRIMARY SCHOOL
16,MACHAKOS,81,MACHAKOS TOWN,404,KOLA,KOLA PRIMARY SCHOOL
16,MACHAKOS,81,MACHAKOS TOWN,404,KOLA,IIYUNI PRIMARY SCHOOL
16,MACHAKOS,81,MACHAKOS TOWN,404,KOLA,KYAMUTHINZA PRIMARY SCHOOL
16,MACHAKOS,81,MACHAKOS TOWN,404,KOLA,KIUU PRIMARY SCHOOL
16,MACHAKOS,81,MACHAKOS TOWN,404,KOLA,KAVYUNI PRIMARY SCHOOL
16,MACHAKOS,81,MACHAKOS TOWN,404,KOLA,KYAMUNYUU PRIMARY SCHOOL
16,MACHAKOS,82,MWALA,405,MBIUNI,ULAANI PRIMARY SCHOOL
16,MACHAKOS,82,MWALA,405,MBIUNI,KWA MUTULA PRIMARY SCHOOL
16,MACHAKOS,82,MWALA,405,MBIUNI,KATITU PRIMARY SCHOOL
16,MACHAKOS,82,MWALA,405,MBIUNI,MBIUNI PRIMARY SCHOOL
16,MACHAKOS,82,MWALA,405,MBIUNI,KUNIKILA PRIMARY SCHOOL
16,MACHAKOS,82,MWALA,405,MBIUNI,KABAA PRIMARY SCHOOL
16,MACHAKOS,82,MWALA,405,MBIUNI,KUNDU PRIMARY SCHOOL
16,MACHAKOS,82,MWALA,405,MBIUNI,NZOLOLO PRIMARY SCHOOL
16,MACHAKOS,82,MWALA,405,MBIUNI,KOMBE PRIMARY SCHOOL
16,MACHAKOS,82,MWALA,405,MBIUNI,ETIKONI PRIMARY SCHOOL
16,MACHAKOS,82,MWALA,405,MBIUNI,KATHYOLI PRIMARY SCHOOL
16,MACHAKOS,82,MWALA,405,MBIUNI,KITWAMBA PRIMARY SCHOOL
16,MACHAKOS,82,MWALA,405,MBIUNI,KAMUYA PRIMARY SCHOOL
16,MACHAKOS,82,MWALA,405,MBIUNI,KWA MUTIA PRIMARY SCHOOL
16,MACHAKOS,82,MWALA,405,MBIUNI,MAKILIVA PRIMARY SCHOOL
16,MACHAKOS,82,MWALA,405,MBIUNI,KALAU PRIMARY SCHOOL
16,MACHAKOS,82,MWALA,405,MBIUNI,MASAW'A PRIMARY SCHOOL
16,MACHAKOS,82,MWALA,405,MBIUNI,MISELENI PRIMARY SCHOOL
16,MACHAKOS,82,MWALA,406,MAKUTANO/ MWALA,MUSAALANI PRIMARY SCHOOL
16,MACHAKOS,82,MWALA,406,MAKUTANO/ MWALA,IKUMINI PRIMARY SCHOOL
16,MACHAKOS,82,MWALA,406,MAKUTANO/ MWALA,KYAWANGO PRIMARY SCHOOL
16,MACHAKOS,82,MWALA,406,MAKUTANO/ MWALA,KANGII PRIMARY SCHOOL.
16,MACHAKOS,82,MWALA,406,MAKUTANO/ MWALA,MWALA D.E.B. PRIMARY SCHOOL
16,MACHAKOS,82,MWALA,406,MAKUTANO/ MWALA,UTITHI A.I.C. PRIMARY SCHOOL
16,MACHAKOS,82,MWALA,406,MAKUTANO/ MWALA,KAVUNYU PRIMARY SCHOOL
16,MACHAKOS,82,MWALA,406,MAKUTANO/ MWALA,KIVULUSA PRIMARY SCHOOL
16,MACHAKOS,82,MWALA,406,MAKUTANO/ MWALA,MATHUNTHINI PRIMARY SCHOOL
16,MACHAKOS,82,MWALA,406,MAKUTANO/ MWALA,ITUMBINI PRIMARY SCHOOL
16,MACHAKOS,82,MWALA,406,MAKUTANO/ MWALA,MAWELI PRIMARY SCHOOL
16,MACHAKOS,82,MWALA,406,MAKUTANO/ MWALA,NGOLUNI NURSERY SCHOOL
16,MACHAKOS,82,MWALA,406,MAKUTANO/ MWALA,KWA VENGE PRIMARY SCHOOL
16,MACHAKOS,82,MWALA,406,MAKUTANO/ MWALA,MANGO PRIMARY SCHOOL
16,MACHAKOS,82,MWALA,406,MAKUTANO/ MWALA,MUVW'ANA PRIMARY SCHOOL
16,MACHAKOS,82,MWALA,406,MAKUTANO/ MWALA,KANDUMBU PRIMARY SCHOOL
16,MACHAKOS,82,MWALA,406,MAKUTANO/ MWALA,KITANGE PRIMARY SCHOOL
16,MACHAKOS,82,MWALA,406,MAKUTANO/ MWALA,KYAMWEI PRIMARY SCHOOL
16,MACHAKOS,82,MWALA,406,MAKUTANO/ MWALA,KYAMUTWII PRIMARY SCHOOL
16,MACHAKOS,82,MWALA,406,MAKUTANO/ MWALA,KWA KATUNGE PRIMARY SCHOOL
16,MACHAKOS,82,MWALA,406,MAKUTANO/ MWALA,KWA MWONGA PRIMARY SCHOOL
16,MACHAKOS,82,MWALA,406,MAKUTANO/ MWALA,KIBAU PRIMARY SCHOOL
16,MACHAKOS,82,MWALA,406,MAKUTANO/ MWALA,KWANDOO PRIMARY SCHOOL
16,MACHAKOS,82,MWALA,406,MAKUTANO/ MWALA,KWA KISAU PRIMARY SCHOOL
16,MACHAKOS,82,MWALA,407,MASII,MAKUTANO DEB PRIMARY SCHOOL
16,MACHAKOS,82,MWALA,407,MASII,YIKIATINE PRIMARY SCHOOL
16,MACHAKOS,82,MWALA,407,MASII,KING'ATUANI PRIMARY SCHOOL
16,MACHAKOS,82,MWALA,407,MASII,MUTHEI PRIMARY SCHOOL
16,MACHAKOS,82,MWALA,407,MASII,YOANI PRIMARY SCHOOL
16,MACHAKOS,82,MWALA,407,MASII,MASII TOWNSHIP PRIMARY SCHOOL
16,MACHAKOS,82,MWALA,407,MASII,KAWAA PRIMARY SCHOOL
16,MACHAKOS,82,MWALA,407,MASII,KIKELENZU PRIMARY SCHOOL
16,MACHAKOS,82,MWALA,407,MASII,KYAITHA PRIMARY SCHOOL
16,MACHAKOS,82,MWALA,407,MASII,MASII D.E.B. PRIMARY SCHOOL
16,MACHAKOS,82,MWALA,407,MASII,KASOLONGO PRIMARY SCHOOL
16,MACHAKOS,82,MWALA,407,MASII,KITHANGAINI PRIMARY SCHOOL
16,MACHAKOS,82,MWALA,407,MASII,VYULYA PRIMARY SCHOOL
16,MACHAKOS,82,MWALA,407,MASII,KATHEKA B PRIMARY SCHOOL
16,MACHAKOS,82,MWALA,407,MASII,EMBUI PRIMARY SCHOOL
16,MACHAKOS,82,MWALA,407,MASII,ILINGE PRIMARY SCHOOL
16,MACHAKOS,82,MWALA,407,MASII,MAMILOKI PRIMARY SCHOOL.
16,MACHAKOS,82,MWALA,407,MASII,KWA KALUU PRIMARY SCHOOL
16,MACHAKOS,82,MWALA,407,MASII,KATHEKA A.I.C. PRIMARY SCHOOL
16,MACHAKOS,82,MWALA,407,MASII,KATITHI PRIMARY SCHOOL
16,MACHAKOS,82,MWALA,407,MASII,KATHUKI PRIMARY SCHOOL
16,MACHAKOS,82,MWALA,407,MASII,ST. MARY'S PRIMARY SCHOOL
16,MACHAKOS,82,MWALA,407,MASII,MAIANI PRIMARY SCHOOL
16,MACHAKOS,82,MWALA,408,MUTHETHENI,KALIAMBEU PRIMARY SCHOOL
16,MACHAKOS,82,MWALA,408,MUTHETHENI,MBAANI PRIMARY SCHOOL
16,MACHAKOS,82,MWALA,408,MUTHETHENI,MUTENDEU PRIMARY SCHOOL
16,MACHAKOS,82,MWALA,408,MUTHETHENI,KYETHIVO PRIMARY SCHOOL
16,MACHAKOS,82,MWALA,408,MUTHETHENI,NGAMBA PRIMARY SCHOOL
16,MACHAKOS,82,MWALA,408,MUTHETHENI,UKALANI PRIMARY SCHOOL
16,MACHAKOS,82,MWALA,408,MUTHETHENI,MUTHETHENI MIXED DAY SECONDARY SCHOOL
16,MACHAKOS,82,MWALA,408,MUTHETHENI,KITHIANIO PRIMARY SCHOOL
16,MACHAKOS,82,MWALA,408,MUTHETHENI,ITHEMBONI PRIMARY SCHOOL
16,MACHAKOS,82,MWALA,408,MUTHETHENI,ST. MARTIN'S UTITHINI PRIMARY SCHOOL
16,MACHAKOS,82,MWALA,408,MUTHETHENI,MIU D.E.B. PRIMARY SCHOOL
16,MACHAKOS,82,MWALA,408,MUTHETHENI,MAVITINI PRIMARY SCHOOL
16,MACHAKOS,82,MWALA,408,MUTHETHENI,KIKULUMI PRIMARY SCHOOL
16,MACHAKOS,82,MWALA,408,MUTHETHENI,MITHULUNI PRIMARY SCHOOL
16,MACHAKOS,82,MWALA,408,MUTHETHENI,MALAANI PRIMARY SCHOOL
16,MACHAKOS,82,MWALA,408,MUTHETHENI,NTHULUNI PRIMARY SCHOOL.
16,MACHAKOS,82,MWALA,408,MUTHETHENI,KISOLA PRIMARY SCHOOL
16,MACHAKOS,82,MWALA,408,MUTHETHENI,NGELESI NURSERY SCHOOL
16,MACHAKOS,82,MWALA,408,MUTHETHENI,IIA IKYA NURSERY SCHOOL
16,MACHAKOS,82,MWALA,408,MUTHETHENI,ITITHINI NURSERY SCHOOL
16,MACHAKOS,82,MWALA,408,MUTHETHENI,KANG'ETHE NURSERY SCHOOL
16,MACHAKOS,82,MWALA,408,MUTHETHENI,MAKULUMU NURSERY SCHOOL
16,MACHAKOS,82,MWALA,408,MUTHETHENI,KIAONI NURSERY SCHOOL
16,MACHAKOS,82,MWALA,408,MUTHETHENI,ABC MIU NURSERY SCHOOL
16,MACHAKOS,82,MWALA,409,WAMUNYU,NDEINI PRIMARY SCHOOL
16,MACHAKOS,82,MWALA,409,WAMUNYU,MUTYANGOI PRIMARY SCHOOL
16,MACHAKOS,82,MWALA,409,WAMUNYU,KAITHA PRIMARY SCHOOL
16,MACHAKOS,82,MWALA,409,WAMUNYU,MWAASUA PRIMARY SCHOOL
16,MACHAKOS,82,MWALA,409,WAMUNYU,WAMUNYU ABC PRIMARY SCHOOL
16,MACHAKOS,82,MWALA,409,WAMUNYU,WAKAELA PRIMARY SCHOOL
16,MACHAKOS,82,MWALA,409,WAMUNYU,KISINZINI PRIMARY SCHOOL
16,MACHAKOS,82,MWALA,409,WAMUNYU,KITUIU PRIMARY SCHOOL
16,MACHAKOS,82,MWALA,409,WAMUNYU,KITHIIANI PRIMARY SCHOOL
16,MACHAKOS,82,MWALA,409,WAMUNYU,MAKAALU PRIMARY SCHOOL
16,MACHAKOS,82,MWALA,409,WAMUNYU,MIONDONI PRIMARY SCHOOL
16,MACHAKOS,82,MWALA,409,WAMUNYU,MULU SECONDARY SCHOOL
16,MACHAKOS,82,MWALA,409,WAMUNYU,NGULUI PRIMARY SCHOOL
16,MACHAKOS,82,MWALA,409,WAMUNYU,KIKASO PRIMARY SCHOOL
16,MACHAKOS,82,MWALA,409,WAMUNYU,KYAMATULA PRIMARY SCHOOL
16,MACHAKOS,82,MWALA,409,WAMUNYU,KYEENGAI PRIMARY SCHOOL
16,MACHAKOS,82,MWALA,409,WAMUNYU,LEMA GIRLS SECONDARY SCHOOL
16,MACHAKOS,82,MWALA,409,WAMUNYU,NDULUKU PRIMARY SCHOOL
16,MACHAKOS,82,MWALA,409,WAMUNYU,MBAIKINI PRIMARY SCHOOL
16,MACHAKOS,82,MWALA,409,WAMUNYU,MIINI PRIMARY SCHOOL
16,MACHAKOS,82,MWALA,409,WAMUNYU,MIONDONI MARKET COMMUNITY HALL
16,MACHAKOS,82,MWALA,409,WAMUNYU,A.I.C. SYUUNI NURSERY SCHOOL
16,MACHAKOS,82,MWALA,409,WAMUNYU,NGOMANO PRIMARY SCHOOL
16,MACHAKOS,82,MWALA,409,WAMUNYU,ITUNDUNI PRIMARY SCHOOL
16,MACHAKOS,82,MWALA,409,WAMUNYU,KILEMBWA SECONDARY SCHOOL
16,MACHAKOS,82,MWALA,409,WAMUNYU,NUNGA PRIMARY SCHOOL
16,MACHAKOS,82,MWALA,409,WAMUNYU,MANG'OLOTA PRIMARY SCHOOL
16,MACHAKOS,82,MWALA,410,KIBAUNI,KIVAUNI PRIMARY SCHOOL
16,MACHAKOS,82,MWALA,410,KIBAUNI,KATHIIANI PRIMARY SCHOOL
16,MACHAKOS,82,MWALA,410,KIBAUNI,KITILE PRIMARY SCHOOL
16,MACHAKOS,82,MWALA,410,KIBAUNI,YAMALWA PRIMARY SCHOOL
16,MACHAKOS,82,MWALA,410,KIBAUNI,KIUNDWANI PRIMARY SCHOOL
16,MACHAKOS,82,MWALA,410,KIBAUNI,KYALAVO PRIMARY SCHOOL
16,MACHAKOS,82,MWALA,410,KIBAUNI,KILALA PRIMARY SCHOOL
16,MACHAKOS,82,MWALA,410,KIBAUNI,MUTULA PRIMARY SCHOOL
16,MACHAKOS,82,MWALA,410,KIBAUNI,KIVALANI PRIMARY SCHOOL
16,MACHAKOS,82,MWALA,410,KIBAUNI,TULILA PRIMARY SCHOOL
16,MACHAKOS,82,MWALA,410,KIBAUNI,KONZA PRIMARY SCHOOL
16,MACHAKOS,82,MWALA,410,KIBAUNI,MATULANI PRIMARY SCHOOL
16,MACHAKOS,82,MWALA,410,KIBAUNI,UVANGA PRIMARY SCHOOL
16,MACHAKOS,82,MWALA,410,KIBAUNI,SYOUMBU NURSERY SCHOOL
16,MACHAKOS,82,MWALA,410,KIBAUNI,IKALAASA PRIMARY SCHOOL
16,MACHAKOS,82,MWALA,410,KIBAUNI,MUANGONI PRIMARY SCHOOL
16,MACHAKOS,82,MWALA,410,KIBAUNI,KYENI PRIMARY SCHOOL
16,MACHAKOS,82,MWALA,410,KIBAUNI,NGUMBAU PRIMARY SCHOOL
16,MACHAKOS,82,MWALA,410,KIBAUNI,ITOONI NURSERY SCHOOL
16,MACHAKOS,82,MWALA,410,KIBAUNI,KYOWANI PRIMARY SCHOOL
16,MACHAKOS,82,MWALA,410,KIBAUNI,KITETENI PRIMARY SCHOOL
16,MACHAKOS,82,MWALA,410,KIBAUNI,KASENGELA PRIMARY SCHOOL
16,MACHAKOS,82,MWALA,410,KIBAUNI,KENZE NURSERY SCHOOL
16,MACHAKOS,82,MWALA,410,KIBAUNI,KIBAUNI POLYTECHNIC
16,MACHAKOS,82,MWALA,410,KIBAUNI,NTHWA NGUU NURSERY SCHOOL
16,MACHAKOS,82,MWALA,410,KIBAUNI,KWA KULU NURSERY SCHOOL
16,MACHAKOS,82,MWALA,410,KIBAUNI,IKUUNI PRE SCHOOL
16,MACHAKOS,82,MWALA,410,KIBAUNI,MUTITHI PRE SCHOOL
16,MACHAKOS,82,MWALA,410,KIBAUNI,NTHANGATHINI PRE SCHOOL
17,MAKUENI,83,MBOONI,411,TULIMANI,KITITHINI PR.SCH.
17,MAKUENI,83,MBOONI,411,TULIMANI,KANGO PR. SCH.
17,MAKUENI,83,MBOONI,411,TULIMANI,KIATINENI PR. SCH.
17,MAKUENI,83,MBOONI,411,TULIMANI,KYAMITHENGE PR. SCH.
17,MAKUENI,83,MBOONI,411,TULIMANI,KYANGUSWI PR. SCH.
17,MAKUENI,83,MBOONI,411,TULIMANI,TULIMANI PR. SCH.
17,MAKUENI,83,MBOONI,411,TULIMANI,KAKIMA PR. SCH.
17,MAKUENI,83,MBOONI,411,TULIMANI,KAKIMA COMPLEX
17,MAKUENI,83,MBOONI,411,TULIMANI,WANZAUNI PR. SCH
17,MAKUENI,83,MBOONI,411,TULIMANI,IVUVUKA PR. SCH.
17,MAKUENI,83,MBOONI,411,TULIMANI,MUUMONI PR.SCH.
17,MAKUENI,83,MBOONI,411,TULIMANI,WAMBULI PR.SCH
17,MAKUENI,83,MBOONI,411,TULIMANI,ITETANI PR. SCH.
17,MAKUENI,83,MBOONI,411,TULIMANI,NTHANGATHINI PR. SCH.
17,MAKUENI,83,MBOONI,411,TULIMANI,KINYUANI PR. SCH
17,MAKUENI,83,MBOONI,411,TULIMANI,ABC THWAKE PR.SCH
17,MAKUENI,83,MBOONI,411,TULIMANI,UVAANI PR. SCH.
17,MAKUENI,83,MBOONI,411,TULIMANI,MUSAU EMALE PR. SCH.
17,MAKUENI,83,MBOONI,411,TULIMANI,MUTAKI PR.SCH
17,MAKUENI,83,MBOONI,411,TULIMANI,KILIKU PR. SCH.
17,MAKUENI,83,MBOONI,411,TULIMANI,TUTUTHA PR. SCH.
17,MAKUENI,83,MBOONI,411,TULIMANI,KALAWANI ABC POLYTECHNIC
17,MAKUENI,83,MBOONI,411,TULIMANI,NTHAANI PR. SCH.
17,MAKUENI,83,MBOONI,411,TULIMANI,KWAITHI PR. SCH.
17,MAKUENI,83,MBOONI,411,TULIMANI,MUKETANI NUR.SCH
17,MAKUENI,83,MBOONI,411,TULIMANI,KATHOKANI PR.SCH.
17,MAKUENI,83,MBOONI,411,TULIMANI,KITOO PR. SCH.
17,MAKUENI,83,MBOONI,411,TULIMANI,MAVINDU PR. SCH.
17,MAKUENI,83,MBOONI,411,TULIMANI,MUTHETHENI NUR. SCH.
17,MAKUENI,83,MBOONI,411,TULIMANI,UTUMONI PR.SCH
17,MAKUENI,83,MBOONI,411,TULIMANI,KYANGUMA PR. SCH.
17,MAKUENI,83,MBOONI,411,TULIMANI,MUSOA PR. SCH.
17,MAKUENI,83,MBOONI,411,TULIMANI,VYANYUNI NURSERY
17,MAKUENI,83,MBOONI,411,TULIMANI,MULOONI PR. SCH.
17,MAKUENI,83,MBOONI,411,TULIMANI,UUTA SOC. HALL
17,MAKUENI,83,MBOONI,411,TULIMANI,MUTHWANI PR. SCH.
17,MAKUENI,83,MBOONI,411,TULIMANI,MALAA PR. SCH.
17,MAKUENI,83,MBOONI,412,MBOONI,MUTITU SDA PR.SCH
17,MAKUENI,83,MBOONI,412,MBOONI,KIVANDINI SOCIAL HALL
17,MAKUENI,83,MBOONI,412,MBOONI,MUKAATINI PR. SCH.
17,MAKUENI,83,MBOONI,412,MBOONI,MUKASI PR.SCH.
17,MAKUENI,83,MBOONI,412,MBOONI,ITHEMBONI BOYS PR.SCH
17,MAKUENI,83,MBOONI,412,MBOONI,ITHEMBONI GIRLS PR.SCH
17,MAKUENI,83,MBOONI,412,MBOONI,KUSYETHUKU PR.SCH
17,MAKUENI,83,MBOONI,412,MBOONI,NDUNI PR.SCH.
17,MAKUENI,83,MBOONI,412,MBOONI,MBOONI COUNTY PR.SCH.
17,MAKUENI,83,MBOONI,412,MBOONI,MUTWII PR.SCH
17,MAKUENI,83,MBOONI,412,MBOONI,KISESINI PR. SCH.
17,MAKUENI,83,MBOONI,412,MBOONI,KYUU PR. SCH.
17,MAKUENI,83,MBOONI,412,MBOONI,MIUUSINI PR.SCH.
17,MAKUENI,83,MBOONI,412,MBOONI,UKALA PR.SCH.
17,MAKUENI,83,MBOONI,412,MBOONI,UVAA PR.SCH
17,MAKUENI,83,MBOONI,412,MBOONI,KYAI PR.SCH
17,MAKUENI,83,MBOONI,412,MBOONI,KIKIINI PR. SCH.
17,MAKUENI,83,MBOONI,412,MBOONI,NZEVENI PR. SCH.
17,MAKUENI,83,MBOONI,412,MBOONI,NDUENI PR.SCH.
17,MAKUENI,83,MBOONI,412,MBOONI,KINYEE PR.SCH.
17,MAKUENI,83,MBOONI,412,MBOONI,MWEANI PR.SCH.
17,MAKUENI,83,MBOONI,412,MBOONI,SYILUNI PR.SCH.
17,MAKUENI,83,MBOONI,412,MBOONI,MUTULANGUU PRI. SCH.
17,MAKUENI,83,MBOONI,412,MBOONI,KYANGOMA PR.SCH
17,MAKUENI,83,MBOONI,412,MBOONI,YATWA PR. SCH.
17,MAKUENI,83,MBOONI,412,MBOONI,MBOONI AIC PR
17,MAKUENI,83,MBOONI,412,MBOONI,YAMBAE PR.SCH
17,MAKUENI,83,MBOONI,412,MBOONI,UVI PR.SCH.
17,MAKUENI,83,MBOONI,412,MBOONI,KIKIMA SOCIAL HALL
17,MAKUENI,83,MBOONI,413,KITHUNGO/KITUNDU,KUSYONGALI PR.SCH.
17,MAKUENI,83,MBOONI,413,KITHUNGO/KITUNDU,KALIANI PR. SCH.
17,MAKUENI,83,MBOONI,413,KITHUNGO/KITUNDU,ACK KATHEMBONI PR.SCH
17,MAKUENI,83,MBOONI,413,KITHUNGO/KITUNDU,KITHUNGO PR.
17,MAKUENI,83,MBOONI,413,KITHUNGO/KITUNDU,MUNYUUKA PR.SCH
17,MAKUENI,83,MBOONI,413,KITHUNGO/KITUNDU,KUSYOKITHOI PR. SCH
17,MAKUENI,83,MBOONI,413,KITHUNGO/KITUNDU,MUVUTI PR. SCH.
17,MAKUENI,83,MBOONI,413,KITHUNGO/KITUNDU,KITHANGAINI PR.SCH
17,MAKUENI,83,MBOONI,413,KITHUNGO/KITUNDU,KYAMUATA PR. SCH
17,MAKUENI,83,MBOONI,413,KITHUNGO/KITUNDU,NGAI PR. SCH.
17,MAKUENI,83,MBOONI,413,KITHUNGO/KITUNDU,KAVUMBU PR.SCH
17,MAKUENI,83,MBOONI,413,KITHUNGO/KITUNDU,NZUENI PR.SCH
17,MAKUENI,83,MBOONI,413,KITHUNGO/KITUNDU,SYATHANI PR.SCH.
17,MAKUENI,83,MBOONI,413,KITHUNGO/KITUNDU,KITUNDU PR. SCH.
17,MAKUENI,83,MBOONI,413,KITHUNGO/KITUNDU,KILYUNGI PR. SCH.
17,MAKUENI,83,MBOONI,413,KITHUNGO/KITUNDU,UMA PR.SCH.
17,MAKUENI,83,MBOONI,413,KITHUNGO/KITUNDU,WOYANI PR. SCH.
17,MAKUENI,83,MBOONI,413,KITHUNGO/KITUNDU,KYANZUKI PR.SCH.
17,MAKUENI,83,MBOONI,413,KITHUNGO/KITUNDU,ITITU PR.SCH. (KITUNDU)
17,MAKUENI,83,MBOONI,413,KITHUNGO/KITUNDU,ST.JOSEPH ACK KYANDOTE SECONDARY
17,MAKUENI,83,MBOONI,413,KITHUNGO/KITUNDU,MWENYEANI PR.SCH
17,MAKUENI,83,MBOONI,413,KITHUNGO/KITUNDU,UTANGWA AIC PR. SCH
17,MAKUENI,83,MBOONI,413,KITHUNGO/KITUNDU,KILENGE PR.SCH.
17,MAKUENI,83,MBOONI,413,KITHUNGO/KITUNDU,UTWIINI PR.SCH.
17,MAKUENI,83,MBOONI,413,KITHUNGO/KITUNDU,NGAANI PR.SCH
17,MAKUENI,83,MBOONI,413,KITHUNGO/KITUNDU,UTANGWA HGM PR. SCH
17,MAKUENI,83,MBOONI,413,KITHUNGO/KITUNDU,MATITHINI PR.SCH.
17,MAKUENI,83,MBOONI,414,KITETA/KISAU,KASYELIA PR. SCH.
17,MAKUENI,83,MBOONI,414,KITETA/KISAU,MUSUNGUU PR. SCH.
17,MAKUENI,83,MBOONI,414,KITETA/KISAU,KIELEELENI PR.SCH
17,MAKUENI,83,MBOONI,414,KITETA/KISAU,TAWA MIXED SEC. SCH
17,MAKUENI,83,MBOONI,414,KITETA/KISAU,KYALA PR. SCH.
17,MAKUENI,83,MBOONI,414,KITETA/KISAU,KANYENYONI PR. SCH.
17,MAKUENI,83,MBOONI,414,KITETA/KISAU,SONG'ENI PR. SCH.
17,MAKUENI,83,MBOONI,414,KITETA/KISAU,KYOME PR.SCH(NDITUNI)
17,MAKUENI,83,MBOONI,414,KITETA/KISAU,KATUMA PRIMARY SCHOOL
17,MAKUENI,83,MBOONI,414,KITETA/KISAU,KITETA PR. SCH.
17,MAKUENI,83,MBOONI,414,KITETA/KISAU,UVUU PR.SCH
17,MAKUENI,83,MBOONI,414,KITETA/KISAU,TULYA PR. SCH.
17,MAKUENI,83,MBOONI,414,KITETA/KISAU,NDITHINI PR. SCH.
17,MAKUENI,83,MBOONI,414,KITETA/KISAU,KAKUSWI PR. SCH.
17,MAKUENI,83,MBOONI,414,KITETA/KISAU,YANGUA PR. SCH.
17,MAKUENI,83,MBOONI,414,KITETA/KISAU,KATIKOMU PR. SCH.
17,MAKUENI,83,MBOONI,414,KITETA/KISAU,SYUNGUNI PR. SCH.
17,MAKUENI,83,MBOONI,414,KITETA/KISAU,ITULU PR.SCH (NGILUNI)
17,MAKUENI,83,MBOONI,414,KITETA/KISAU,NGILUNI PR. SCH(NGILUNI)
17,MAKUENI,83,MBOONI,414,KITETA/KISAU,UTUNENI PR. SCH
17,MAKUENI,83,MBOONI,414,KITETA/KISAU,MUUNYINI PR. SCH.
17,MAKUENI,83,MBOONI,414,KITETA/KISAU,NGAA PR. SCH.
17,MAKUENI,83,MBOONI,414,KITETA/KISAU,MULUTI PR. SCH.
17,MAKUENI,83,MBOONI,414,KITETA/KISAU,KALINGILE MARKET
17,MAKUENI,83,MBOONI,414,KITETA/KISAU,MUKIMWANI PR. SCH.
17,MAKUENI,83,MBOONI,414,KITETA/KISAU,NDONGUNI E.C.D
17,MAKUENI,83,MBOONI,414,KITETA/KISAU,MWAU PR.SCH.
17,MAKUENI,83,MBOONI,414,KITETA/KISAU,KIVANI PR. SCH.
17,MAKUENI,83,MBOONI,414,KITETA/KISAU,IVIANI PR. SCH.
17,MAKUENI,83,MBOONI,414,KITETA/KISAU,MAIUNI PR. SCH.
17,MAKUENI,83,MBOONI,414,KITETA/KISAU,KYAMBUSYA ECD
17,MAKUENI,83,MBOONI,414,KITETA/KISAU,KYOONI PRIMARY SCHOOL
17,MAKUENI,83,MBOONI,414,KITETA/KISAU,KYUNYU PR. SCH.
17,MAKUENI,83,MBOONI,414,KITETA/KISAU,KITANDINI PR. SCH.
17,MAKUENI,83,MBOONI,414,KITETA/KISAU,KIMANDI PR. SCH.
17,MAKUENI,83,MBOONI,414,KITETA/KISAU,KITONDO PR. SCH.
17,MAKUENI,83,MBOONI,414,KITETA/KISAU,NGONI SEC.SCH.
17,MAKUENI,83,MBOONI,414,KITETA/KISAU,KITHANGATHINI PR. SCH
17,MAKUENI,83,MBOONI,414,KITETA/KISAU,MWENDE PR. SCH.
17,MAKUENI,83,MBOONI,414,KITETA/KISAU,NDUMBI PR. SCH.
17,MAKUENI,83,MBOONI,414,KITETA/KISAU,KYOME PRIMARY SCH. (MANGANI)
17,MAKUENI,83,MBOONI,414,KITETA/KISAU,LUNGU PR. SCH.
17,MAKUENI,83,MBOONI,414,KITETA/KISAU,KAVUVONI PR.SCH
17,MAKUENI,83,MBOONI,415,WAIA-KAKO,KASEVENI PR.SCH
17,MAKUENI,83,MBOONI,415,WAIA-KAKO,NDULUKU YOUTH POLY.
17,MAKUENI,83,MBOONI,415,WAIA-KAKO,NDULUKU PR.SCH
17,MAKUENI,83,MBOONI,415,WAIA-KAKO,MUKUKU PR. SCH.
17,MAKUENI,83,MBOONI,415,WAIA-KAKO,NGAAKAA PR.SCH
17,MAKUENI,83,MBOONI,415,WAIA-KAKO,KIKUSWI PR.SCH.
17,MAKUENI,83,MBOONI,415,WAIA-KAKO,KISAU/WAIA MULTIPURPOSE HALL
17,MAKUENI,83,MBOONI,415,WAIA-KAKO,USALALA PR. SCH.
17,MAKUENI,83,MBOONI,415,WAIA-KAKO,KYANG ONDU PR. SCH.
17,MAKUENI,83,MBOONI,415,WAIA-KAKO,MALATANI PR. SCH.
17,MAKUENI,83,MBOONI,415,WAIA-KAKO,WAMBITI PR.SCH.
17,MAKUENI,83,MBOONI,415,WAIA-KAKO,KINGAATHUNI PR. SCH.
17,MAKUENI,83,MBOONI,415,WAIA-KAKO,KILUNGU PR.SCH
17,MAKUENI,83,MBOONI,415,WAIA-KAKO,SAKAI PR.SCH
17,MAKUENI,83,MBOONI,415,WAIA-KAKO,MAVITINI PR.SCH.
17,MAKUENI,83,MBOONI,415,WAIA-KAKO,MBA PR. SCH.
17,MAKUENI,83,MBOONI,415,WAIA-KAKO,KATHAMBA PR. SCH
17,MAKUENI,83,MBOONI,415,WAIA-KAKO,NTHUNTHINI PR.SCH.
17,MAKUENI,83,MBOONI,415,WAIA-KAKO,MIAU PR. SCH
17,MAKUENI,83,MBOONI,415,WAIA-KAKO,KANDULYU PR. SCH.
17,MAKUENI,83,MBOONI,415,WAIA-KAKO,NTHAATWA PR.SCH.
17,MAKUENI,83,MBOONI,415,WAIA-KAKO,MAVIANI PR. SCH.
17,MAKUENI,83,MBOONI,415,WAIA-KAKO,MITUVU PR.SCH.
17,MAKUENI,83,MBOONI,415,WAIA-KAKO,WATUKA PR. SCH.
17,MAKUENI,83,MBOONI,415,WAIA-KAKO,UVILUNI PR. SCH.
17,MAKUENI,83,MBOONI,415,WAIA-KAKO,MBIMBINI PR.SCH
17,MAKUENI,83,MBOONI,415,WAIA-KAKO,KAKO PR. SCH.
17,MAKUENI,83,MBOONI,415,WAIA-KAKO,ST. PAUL S KYAUME PR. SCH.
17,MAKUENI,83,MBOONI,415,WAIA-KAKO,ST. PATRICK S YOUTH POLY.
17,MAKUENI,83,MBOONI,415,WAIA-KAKO,KITONGU PR.SCH
17,MAKUENI,83,MBOONI,415,WAIA-KAKO,KYALUMA PR. SCH.
17,MAKUENI,83,MBOONI,415,WAIA-KAKO,NTHANGU PRIMARY SCHOOL
17,MAKUENI,83,MBOONI,415,WAIA-KAKO,KIATINE PRIMARY SCHOOL
17,MAKUENI,83,MBOONI,416,KALAWA,KINYAU PR. SCH.
17,MAKUENI,83,MBOONI,416,KALAWA,THWAKE PR. SCH.
17,MAKUENI,83,MBOONI,416,KALAWA,IIANI NUR.SCH.
17,MAKUENI,83,MBOONI,416,KALAWA,NDUNDUNE PR. SCH.
17,MAKUENI,83,MBOONI,416,KALAWA,NDAUNI PR. SCH.
17,MAKUENI,83,MBOONI,416,KALAWA,ITITU PR.SCH. (ITITU SUBLOC)
17,MAKUENI,83,MBOONI,416,KALAWA,MILILUNI PR. SCH.
17,MAKUENI,83,MBOONI,416,KALAWA,KATHONGO PR. SCH
17,MAKUENI,83,MBOONI,416,KALAWA,SYOKILATI PR.SCH.
17,MAKUENI,83,MBOONI,416,KALAWA,KAKULI PR. SCH.
17,MAKUENI,83,MBOONI,416,KALAWA,KATHAMBANGII PR. SCH
17,MAKUENI,83,MBOONI,416,KALAWA,KITOTO PR. SCH.
17,MAKUENI,83,MBOONI,416,KALAWA,UNYEEO PR. SCH
17,MAKUENI,83,MBOONI,416,KALAWA,NGOMANO MARKET
17,MAKUENI,83,MBOONI,416,KALAWA,KATHULUMBI PR. SCH.
17,MAKUENI,83,MBOONI,416,KALAWA,SYONGUNGI PR.SCH.
17,MAKUENI,83,MBOONI,416,KALAWA,KAMUTONYE PR. SCH.
17,MAKUENI,83,MBOONI,416,KALAWA,MUTEMBUKU PR. SCH.
17,MAKUENI,83,MBOONI,416,KALAWA,MWAANI PR. SCH.
17,MAKUENI,83,MBOONI,416,KALAWA,MUKELENZU NR.SCH
17,MAKUENI,83,MBOONI,416,KALAWA,NGANWA NUR.SCH
17,MAKUENI,83,MBOONI,416,KALAWA,MBAVANI PR. SCH.
17,MAKUENI,83,MBOONI,416,KALAWA,KINZE PR. SCH.
17,MAKUENI,83,MBOONI,416,KALAWA,KASEUNI NUR. SCH
17,MAKUENI,83,MBOONI,416,KALAWA,MWELELI PR. SCH.
17,MAKUENI,83,MBOONI,416,KALAWA,ITUMBULE PR. SCH.
17,MAKUENI,83,MBOONI,416,KALAWA,KALAWA GIRLS SEC.SCH.
17,MAKUENI,83,MBOONI,416,KALAWA,KYANGUYU PR.SCH.
17,MAKUENI,83,MBOONI,416,KALAWA,NGILUNI PR. SCH.
17,MAKUENI,83,MBOONI,416,KALAWA,KAKETI PR. SCH.
17,MAKUENI,83,MBOONI,416,KALAWA,MBUKONI PR. SCH.
17,MAKUENI,83,MBOONI,416,KALAWA,KALAWA SOCIAL HALL
17,MAKUENI,83,MBOONI,416,KALAWA,NGAMU PR. SCH.
17,MAKUENI,83,MBOONI,416,KALAWA,NGUNINI PR. SCH.
17,MAKUENI,83,MBOONI,416,KALAWA,KALAWA PR. SCH.
17,MAKUENI,83,MBOONI,416,KALAWA,KASOONI PR. SCH.
17,MAKUENI,83,MBOONI,416,KALAWA,MUUKUNI PR. SCH.
17,MAKUENI,83,MBOONI,416,KALAWA,NGUNGI PR. SCH.
17,MAKUENI,83,MBOONI,416,KALAWA,MUTANDA PR. SCH.
17,MAKUENI,83,MBOONI,416,KALAWA,KAVUMBU HGM PR. SCH.
17,MAKUENI,83,MBOONI,416,KALAWA,MUAMBANI PR. SCH.
17,MAKUENI,83,MBOONI,416,KALAWA,MIANGENI PR. SCH.
17,MAKUENI,83,MBOONI,416,KALAWA,MUUSINI NUR. SCH.
17,MAKUENI,83,MBOONI,416,KALAWA,NTHILANI NUR.SCH.
17,MAKUENI,84,KILOME,417,KASIKEU,MBIINI PRIMARY SCHOOL
17,MAKUENI,84,KILOME,417,KASIKEU,KWAMBEU PRIMARY SCHOOL
17,MAKUENI,84,KILOME,417,KASIKEU,WATHINI PRIMARY SCHOOL
17,MAKUENI,84,KILOME,417,KASIKEU,MUUA PRIMARY SCHOOL
17,MAKUENI,84,KILOME,417,KASIKEU,MUSAANI PRIMARY SCHOOL
17,MAKUENI,84,KILOME,417,KASIKEU,MASIVE PRIMARY SCHOOL
17,MAKUENI,84,KILOME,417,KASIKEU,KASIKEU SECONDARY SCHOOL
17,MAKUENI,84,KILOME,417,KASIKEU,KATHIKWANI PRIMARY SCHOOL
17,MAKUENI,84,KILOME,417,KASIKEU,KITHINA PRIMARY SCHOOL
17,MAKUENI,84,KILOME,417,KASIKEU,KITHEINI PRIMARY SCHOOL
17,MAKUENI,84,KILOME,417,KASIKEU,MASOKANI PRIMARY SCHOOL
17,MAKUENI,84,KILOME,417,KASIKEU,MUMELA PRIMARY SCHOOL
17,MAKUENI,84,KILOME,417,KASIKEU,MUANGINI PRIMARY SCHOOL
17,MAKUENI,84,KILOME,417,KASIKEU,KWA KALELO PRIMARY SCHOOL
17,MAKUENI,84,KILOME,417,KASIKEU,SULTAN HAMUD PRIMARY SCHOOL
17,MAKUENI,84,KILOME,417,KASIKEU,KYUNGUNI PRIMARY SCHOOL
17,MAKUENI,84,KILOME,417,KASIKEU,ENGULI PRIMARY SCHOOL
17,MAKUENI,84,KILOME,417,KASIKEU,MUANI PRIMARY SCHOOL
17,MAKUENI,84,KILOME,417,KASIKEU,KANDOLO PRIMARY SCHOOL
17,MAKUENI,84,KILOME,417,KASIKEU,LUMU PRIMARY SCHOOL
17,MAKUENI,84,KILOME,417,KASIKEU,ISIKA PRIMARY SCHOOL
17,MAKUENI,84,KILOME,417,KASIKEU,KIOU PRIMARY SCHOOL
17,MAKUENI,84,KILOME,417,KASIKEU,KIMA MARKET
17,MAKUENI,84,KILOME,417,KASIKEU,KILIA PRIMARY SCHOOL
17,MAKUENI,84,KILOME,417,KASIKEU,KWAMBUMBU PRIMARY SCHOOL
17,MAKUENI,84,KILOME,417,KASIKEU,KATHII PRIMARY SCHOOL
17,MAKUENI,84,KILOME,417,KASIKEU,KALIMBINI CATHOLIC CHURCH
17,MAKUENI,84,KILOME,417,KASIKEU,MUTWEAMBOO PRIMARY SCHOOL
17,MAKUENI,84,KILOME,417,KASIKEU,NGALANA PRIMARY SCHOOL
17,MAKUENI,84,KILOME,417,KASIKEU,KATULYANI PRIMARY SCHOOL
17,MAKUENI,84,KILOME,417,KASIKEU,LANDU PRIMARY SCHOOL
17,MAKUENI,84,KILOME,417,KASIKEU,KAWESE PRIMARY SCHOOL
17,MAKUENI,84,KILOME,418,MUKAA,KILOME S.A PRIMARY
17,MAKUENI,84,KILOME,418,MUKAA,KWAMWINGIO PRIMARY SCHOOL
17,MAKUENI,84,KILOME,418,MUKAA,ENZAI PRIMARY SCHOOL
17,MAKUENI,84,KILOME,418,MUKAA,KWAMBOTOE PRIMARY SCHOOL
17,MAKUENI,84,KILOME,418,MUKAA,KITAINGO PRIMARY SCHOOL
17,MAKUENI,84,KILOME,418,MUKAA,KWAKIKETI PRIMARY SCHOOL
17,MAKUENI,84,KILOME,418,MUKAA,KWAKYAMBU PRIMARY SCHOOL
17,MAKUENI,84,KILOME,418,MUKAA,KITONGUNI PRIMARY SCHOOL
17,MAKUENI,84,KILOME,418,MUKAA,KIONGWANI PRIMARY SCHOOL
17,MAKUENI,84,KILOME,418,MUKAA,KAMUTHINI PRIMARY SCHOOL
17,MAKUENI,84,KILOME,418,MUKAA,MUKAA PRIMARY SCHOOL
17,MAKUENI,84,KILOME,418,MUKAA,MATIANI PRIMARY SCHOOL
17,MAKUENI,84,KILOME,418,MUKAA,MUTHITHA PRIMARY SCHOOL
17,MAKUENI,84,KILOME,418,MUKAA,MWANYAMBEVO PRIMARY SCHOOL
17,MAKUENI,84,KILOME,418,MUKAA,KWA KASEKE PRIMARY SCHOOL
17,MAKUENI,84,KILOME,418,MUKAA,IANDUINI PRIMARY SCHOOL
17,MAKUENI,84,KILOME,419,KIIMA KIU/KALANZONI,KALANZONI PRIMARY SCHOOL
17,MAKUENI,84,KILOME,419,KIIMA KIU/KALANZONI,KIIMAKIU PRIMARY SCHOOL
17,MAKUENI,84,KILOME,419,KIIMA KIU/KALANZONI,TANGU PRIMARY SCHOOL
17,MAKUENI,84,KILOME,419,KIIMA KIU/KALANZONI,KATHUNGU PRIMARY SCHOOL.
17,MAKUENI,84,KILOME,419,KIIMA KIU/KALANZONI,NGAAMBA PRIMARY SCHOOL
17,MAKUENI,84,KILOME,419,KIIMA KIU/KALANZONI,ULU PRIMARY SCHOOL
17,MAKUENI,84,KILOME,419,KIIMA KIU/KALANZONI,KIU PRIMARY SCHOOL
17,MAKUENI,84,KILOME,419,KIIMA KIU/KALANZONI,KAVUKO PRIMARY SCHOOL
17,MAKUENI,84,KILOME,419,KIIMA KIU/KALANZONI,MULUMINI PRIMARY SCHOOL
17,MAKUENI,84,KILOME,419,KIIMA KIU/KALANZONI,KWANGUMU PRIMARY SCHOOL
17,MAKUENI,84,KILOME,419,KIIMA KIU/KALANZONI,MARWA PRIMARY SCHOOL
17,MAKUENI,84,KILOME,419,KIIMA KIU/KALANZONI,UVUNYE PRIMARY SCHOOL
17,MAKUENI,84,KILOME,419,KIIMA KIU/KALANZONI,ITUMBULE PRIMARY SCHOOL
17,MAKUENI,84,KILOME,419,KIIMA KIU/KALANZONI,KIKONGOONI PRIMARY SCHOOL
17,MAKUENI,84,KILOME,419,KIIMA KIU/KALANZONI,MAVIVYE DISPENSARY
17,MAKUENI,84,KILOME,419,KIIMA KIU/KALANZONI,MATHUNZUNI PRIMARY SCHOOL
17,MAKUENI,84,KILOME,419,KIIMA KIU/KALANZONI,KWAWALA PRIMARY SCHOOL
17,MAKUENI,84,KILOME,419,KIIMA KIU/KALANZONI,NDEMIU PRIMARY SCHOOL
17,MAKUENI,84,KILOME,419,KIIMA KIU/KALANZONI,KWAKEA PRIMARY SCHOOL
17,MAKUENI,84,KILOME,419,KIIMA KIU/KALANZONI,MALILI TOWNSHIP PRIMARY
17,MAKUENI,84,KILOME,419,KIIMA KIU/KALANZONI,KWANDEKE PRIMARY SCHOOL
17,MAKUENI,85,KAITI,420,UKIA,KYAMUTIMBA PRIMARY SCHOOL
17,MAKUENI,85,KAITI,420,UKIA,YATHONZA PRIMARY SCHOOL
17,MAKUENI,85,KAITI,420,UKIA,KAITI ACK PRIMARY SCHOOL
17,MAKUENI,85,KAITI,420,UKIA,KILALA AIC PRIMARY SCHOOL
17,MAKUENI,85,KAITI,420,UKIA,KINYUANI PRIMARY SCHOOL
17,MAKUENI,85,KAITI,420,UKIA,KAUMONI HGM PRIMARY SCHOOL
17,MAKUENI,85,KAITI,420,UKIA,KAUMONI DEB PRIMARY SCHOOL
17,MAKUENI,85,KAITI,420,UKIA,ITHANZENI PRIMARY SCHOOL
17,MAKUENI,85,KAITI,420,UKIA,NTHIMBANI PRIMARY SCHOOL
17,MAKUENI,85,KAITI,420,UKIA,ITITHINI PRIMARY SCHOOL
17,MAKUENI,85,KAITI,420,UKIA,KINYONGO PRIMARY SCHOOL
17,MAKUENI,85,KAITI,420,UKIA,IIUNI PRIMARY SCHOOL
17,MAKUENI,85,KAITI,420,UKIA,NTHUKULA PRIMARY SCHOOL
17,MAKUENI,85,KAITI,420,UKIA,MUIU DEB PRIMARY SCHOOL
17,MAKUENI,85,KAITI,420,UKIA,KISYUNGII PRIMARY SCHOOL
17,MAKUENI,85,KAITI,420,UKIA,MATINDINI PRIMARY SCHOOL
17,MAKUENI,85,KAITI,420,UKIA,IUANI AIC PRIMARY SCHOOL
17,MAKUENI,85,KAITI,420,UKIA,IUANI HGM PRIMARY SCHOOL
17,MAKUENI,85,KAITI,420,UKIA,MUNG'ELI PRIMARY SCHOOL
17,MAKUENI,85,KAITI,420,UKIA,KYAMUTHEI PRIMARY SCHOOL
17,MAKUENI,85,KAITI,420,UKIA,MITING ANI PRIMARY SCHOOL
17,MAKUENI,85,KAITI,420,UKIA,MUTHINI PRIMARY SCHOOL
17,MAKUENI,85,KAITI,420,UKIA,UKIA PRIMARY SCHOOL
17,MAKUENI,85,KAITI,420,UKIA,NTHONGONI PRIMARY SCHOOL
17,MAKUENI,85,KAITI,420,UKIA,KAVANI PRIMARY SCHOOL
17,MAKUENI,85,KAITI,420,UKIA,UTAATI PRIMARY SCHOOL
17,MAKUENI,85,KAITI,420,UKIA,KYAU PRIMARY SCHOOL
17,MAKUENI,85,KAITI,420,UKIA,MAKULI PRIMARY SCHOOL
17,MAKUENI,85,KAITI,421,KEE,KYAMBAI PRIMARY SCHOOL
17,MAKUENI,85,KAITI,421,KEE,KIVAI PRIMARY SCHOOL
17,MAKUENI,85,KAITI,421,KEE,KYANDUMBI PRIMARY SCHOOL
17,MAKUENI,85,KAITI,421,KEE,KIVAKU PRIMARY SCHOOL
17,MAKUENI,85,KAITI,421,KEE,WATEMA PRIMARY SCHOOL
17,MAKUENI,85,KAITI,421,KEE,NTHONZWENI PRIMARY SCHOOL
17,MAKUENI,85,KAITI,421,KEE,MUTULANI PRIMARY SCHOOL
17,MAKUENI,85,KAITI,421,KEE,THOMA PRIMARY SCHOOL
17,MAKUENI,85,KAITI,421,KEE,KEE PRIMARY SCHOOL
17,MAKUENI,85,KAITI,421,KEE,NDUMANI PRIMARY SCHOOL
17,MAKUENI,85,KAITI,421,KEE,KYAMWALYE PRIMARY SCHOOL
17,MAKUENI,85,KAITI,421,KEE,KITANDI PRIMARY SCHOOL
17,MAKUENI,85,KAITI,421,KEE,KIMWATHO PRIMARY SCHOOL
17,MAKUENI,85,KAITI,421,KEE,IKALYONI PRIMARY SCHOOL
17,MAKUENI,85,KAITI,421,KEE,MATANGI PRIMARY SCHOOL
17,MAKUENI,85,KAITI,421,KEE,KILOLO PRIMARY SCHOOL
17,MAKUENI,85,KAITI,422,KILUNGU,KWALULI PRIMARY SCHOOL
17,MAKUENI,85,KAITI,422,KILUNGU,KITHEMBE PRIMARY SCHOOL
17,MAKUENI,85,KAITI,422,KILUNGU,NUNGUNI SECONDARY SCHOOL
17,MAKUENI,85,KAITI,422,KILUNGU,MUTUNGU PRIMARY SCHOOL
17,MAKUENI,85,KAITI,422,KILUNGU,TUSUNINI PRIMARY SCHOOL
17,MAKUENI,85,KAITI,422,KILUNGU,KISULYA PRIMARY SCHOOL
17,MAKUENI,85,KAITI,422,KILUNGU,MUTONGU PRIMARY SCHOOL
17,MAKUENI,85,KAITI,422,KILUNGU,KILUNGU BOYS HIGH SCHOOL
17,MAKUENI,85,KAITI,422,KILUNGU,KYALE PRIMARY SCHOOL
17,MAKUENI,85,KAITI,422,KILUNGU,KITUIUNI PRIMARY SCHOOL
17,MAKUENI,85,KAITI,422,KILUNGU,KAEANI PRIMARY SCHOOL
17,MAKUENI,85,KAITI,422,KILUNGU,THOME ANDU BOYS PRIMARY SCHOOL
17,MAKUENI,85,KAITI,422,KILUNGU,MUTANDA PRIMARY SCHOOL
17,MAKUENI,85,KAITI,422,KILUNGU,KYANGELA PRIMARY SCHOOL
17,MAKUENI,85,KAITI,422,KILUNGU,KALONGO PRIMARY SCHOOL
17,MAKUENI,85,KAITI,422,KILUNGU,KIKOKO GIRLS PRIMARY SCHOOL
17,MAKUENI,85,KAITI,422,KILUNGU,KYAKITUKU PRIMARY SCHOOL
17,MAKUENI,85,KAITI,422,KILUNGU,NDUU PRIMARY SCHOOL
17,MAKUENI,85,KAITI,422,KILUNGU,KITHANGATHINI PRIMARY SCHOOL
17,MAKUENI,85,KAITI,422,KILUNGU,MUTHETHE AIC PRIMARY SCHOOL
17,MAKUENI,85,KAITI,422,KILUNGU,KYAMATHEKA SECONDARY SCHOOL
17,MAKUENI,85,KAITI,422,KILUNGU,KYAKATHUNGU PRIMARY SCHOOL
17,MAKUENI,85,KAITI,423,ILIMA,KYAMUOSO PRIMARY SCHOOL
17,MAKUENI,85,KAITI,423,ILIMA,KAMBUKU PRIMARY SCHOOL
17,MAKUENI,85,KAITI,423,ILIMA,ENGAVU PRIMARY SCHOOL
17,MAKUENI,85,KAITI,423,ILIMA,KYAKITHUKU PRIMARY SCHOOL
17,MAKUENI,85,KAITI,423,ILIMA,MWAANI PRIMARY SCHOOL
17,MAKUENI,85,KAITI,423,ILIMA,KYAMULINGE PRIMARY SCHOOL
17,MAKUENI,85,KAITI,423,ILIMA,MATWIKU PRIMARY SCHOOL
17,MAKUENI,85,KAITI,423,ILIMA,NDOLO PRIMARY SCHOOL
17,MAKUENI,85,KAITI,423,ILIMA,KYAMBEKE PRIMARY SCHOOL
17,MAKUENI,85,KAITI,423,ILIMA,KYESUNI PRIMARY SCHOOL
17,MAKUENI,85,KAITI,423,ILIMA,KYAKATONI PRIMARY SCHOOL
17,MAKUENI,85,KAITI,423,ILIMA,KYANG A PRIMARY SCHOOL
17,MAKUENI,85,KAITI,423,ILIMA,KYANGALA PRIMARY SCHOOL
17,MAKUENI,85,KAITI,423,ILIMA,WAUTU PRIMARY SCHOOL
17,MAKUENI,85,KAITI,423,ILIMA,KATIKOMU PRIMARY SCHOOL
17,MAKUENI,85,KAITI,423,ILIMA,INYOKONI PRIMARY SCHOOL
17,MAKUENI,85,KAITI,423,ILIMA,KAVATA NZOU PRIMARY SCHOOL
17,MAKUENI,85,KAITI,423,ILIMA,MUSALALA PRIMARY SCHOOL
17,MAKUENI,85,KAITI,423,ILIMA,KITUNDUMO PRIMARY SCHOOL
17,MAKUENI,85,KAITI,423,ILIMA,KATHULUNI PRIMARY SCHOOL
17,MAKUENI,85,KAITI,423,ILIMA,KYENZENI PRIMARY SCHOOL
17,MAKUENI,85,KAITI,423,ILIMA,KYEKYENZENI DISPENSARY
17,MAKUENI,86,MAKUENI,424,WOTE,KIVANDINI PRIMARY SCHOOL
17,MAKUENI,86,MAKUENI,424,WOTE,ST. JOHN MALIVANI PRIMARY SCHOOL
17,MAKUENI,86,MAKUENI,424,WOTE,UNOA PRIMARY SCHOOL
17,MAKUENI,86,MAKUENI,424,WOTE,NZIU PRIMARY SCHOOL
17,MAKUENI,86,MAKUENI,424,WOTE,MUTHYOI PRIMARY SCHOOL
17,MAKUENI,86,MAKUENI,424,WOTE,KITIKYUMU PRIMARY SCHOOL
17,MAKUENI,86,MAKUENI,424,WOTE,ACK NURSERY SCHOOL
17,MAKUENI,86,MAKUENI,424,WOTE,MALOOI PRIMARY SCHOOL
17,MAKUENI,86,MAKUENI,424,WOTE,KASALANI STADIUM
17,MAKUENI,86,MAKUENI,424,WOTE,MAKUENI GK PRISONS
17,MAKUENI,86,MAKUENI,424,WOTE,ITANDI PRIMARY SCHOOL
17,MAKUENI,86,MAKUENI,425,MUVAU/KIKUUMINI,KITONYONI PRIMARY SCHOOL
17,MAKUENI,86,MAKUENI,425,MUVAU/KIKUUMINI,NZUENI PRIMARY SCHOOL
17,MAKUENI,86,MAKUENI,425,MUVAU/KIKUUMINI,NGOSINI PRIMARY SCHOOL
17,MAKUENI,86,MAKUENI,425,MUVAU/KIKUUMINI,KYAKA PRIMARY SCHOOL
17,MAKUENI,86,MAKUENI,425,MUVAU/KIKUUMINI,SIA PRIMARY SCHOOL
17,MAKUENI,86,MAKUENI,425,MUVAU/KIKUUMINI,KAMBI MAWE PRIMARY SCHOOL
17,MAKUENI,86,MAKUENI,425,MUVAU/KIKUUMINI,ITAA PRIMARY SCHOOL
17,MAKUENI,86,MAKUENI,425,MUVAU/KIKUUMINI,KIMUUMO PRIMARY SCHOOL
17,MAKUENI,86,MAKUENI,425,MUVAU/KIKUUMINI,NGUTWA PRIMARY SCHOOL
17,MAKUENI,86,MAKUENI,425,MUVAU/KIKUUMINI,MANDOI PRIMARY SCHOOL
17,MAKUENI,86,MAKUENI,425,MUVAU/KIKUUMINI,MANGAUNI PRIMARY SCHOOL
17,MAKUENI,86,MAKUENI,425,MUVAU/KIKUUMINI,AIC MUTULANI PRIMARY SCHOOL
17,MAKUENI,86,MAKUENI,425,MUVAU/KIKUUMINI,KYEMWOLE PRIMARY SCHOOL
17,MAKUENI,86,MAKUENI,425,MUVAU/KIKUUMINI,KYAMUSOI PRIMARY SCHOOL
17,MAKUENI,86,MAKUENI,425,MUVAU/KIKUUMINI,NGUNU PRIMARY SCHOOL
17,MAKUENI,86,MAKUENI,426,MAVINDINI,SYANDOO PRIMARY SCHOOL
17,MAKUENI,86,MAKUENI,426,MAVINDINI,UIINI PRIMARY SCHOOL
17,MAKUENI,86,MAKUENI,426,MAVINDINI,MAVINDINI PRIMARY SCOOL
17,MAKUENI,86,MAKUENI,426,MAVINDINI,KITUMBAI PRIMARY SCHOOL
17,MAKUENI,86,MAKUENI,426,MAVINDINI,MAKUTANO TRADING CENTRE
17,MAKUENI,86,MAKUENI,426,MAVINDINI,KAMUITHI PRIMARY SCHOOL
17,MAKUENI,86,MAKUENI,426,MAVINDINI,IVINGANZIA PRIMARY SCHOOL
17,MAKUENI,86,MAKUENI,426,MAVINDINI,KANTHUNI PRIMARY SCHOOL
17,MAKUENI,86,MAKUENI,426,MAVINDINI,YEMBONDO PRIMARY SCHOOL
17,MAKUENI,86,MAKUENI,426,MAVINDINI,KWA ARUNI PRIMARY SCHOOL
17,MAKUENI,86,MAKUENI,426,MAVINDINI,YEKANGA PRIMARY SCHOOL
17,MAKUENI,86,MAKUENI,426,MAVINDINI,KWA KILOMO PRIMARY SCHOOL
17,MAKUENI,86,MAKUENI,426,MAVINDINI,KITHATHAINI PRIMARY SCHOOL
17,MAKUENI,86,MAKUENI,426,MAVINDINI,MATHANGATHINI PRIMARY SCHOOL
17,MAKUENI,86,MAKUENI,426,MAVINDINI,MUMBEENI PRIMARY SCHOOL
17,MAKUENI,86,MAKUENI,426,MAVINDINI,ILUMANI PRIMARY SCHOOL
17,MAKUENI,86,MAKUENI,426,MAVINDINI,MIKISI PRIMARY SCHOOL
17,MAKUENI,86,MAKUENI,426,MAVINDINI,UNGATANI PRIMARY SCHOOL
17,MAKUENI,86,MAKUENI,427,KITISE/KITHUKI,YINTHUNGU PRIMARY SCHOOL
17,MAKUENI,86,MAKUENI,427,KITISE/KITHUKI,KYASE PRIMARY SCHOOL
17,MAKUENI,86,MAKUENI,427,KITISE/KITHUKI,KITHUKI PRIMARY SCHOOL
17,MAKUENI,86,MAKUENI,427,KITISE/KITHUKI,KIUUKU PRIMARY SCHOOL
17,MAKUENI,86,MAKUENI,427,KITISE/KITHUKI,KITISE PRIMARY SCHOOL
17,MAKUENI,86,MAKUENI,427,KITISE/KITHUKI,MANZA PRIMARY SCHOOL
17,MAKUENI,86,MAKUENI,427,KITISE/KITHUKI,MBATA PRIMARY SCHOOL
17,MAKUENI,86,MAKUENI,427,KITISE/KITHUKI,KIKOME PRIMARY SCHOOL
17,MAKUENI,86,MAKUENI,427,KITISE/KITHUKI,ATHIANI PRIMARY SCHOOL
17,MAKUENI,86,MAKUENI,427,KITISE/KITHUKI,MAAU ELI PRIMARY SCHOOL
17,MAKUENI,86,MAKUENI,427,KITISE/KITHUKI,KIMUNDI PRIMARY SCHOOL
17,MAKUENI,86,MAKUENI,427,KITISE/KITHUKI,KWANYAA PRIMARY SCHOOL
17,MAKUENI,86,MAKUENI,427,KITISE/KITHUKI,KATANGINI PRIMARY SCHOOL
17,MAKUENI,86,MAKUENI,427,KITISE/KITHUKI,KWANZULA PRIMARY SCHOOL
17,MAKUENI,86,MAKUENI,427,KITISE/KITHUKI,KALELO PRIMARY SCHOOL
17,MAKUENI,86,MAKUENI,427,KITISE/KITHUKI,MUANGENI PRIMARY SCHOOL
17,MAKUENI,86,MAKUENI,427,KITISE/KITHUKI,KASAYANI PRIMARY SCHOOL
17,MAKUENI,86,MAKUENI,427,KITISE/KITHUKI,NGUNGUUNI PRIMARY SCHOOL
17,MAKUENI,86,MAKUENI,427,KITISE/KITHUKI,KITHAAYONI NURSERY SCHOOL
17,MAKUENI,86,MAKUENI,427,KITISE/KITHUKI,MAYUU PRIMARY SCHOOL
17,MAKUENI,86,MAKUENI,427,KITISE/KITHUKI,MIKAUNI PRIMARY SCHOOL
17,MAKUENI,86,MAKUENI,427,KITISE/KITHUKI,UKOKOLANI PRIMARY SCHOOL
17,MAKUENI,86,MAKUENI,428,KATHONZWENI,MATHEMBA PRIMARY SCHOOL
17,MAKUENI,86,MAKUENI,428,KATHONZWENI,THAVU PRIMARY SCHOOL
17,MAKUENI,86,MAKUENI,428,KATHONZWENI,KATHAMBONI PRIMARY SCHOOL
17,MAKUENI,86,MAKUENI,428,KATHONZWENI,YEMULWA PRIMARY SCHOOL
17,MAKUENI,86,MAKUENI,428,KATHONZWENI,KATHONZWENI PRIMARTY SCHOOL
17,MAKUENI,86,MAKUENI,428,KATHONZWENI,IKAASU PRIMARY SCHOOL
17,MAKUENI,86,MAKUENI,428,KATHONZWENI,KIUWANI PRIMARY SCHOOL
17,MAKUENI,86,MAKUENI,428,KATHONZWENI,KATEIKO PRIMARY SCHOOL
17,MAKUENI,86,MAKUENI,428,KATHONZWENI,KAASYA PRIMARY SCHOOL
17,MAKUENI,86,MAKUENI,428,KATHONZWENI,KAVINGONI PRIMARY SCHOOL
17,MAKUENI,86,MAKUENI,428,KATHONZWENI,KANTHIITU PRIMARY SCHOOL
17,MAKUENI,86,MAKUENI,428,KATHONZWENI,KIANGINI DAY/BOARDING PRIMARY SCHOOL
17,MAKUENI,86,MAKUENI,428,KATHONZWENI,KITEEI PRIMARY SCHOOL
17,MAKUENI,86,MAKUENI,428,KATHONZWENI,MUTINI PRIMARY SCHOOL
17,MAKUENI,86,MAKUENI,428,KATHONZWENI,SYETHE PRIMARY SCHOOL
17,MAKUENI,86,MAKUENI,428,KATHONZWENI,KWAKAVISI PRIMARY SCHOOL
17,MAKUENI,86,MAKUENI,428,KATHONZWENI,MWISA PRIMARY SCHOOL
17,MAKUENI,86,MAKUENI,428,KATHONZWENI,MBUVO PRIMARY SCHOOL
17,MAKUENI,86,MAKUENI,428,KATHONZWENI,KYUNYU PRIMARY SCHOOL
17,MAKUENI,86,MAKUENI,428,KATHONZWENI,KASAMBANI PRIMARY SCHOOL
17,MAKUENI,86,MAKUENI,428,KATHONZWENI,SYATU PRIMARY SCHOOL
17,MAKUENI,86,MAKUENI,428,KATHONZWENI,MALUVYU PRIMARY SCHOOL
17,MAKUENI,86,MAKUENI,428,KATHONZWENI,KWANGONDU PRIMARY SCHOOL
17,MAKUENI,86,MAKUENI,429,NZAUI/KILILI/KALAMBA,IKANGAVYA PRIMARY SCHOOL
17,MAKUENI,86,MAKUENI,429,NZAUI/KILILI/KALAMBA,MAUMBA PRIMARY SCHOOL
17,MAKUENI,86,MAKUENI,429,NZAUI/KILILI/KALAMBA,KWAMUTAVI PRIMARY SCHOOL
17,MAKUENI,86,MAKUENI,429,NZAUI/KILILI/KALAMBA,KALAMBA PRIMARY SCHOOL
17,MAKUENI,86,MAKUENI,429,NZAUI/KILILI/KALAMBA,NGUKUNI PRIMARY SCHOOL
17,MAKUENI,86,MAKUENI,429,NZAUI/KILILI/KALAMBA,ISAMBANI PRIMARY SCHOOL
17,MAKUENI,86,MAKUENI,429,NZAUI/KILILI/KALAMBA,KITHUMBA PRIMARY SCHOOL
17,MAKUENI,86,MAKUENI,429,NZAUI/KILILI/KALAMBA,NZEENI PRIMARY SCHOOL
17,MAKUENI,86,MAKUENI,429,NZAUI/KILILI/KALAMBA,NDUUMONI PRIMARY SCHOOL
17,MAKUENI,86,MAKUENI,429,NZAUI/KILILI/KALAMBA,MATILIKU PRIMARY SCHOOL
17,MAKUENI,86,MAKUENI,429,NZAUI/KILILI/KALAMBA,KWAKUKUI PRIMARY SCHOOL
17,MAKUENI,86,MAKUENI,429,NZAUI/KILILI/KALAMBA,NDOVEA PRIMARY SCHOOL
17,MAKUENI,86,MAKUENI,429,NZAUI/KILILI/KALAMBA,KWAMUTUMIA PRIMARY SCHOOL
17,MAKUENI,86,MAKUENI,429,NZAUI/KILILI/KALAMBA,MULENYU PRIMARY SCHOOL
17,MAKUENI,86,MAKUENI,429,NZAUI/KILILI/KALAMBA,WEE PRIMARY SCHOOL
17,MAKUENI,86,MAKUENI,429,NZAUI/KILILI/KALAMBA,KALEMBWANI PRIMARY SCHOOL
17,MAKUENI,86,MAKUENI,429,NZAUI/KILILI/KALAMBA,KYANGWASI PRIMARY SCHOOL
17,MAKUENI,86,MAKUENI,429,NZAUI/KILILI/KALAMBA,MULANGONI PRIMARY SCHOOL
17,MAKUENI,86,MAKUENI,429,NZAUI/KILILI/KALAMBA,NGAA PRIMARY SCHOOL
17,MAKUENI,86,MAKUENI,429,NZAUI/KILILI/KALAMBA,MAVIAUME PRIMARY SCHOOL
17,MAKUENI,86,MAKUENI,429,NZAUI/KILILI/KALAMBA,CHIEFS CAMP KILILI LOCATION
17,MAKUENI,86,MAKUENI,429,NZAUI/KILILI/KALAMBA,KWAMBITI PRIMARY SCHOOL
17,MAKUENI,86,MAKUENI,429,NZAUI/KILILI/KALAMBA,NGULWA PRIMARY SCHOOL
17,MAKUENI,86,MAKUENI,429,NZAUI/KILILI/KALAMBA,SYAOLWE PRIMARY SCHOOL
17,MAKUENI,86,MAKUENI,429,NZAUI/KILILI/KALAMBA,MAUMI PRIMARY SCHOOL
17,MAKUENI,86,MAKUENI,429,NZAUI/KILILI/KALAMBA,MUNGETHEELE PRIMARY SCHOOL
17,MAKUENI,86,MAKUENI,429,NZAUI/KILILI/KALAMBA,MATILIKU SHOPPING CENTRE
17,MAKUENI,86,MAKUENI,429,NZAUI/KILILI/KALAMBA,KIKUI PRIMARY SCHOOL
17,MAKUENI,86,MAKUENI,429,NZAUI/KILILI/KALAMBA,YIUMA PRIMARY SCHOOL
17,MAKUENI,86,MAKUENI,429,NZAUI/KILILI/KALAMBA,KWAKALUI PRIMARY SCHOOL
17,MAKUENI,86,MAKUENI,430,MBITINI,KASUVI PRIMARY SCHOOL
17,MAKUENI,86,MAKUENI,430,MBITINI,MBUTHANI PRIMARY SCHOOL
17,MAKUENI,86,MAKUENI,430,MBITINI,KAVUTHU PRIMARY SCHOOL
17,MAKUENI,86,MAKUENI,430,MBITINI,VULUENI PRIMARY SCHOOL
17,MAKUENI,86,MAKUENI,430,MBITINI,MUTYAMBUA PRIMARY SCHOOL
17,MAKUENI,86,MAKUENI,430,MBITINI,BARAZANI GIRLS HIGH SCHOOL
17,MAKUENI,86,MAKUENI,430,MBITINI,MATOONI PRIMARY SCHOOL
17,MAKUENI,86,MAKUENI,430,MBITINI,MUNGYANI PRIMARY SCHOOL
17,MAKUENI,86,MAKUENI,430,MBITINI,MUAMBWANI PRIMARY SCHOOL
17,MAKUENI,86,MAKUENI,430,MBITINI,KITHUMANI PRIMARY SCHOOL
17,MAKUENI,86,MAKUENI,430,MBITINI,KYEMUNDU PRIMARY SCHOOL
17,MAKUENI,86,MAKUENI,430,MBITINI,YUMBANI PRIMARY SCHOOL
17,MAKUENI,86,MAKUENI,430,MBITINI,KALIINI PRIMARY SCHOOL
17,MAKUENI,86,MAKUENI,430,MBITINI,NGOTO PRIMARY SCHOOL
17,MAKUENI,86,MAKUENI,430,MBITINI,MBELETU PRIMARY SCHOOL
17,MAKUENI,86,MAKUENI,430,MBITINI,MASUE PRIMARY SCHOOL
17,MAKUENI,86,MAKUENI,430,MBITINI,MAMUU PRIMARY SCHOOL
17,MAKUENI,86,MAKUENI,430,MBITINI,KITHATHA PRIMARY SCHOOL
17,MAKUENI,86,MAKUENI,430,MBITINI,MBUVUNI PRIMARY SCHOOL
17,MAKUENI,86,MAKUENI,430,MBITINI,MBALANI PRIMARY SCHOOL
17,MAKUENI,86,MAKUENI,430,MBITINI,YUUNI PRIMARY SCHOOL
17,MAKUENI,86,MAKUENI,430,MBITINI,KALUMBI PRIMARY SCHOOL
17,MAKUENI,86,MAKUENI,430,MBITINI,KATHUMA PRIMARY SCHOOL
17,MAKUENI,86,MAKUENI,430,MBITINI,IIMBA PRIMARY SCHOOL
17,MAKUENI,87,KIBWEZI WEST,431,MAKINDU,NGAAKAA PRIMARY SCHOOL
17,MAKUENI,87,KIBWEZI WEST,431,MAKINDU,KALII PRIMARY SCHOOL
17,MAKUENI,87,KIBWEZI WEST,431,MAKINDU,MITENDEU PRIMARY SCHOOL
17,MAKUENI,87,KIBWEZI WEST,431,MAKINDU,NTHIA PRIMARY SCHOOL
17,MAKUENI,87,KIBWEZI WEST,431,MAKINDU,KANGII PRIMARY SCHOOL
17,MAKUENI,87,KIBWEZI WEST,431,MAKINDU,YIMWAA PRIMARY SCHOOL
17,MAKUENI,87,KIBWEZI WEST,431,MAKINDU,IKUNGU PRIMARY SCHOOL
17,MAKUENI,87,KIBWEZI WEST,431,MAKINDU,KATHEANI D.E.B. PRIMARY SCHOOL
17,MAKUENI,87,KIBWEZI WEST,431,MAKINDU,YINDALANI PRIMARY SCHOOL
17,MAKUENI,87,KIBWEZI WEST,431,MAKINDU,YINGOSO PRIMARY SCHOOL
17,MAKUENI,87,KIBWEZI WEST,431,MAKINDU,KISINGO PRIMARY SCHOOL
17,MAKUENI,87,KIBWEZI WEST,431,MAKINDU,KISINGO YOUTH POLYTECHNIC
17,MAKUENI,87,KIBWEZI WEST,431,MAKINDU,KAI PRIMARY SCHOOL
17,MAKUENI,87,KIBWEZI WEST,431,MAKINDU,SYENGONI PRIMARY SCHOOL
17,MAKUENI,87,KIBWEZI WEST,431,MAKINDU,MAKINDU A PRIMARY SCHOOL
17,MAKUENI,87,KIBWEZI WEST,431,MAKINDU,IKOYO PRIMARY SCHOOL
17,MAKUENI,87,KIBWEZI WEST,431,MAKINDU,MULILII PRIMARY SCHOOL
17,MAKUENI,87,KIBWEZI WEST,431,MAKINDU,MBONDENI PRIMARY SCHOOL
17,MAKUENI,87,KIBWEZI WEST,431,MAKINDU,KIMBOO PRIMARY SCHOOL
17,MAKUENI,87,KIBWEZI WEST,431,MAKINDU,MIKULULO PRIMARY SCHOOL
17,MAKUENI,87,KIBWEZI WEST,431,MAKINDU,KIBOKO PRIMARY SCHOOL
17,MAKUENI,87,KIBWEZI WEST,431,MAKINDU,MWAILU PRIMARY SCHOOL
17,MAKUENI,87,KIBWEZI WEST,431,MAKINDU,KAASUVI PRIMARY SCHOOL
17,MAKUENI,87,KIBWEZI WEST,431,MAKINDU,YINZAU PRIMARY SCHOOL
17,MAKUENI,87,KIBWEZI WEST,431,MAKINDU,BOMA 4 KARI PUBLIC GROUNDS
17,MAKUENI,87,KIBWEZI WEST,431,MAKINDU,KAVETE DISPENSARY
17,MAKUENI,87,KIBWEZI WEST,431,MAKINDU,ITULANI PRIMARY SCHOOL
17,MAKUENI,87,KIBWEZI WEST,432,NGUUMO,KILEMA PRIMARY SCHOOL
17,MAKUENI,87,KIBWEZI WEST,432,NGUUMO,SYUMILE PRIMARY SCHOOL
17,MAKUENI,87,KIBWEZI WEST,432,NGUUMO,MAKUSU PRIMARY SCHOOL
17,MAKUENI,87,KIBWEZI WEST,432,NGUUMO,NDONGUNI PRIMARY SCHOOL
17,MAKUENI,87,KIBWEZI WEST,432,NGUUMO,TUNGUNI PRIMARY SCHOOL
17,MAKUENI,87,KIBWEZI WEST,432,NGUUMO,WAYONA PRIMARY SCHOOL
17,MAKUENI,87,KIBWEZI WEST,432,NGUUMO,MUUNDANI PRIMARY SCHOOL
17,MAKUENI,87,KIBWEZI WEST,432,NGUUMO,YIENI PRIMARY SCHOOL
17,MAKUENI,87,KIBWEZI WEST,432,NGUUMO,KWA MBAE PRIMARY SCHOOL
17,MAKUENI,87,KIBWEZI WEST,432,NGUUMO,MUTANTHEEU PRIMARY SCHOOL
17,MAKUENI,87,KIBWEZI WEST,432,NGUUMO,NGWIW'A PRIMARY SCHOOL
17,MAKUENI,87,KIBWEZI WEST,432,NGUUMO,SEKELENI PRIMARY SCHOOL
17,MAKUENI,87,KIBWEZI WEST,432,NGUUMO,ILATU PRIMARY SCHOOL
17,MAKUENI,87,KIBWEZI WEST,432,NGUUMO,WIIVIA PRIMARY SCHOOL
17,MAKUENI,87,KIBWEZI WEST,432,NGUUMO,UVILENI PRIMARY SCHOOL
17,MAKUENI,87,KIBWEZI WEST,432,NGUUMO,KYANDULU PRIMARY SCHOOL
17,MAKUENI,87,KIBWEZI WEST,432,NGUUMO,SOTO PRIMARY SCHOOL
17,MAKUENI,87,KIBWEZI WEST,432,NGUUMO,KALAKALYA PRIMARY SCHOOL
17,MAKUENI,87,KIBWEZI WEST,432,NGUUMO,WIKIAMBA PRIMARY SCHOOL
17,MAKUENI,87,KIBWEZI WEST,432,NGUUMO,ISAANI PRIMARY SCHOOL
17,MAKUENI,87,KIBWEZI WEST,432,NGUUMO,YIKISEMEI PRIMARY SCHOOL
17,MAKUENI,87,KIBWEZI WEST,433,KIKUMBULYU NORTH,KING'UTHENI PRIMARY SCHOOL
17,MAKUENI,87,KIBWEZI WEST,433,KIKUMBULYU NORTH,NGAIKINI PRIMARY SCHOOL
17,MAKUENI,87,KIBWEZI WEST,433,KIKUMBULYU NORTH,MALEMBWA PRIMARY SCHOOL
17,MAKUENI,87,KIBWEZI WEST,433,KIKUMBULYU NORTH,MUKONONI PRIMARY SCHOOL
17,MAKUENI,87,KIBWEZI WEST,433,KIKUMBULYU NORTH,KATHYAKA PRIMARY SCHOOL
17,MAKUENI,87,KIBWEZI WEST,433,KIKUMBULYU NORTH,NYAYO PRIMARY SCHOOL
17,MAKUENI,87,KIBWEZI WEST,433,KIKUMBULYU NORTH,KIAONI PRIMARY SCHOOL
17,MAKUENI,87,KIBWEZI WEST,433,KIKUMBULYU NORTH,YIKIVALA PRIMARY SCHOOL
17,MAKUENI,87,KIBWEZI WEST,433,KIKUMBULYU NORTH,KANYUNGU PRIMARY SCHOOL
17,MAKUENI,87,KIBWEZI WEST,433,KIKUMBULYU NORTH,MILU PRIMARY SCHOOL
17,MAKUENI,87,KIBWEZI WEST,433,KIKUMBULYU NORTH,KATILAMUNI PRIMARY SCHOOL
17,MAKUENI,87,KIBWEZI WEST,433,KIKUMBULYU NORTH,KIWANZANI PRIMARY SCHOOL
17,MAKUENI,87,KIBWEZI WEST,433,KIKUMBULYU NORTH,NDETANI YOUTH POLYTECHNIC
17,MAKUENI,87,KIBWEZI WEST,434,KIKUMBULYU SOUTH,ILINGONI PRIMARY SCHOOL
17,MAKUENI,87,KIBWEZI WEST,434,KIKUMBULYU SOUTH,MUATINI PRIMARY SCHOOL
17,MAKUENI,87,KIBWEZI WEST,434,KIKUMBULYU SOUTH,KIBWEZI TOWNSHIP PRIMARY SCHOOL
17,MAKUENI,87,KIBWEZI WEST,434,KIKUMBULYU SOUTH,MBUI NZAU PRIMARY SCHOOL
17,MAKUENI,87,KIBWEZI WEST,434,KIKUMBULYU SOUTH,ITHAMBAUME PRIMARY SCHOOL
17,MAKUENI,87,KIBWEZI WEST,434,KIKUMBULYU SOUTH,KWAKYAI PRIMARY SCHOOL
17,MAKUENI,87,KIBWEZI WEST,434,KIKUMBULYU SOUTH,KEVANDA PRIMARY SCHOOL
17,MAKUENI,87,KIBWEZI WEST,434,KIKUMBULYU SOUTH,KYANGINYWA PRIMARY SCHOOL
17,MAKUENI,87,KIBWEZI WEST,434,KIKUMBULYU SOUTH,MATINGA PRIMARY SCHOOL
17,MAKUENI,87,KIBWEZI WEST,434,KIKUMBULYU SOUTH,KIE GROUNDS - KIBWEZI TOWN
17,MAKUENI,87,KIBWEZI WEST,435,NGUU/MASUMBA,NGONGWENI PRIMARY SCHOOL
17,MAKUENI,87,KIBWEZI WEST,435,NGUU/MASUMBA,ITAAVA PRIMARY SCHOOL
17,MAKUENI,87,KIBWEZI WEST,435,NGUU/MASUMBA,NDULU PRIMARY SCHOOL
17,MAKUENI,87,KIBWEZI WEST,435,NGUU/MASUMBA,MASUMBA PRIMARY SCHOOL
17,MAKUENI,87,KIBWEZI WEST,435,NGUU/MASUMBA,ITULU PRIMARY SCHOOL
17,MAKUENI,87,KIBWEZI WEST,435,NGUU/MASUMBA,KAKILI PRIMARY SCHOOL
17,MAKUENI,87,KIBWEZI WEST,435,NGUU/MASUMBA,MWALILI PRIMARY SCHOOL
17,MAKUENI,87,KIBWEZI WEST,435,NGUU/MASUMBA,MII PRIMARY SCHOOL
17,MAKUENI,87,KIBWEZI WEST,435,NGUU/MASUMBA,KITENDE PRIMARY SCHOOL
17,MAKUENI,87,KIBWEZI WEST,435,NGUU/MASUMBA,MUKAME A MBEU PRIMARY SCHOOL
17,MAKUENI,87,KIBWEZI WEST,435,NGUU/MASUMBA,KWA MUKONYO PRIMARY SCHOOL
17,MAKUENI,87,KIBWEZI WEST,435,NGUU/MASUMBA,ITIANI PRIMARY SCHOOL
17,MAKUENI,87,KIBWEZI WEST,435,NGUU/MASUMBA,MATUTU PRIMARY SCHOOL
17,MAKUENI,87,KIBWEZI WEST,435,NGUU/MASUMBA,THITHI PRIMARY SCHOOL
17,MAKUENI,87,KIBWEZI WEST,435,NGUU/MASUMBA,MWEINI PRIMARY SCHOOL
17,MAKUENI,87,KIBWEZI WEST,435,NGUU/MASUMBA,VOLOLO PRIMARY SCHOOL
17,MAKUENI,87,KIBWEZI WEST,435,NGUU/MASUMBA,NGUMA PRIMARY SCHOOL
17,MAKUENI,87,KIBWEZI WEST,435,NGUU/MASUMBA,KANYILILYA PRIMARY SCHOOL
17,MAKUENI,87,KIBWEZI WEST,435,NGUU/MASUMBA,UTINI PRIMARY SCHOOL
17,MAKUENI,87,KIBWEZI WEST,435,NGUU/MASUMBA,MBUKANI PRIMARY SCHOOL
17,MAKUENI,87,KIBWEZI WEST,435,NGUU/MASUMBA,UTHASYO PRIMARY SCHOOL
17,MAKUENI,87,KIBWEZI WEST,435,NGUU/MASUMBA,MASAMUKYE PRIMARY SCHOOL
17,MAKUENI,87,KIBWEZI WEST,435,NGUU/MASUMBA,MAKASA PRIMARY SCHOOL
17,MAKUENI,87,KIBWEZI WEST,435,NGUU/MASUMBA,MITHUMONI PRIMARY SCHOOL
17,MAKUENI,87,KIBWEZI WEST,436,EMALI/MULALA,MWASANGOMBE PRIMARY SCHOOL
17,MAKUENI,87,KIBWEZI WEST,436,EMALI/MULALA,NGELENGE PRIMARY SCHOOL
17,MAKUENI,87,KIBWEZI WEST,436,EMALI/MULALA,UTHANGATHI PRIMARY SCHOOL
17,MAKUENI,87,KIBWEZI WEST,436,EMALI/MULALA,MULALA HGM PRIMARY SCHOOL
17,MAKUENI,87,KIBWEZI WEST,436,EMALI/MULALA,MATIKU PRIMARY SCHOOL
17,MAKUENI,87,KIBWEZI WEST,436,EMALI/MULALA,KIUANI PRIMARY SCHOOL
17,MAKUENI,87,KIBWEZI WEST,436,EMALI/MULALA,KWA KALELI PRIMARY SCHOOL
17,MAKUENI,87,KIBWEZI WEST,436,EMALI/MULALA,EMALI PRIMARY SCHOOL
17,MAKUENI,87,KIBWEZI WEST,436,EMALI/MULALA,KWAKAKULU PRIMARY SCHOOL
17,MAKUENI,87,KIBWEZI WEST,436,EMALI/MULALA,TUTINI PRIMARY SCHOOL
17,MAKUENI,87,KIBWEZI WEST,436,EMALI/MULALA,KALIMA PRIMARY SCHOOL
17,MAKUENI,87,KIBWEZI WEST,436,EMALI/MULALA,NDWAANI PRIMARY SCHOOL
17,MAKUENI,88,KIBWEZI EAST,437,MASONGALENI,MASIMBANI PRIMARY SCHOOL
17,MAKUENI,88,KIBWEZI EAST,437,MASONGALENI,SAINT PATRICK NGOMANO PRIMARY SCHOOL
17,MAKUENI,88,KIBWEZI EAST,437,MASONGALENI,MASAKU NDOGO PRIMARY SCHOOL
17,MAKUENI,88,KIBWEZI EAST,437,MASONGALENI,ING'OLA PRIMARY SCHOOL
17,MAKUENI,88,KIBWEZI EAST,437,MASONGALENI,KYUMANI PRIMARY SCHOOL
17,MAKUENI,88,KIBWEZI EAST,437,MASONGALENI,TISYA PRIMARY SCHOOL
17,MAKUENI,88,KIBWEZI EAST,437,MASONGALENI,MITONGUNI PRIMARY SCHOOL
17,MAKUENI,88,KIBWEZI EAST,437,MASONGALENI,ULILINZI PRIMARY SCHOOL
17,MAKUENI,88,KIBWEZI EAST,437,MASONGALENI,KITHYULULU PRIMARY SCHOOL
17,MAKUENI,88,KIBWEZI EAST,437,MASONGALENI,LUKENYA PRIMARY SCHOOL
17,MAKUENI,88,KIBWEZI EAST,437,MASONGALENI,WANDEI PRIMARY SCHOOL
17,MAKUENI,88,KIBWEZI EAST,437,MASONGALENI,YIKIVUTHI PRIMARY SCHOOL
17,MAKUENI,88,KIBWEZI EAST,437,MASONGALENI,MIUMONI PRIMARY SCHOOL
17,MAKUENI,88,KIBWEZI EAST,437,MASONGALENI,KALIMA KOI PRIMARY SCHOOL
17,MAKUENI,88,KIBWEZI EAST,437,MASONGALENI,IONGONI PRIMARY SCHOOL
17,MAKUENI,88,KIBWEZI EAST,437,MASONGALENI,YIKITAA PRIMARY SCHOOL
17,MAKUENI,88,KIBWEZI EAST,437,MASONGALENI,ATHI SALAMA PRIMARY SCHOOL
17,MAKUENI,88,KIBWEZI EAST,437,MASONGALENI,ITITI PRIMARY SCHOOL
17,MAKUENI,88,KIBWEZI EAST,438,MTITO ANDEI,YIKIVUMBU PRIMARY SCHOOL
17,MAKUENI,88,KIBWEZI EAST,438,MTITO ANDEI,MOLEMUNI PRIMARY SCHOOL
17,MAKUENI,88,KIBWEZI EAST,438,MTITO ANDEI,NGWATA TECHNICAL TRAINING INSTITUTE
17,MAKUENI,88,KIBWEZI EAST,438,MTITO ANDEI,KAMBU PRIMARY SCHOOL
17,MAKUENI,88,KIBWEZI EAST,438,MTITO ANDEI,KILUMILO PRIMARY SCHOOL
17,MAKUENI,88,KIBWEZI EAST,438,MTITO ANDEI,MITOONI PRIMARY SCHOOL
17,MAKUENI,88,KIBWEZI EAST,438,MTITO ANDEI,YINDUNDU PRIMARY SCHOOL
17,MAKUENI,88,KIBWEZI EAST,438,MTITO ANDEI,ATHI KAMUNYUNI PRIMARY SCHOOL
17,MAKUENI,88,KIBWEZI EAST,438,MTITO ANDEI,KAVUNGWA PRIMARY SCHOOL
17,MAKUENI,88,KIBWEZI EAST,438,MTITO ANDEI,SILANGA PRIMARY SCHOOL
17,MAKUENI,88,KIBWEZI EAST,438,MTITO ANDEI,KATHEKANI PRIMARY SCHOOL
17,MAKUENI,88,KIBWEZI EAST,438,MTITO ANDEI,MITAMBONI PRIMARY SCHOOL
17,MAKUENI,88,KIBWEZI EAST,438,MTITO ANDEI,KAMBILI PRIMARY SCHOOL
17,MAKUENI,88,KIBWEZI EAST,438,MTITO ANDEI,NZOILA PRIMARY SCHOOL
17,MAKUENI,88,KIBWEZI EAST,438,MTITO ANDEI,MULU MUTISYA PRIMARY SCHOOL
17,MAKUENI,88,KIBWEZI EAST,438,MTITO ANDEI,NGILANI PRIMARY SCHOOL
17,MAKUENI,88,KIBWEZI EAST,438,MTITO ANDEI,MBEETWANI PRIMARY SCHOOL
17,MAKUENI,88,KIBWEZI EAST,438,MTITO ANDEI,MTITO-ANDEI PRIMARY SCHOOL
17,MAKUENI,88,KIBWEZI EAST,438,MTITO ANDEI,KIKWASUNI PRIMARY SCHOOL
17,MAKUENI,88,KIBWEZI EAST,438,MTITO ANDEI,ILIKONI PRIMARY SCHOOL
17,MAKUENI,88,KIBWEZI EAST,438,MTITO ANDEI,LUKENYA UNIVERSITY
17,MAKUENI,88,KIBWEZI EAST,438,MTITO ANDEI,SUBATI TRADING CENTRE
17,MAKUENI,88,KIBWEZI EAST,439,THANGE,P.C.E.A KIBWEZI PRIMARY SCHOOL
17,MAKUENI,88,KIBWEZI EAST,439,THANGE,DWA PRIMARY SCHOOL
17,MAKUENI,88,KIBWEZI EAST,439,THANGE,KINYAMBU PRIMARY SCHOOL
17,MAKUENI,88,KIBWEZI EAST,439,THANGE,NGOKOLANI PRIMARY SCHOOL
17,MAKUENI,88,KIBWEZI EAST,439,THANGE,NZAVONI PRIMARY SCHOOL
17,MAKUENI,88,KIBWEZI EAST,439,THANGE,THANGE PRIMARY SCHOOL
17,MAKUENI,88,KIBWEZI EAST,439,THANGE,MACHINERY TOWNSHIP PRIMARY SCHOOL
17,MAKUENI,88,KIBWEZI EAST,439,THANGE,USALAMA PRIMARY SCHOOL
17,MAKUENI,88,KIBWEZI EAST,439,THANGE,ISUNGULUNI PRIMARY SCHOOL
17,MAKUENI,88,KIBWEZI EAST,439,THANGE,KITHASYU PRIMARY SCHOOL
17,MAKUENI,88,KIBWEZI EAST,439,THANGE,MAIKUU PRIMARY SCHOOL
17,MAKUENI,88,KIBWEZI EAST,439,THANGE,METAVA PRIMARY SCHOOL
17,MAKUENI,88,KIBWEZI EAST,439,THANGE,KASASULE PRIMARY SCHOOL
17,MAKUENI,88,KIBWEZI EAST,439,THANGE,ITUUMO PRIMARY SCHOOL
17,MAKUENI,88,KIBWEZI EAST,439,THANGE,UTITHI PRIMARY SCHOOL
17,MAKUENI,88,KIBWEZI EAST,439,THANGE,KIVUTHINI PRIMARY SCHOOL
17,MAKUENI,88,KIBWEZI EAST,439,THANGE,ITHAYONI PRIMARY SCHOOL
17,MAKUENI,88,KIBWEZI EAST,439,THANGE,IVOLENI PRIMARY SCHOOL
17,MAKUENI,88,KIBWEZI EAST,439,THANGE,KIKUNDUKU PRIMARY SCHOOL
17,MAKUENI,88,KIBWEZI EAST,440,IVINGONI/NZAMBANI,MUTHINGIINI PRIMARY SCHOOL
17,MAKUENI,88,KIBWEZI EAST,440,IVINGONI/NZAMBANI,KOMBOYOO PRIMARY SCHOOL
17,MAKUENI,88,KIBWEZI EAST,440,IVINGONI/NZAMBANI,MIAANI PRIMARY SCHOOL
17,MAKUENI,88,KIBWEZI EAST,440,IVINGONI/NZAMBANI,MAIIA-ATATU PRIMARY SCHOOL
17,MAKUENI,88,KIBWEZI EAST,440,IVINGONI/NZAMBANI,NZWII PRIMARY SCHOOL
17,MAKUENI,88,KIBWEZI EAST,440,IVINGONI/NZAMBANI,IIA ITUNE PRIMARY SCHOOL
17,MAKUENI,88,KIBWEZI EAST,440,IVINGONI/NZAMBANI,MAKOKANI PRIMARY SCHOOL
17,MAKUENI,88,KIBWEZI EAST,440,IVINGONI/NZAMBANI,KAMUNYUNI PRIMARY SCHOOL
17,MAKUENI,88,KIBWEZI EAST,440,IVINGONI/NZAMBANI,NOOKA PRIMARY SCHOOL
17,MAKUENI,88,KIBWEZI EAST,440,IVINGONI/NZAMBANI,IVINGONI PRIMARY SCHOOL
17,MAKUENI,88,KIBWEZI EAST,440,IVINGONI/NZAMBANI,NZAYO PRIMARY SCHOOL
17,MAKUENI,88,KIBWEZI EAST,440,IVINGONI/NZAMBANI,MUKANDA PRIMARY SCHOOL
17,MAKUENI,88,KIBWEZI EAST,440,IVINGONI/NZAMBANI,MANG'ELETE PRIMARY SCHOOL
17,MAKUENI,88,KIBWEZI EAST,440,IVINGONI/NZAMBANI,KITHINGIISYO PRIMARY SCHOOL
17,MAKUENI,88,KIBWEZI EAST,440,IVINGONI/NZAMBANI,YIMBUVU PRIMARY SCHOOL
17,MAKUENI,88,KIBWEZI EAST,440,IVINGONI/NZAMBANI,MBUKONI PRIMARY SCHOOL
17,MAKUENI,88,KIBWEZI EAST,440,IVINGONI/NZAMBANI,MITASYANO PRIMARY SCHOOL
17,MAKUENI,88,KIBWEZI EAST,440,IVINGONI/NZAMBANI,SYANDANI PRIMARY SCHOOL
17,MAKUENI,88,KIBWEZI EAST,440,IVINGONI/NZAMBANI,MBOTELA PRIMARY SCHOOL
18,NYANDARUA,89,KINANGOP,441,ENGINEER,MURUAKI SECONDARY SCHOOL
18,NYANDARUA,89,KINANGOP,441,ENGINEER,MURUAKI PRIMARY SCHOOL.
18,NYANDARUA,89,KINANGOP,441,ENGINEER,KAHURU PRIMARY SCHOOL.
18,NYANDARUA,89,KINANGOP,441,ENGINEER,MATUNDURA PRIMARY SCHOOL.
18,NYANDARUA,89,KINANGOP,441,ENGINEER,MUTHOMI PRIMARY SCHOOL.
18,NYANDARUA,89,KINANGOP,441,ENGINEER,MUNYAKA PRIMARY SCHOOL.
18,NYANDARUA,89,KINANGOP,441,ENGINEER,KIJIKO PRIMARY SCHOOL.
18,NYANDARUA,89,KINANGOP,441,ENGINEER,CENTRE PRIMARY SCHOOL.
18,NYANDARUA,89,KINANGOP,441,ENGINEER,MBIRITHI PRIMARY SCHOOL.
18,NYANDARUA,89,KINANGOP,441,ENGINEER,KAMUNYAKA PRIMARY SCHOOL.
18,NYANDARUA,89,KINANGOP,441,ENGINEER,MUTI-INI PRIMARY SCHOOL.
18,NYANDARUA,89,KINANGOP,441,ENGINEER,KAIMBA NURSERY SCHOOL
18,NYANDARUA,89,KINANGOP,441,ENGINEER,KANYUGI PRIMARY SCHOOL
18,NYANDARUA,89,KINANGOP,441,ENGINEER,RUGONGO PRIMARY SCHOOL
18,NYANDARUA,89,KINANGOP,441,ENGINEER,SOWETO CATTLE DIP
18,NYANDARUA,89,KINANGOP,442,GATHARA,MWITEITHIA PRIMARY SCHOOL.
18,NYANDARUA,89,KINANGOP,442,GATHARA,TULAGA PRIMARY SCHOOL.
18,NYANDARUA,89,KINANGOP,442,GATHARA,KAROROHA PRIMARY SCHOOL.
18,NYANDARUA,89,KINANGOP,442,GATHARA,RAITHA PRIMARY SCHOOL.
18,NYANDARUA,89,KINANGOP,442,GATHARA,GATHARA PRIMARY SCHOOL.
18,NYANDARUA,89,KINANGOP,442,GATHARA,KINJA PRIMARY SCHOOL.
18,NYANDARUA,89,KINANGOP,442,GATHARA,KITIRI PRIMARY SCHOOL.
18,NYANDARUA,89,KINANGOP,442,GATHARA,MUTAMAIYU PRIMARY SCHOOL.
18,NYANDARUA,89,KINANGOP,442,GATHARA,KARIAHU PRIMARY SCHOOL.
18,NYANDARUA,89,KINANGOP,442,GATHARA,MWIHOKO PRIMARY SCHOOL.
18,NYANDARUA,89,KINANGOP,442,GATHARA,GITITE NURSERY SCHOOL
18,NYANDARUA,89,KINANGOP,442,GATHARA,KANAMBA PRIMARY SCHOOL.
18,NYANDARUA,89,KINANGOP,442,GATHARA,KIAHUHO PRIMARY SCHOOL
18,NYANDARUA,89,KINANGOP,442,GATHARA,MUNYAKA HEALTH CENTRE
18,NYANDARUA,89,KINANGOP,442,GATHARA,GRACE WANJIRU MEMORIAL PRIMARY SCHOOL.
18,NYANDARUA,89,KINANGOP,442,GATHARA,NORTH KINANGOP YOUTH POLYTECHNIC
18,NYANDARUA,89,KINANGOP,442,GATHARA,GITHUNGURI PRIMARY SCHOOL
18,NYANDARUA,89,KINANGOP,442,GATHARA,URUMWE NURSERY SCHOOL
18,NYANDARUA,89,KINANGOP,443,NORTH KINANGOP,KAWAMAITHA PRIMARY SCHOOL.
18,NYANDARUA,89,KINANGOP,443,NORTH KINANGOP,KIAMBARIKI PRIMARY SCHOOL.
18,NYANDARUA,89,KINANGOP,443,NORTH KINANGOP,KIRIA PRIMARY SCHOOL.
18,NYANDARUA,89,KINANGOP,443,NORTH KINANGOP,KITOGO PRIMARY SCHOOL
18,NYANDARUA,89,KINANGOP,443,NORTH KINANGOP,MUHUTI PRIMARY SCHOOL.
18,NYANDARUA,89,KINANGOP,443,NORTH KINANGOP,ABERDARE PRIMARY SCHOOL.
18,NYANDARUA,89,KINANGOP,443,NORTH KINANGOP,NDUNYU NJERU PRIMARY SCHOOL
18,NYANDARUA,89,KINANGOP,443,NORTH KINANGOP,NDUNYU-NJERU SECONDARY SCHOOL.
18,NYANDARUA,89,KINANGOP,443,NORTH KINANGOP,KIANDEGE PRIMARY SCHOOL
18,NYANDARUA,89,KINANGOP,443,NORTH KINANGOP,GITITE PRIMARY SCHOOL
18,NYANDARUA,89,KINANGOP,444,MURUNGARU,MURUNGARU PRIMARY SCHOOL.
18,NYANDARUA,89,KINANGOP,444,MURUNGARU,MWIHOTI PRIMARY SCHOOL.
18,NYANDARUA,89,KINANGOP,444,MURUNGARU,KIHUMBU PRIMARY SCHOOL.
18,NYANDARUA,89,KINANGOP,444,MURUNGARU,MUGUMO-INI PRIMARY SCHOOL.
18,NYANDARUA,89,KINANGOP,444,MURUNGARU,MKUNGI PRIMARY SCHOOL.
18,NYANDARUA,89,KINANGOP,444,MURUNGARU,KIRARWA PRIMARY SCHOOL.
18,NYANDARUA,89,KINANGOP,444,MURUNGARU,KAHUHO PRIMARY SCHOOL.
18,NYANDARUA,89,KINANGOP,444,MURUNGARU,KAMIRANGI PRIMARY SCHOOL.
18,NYANDARUA,89,KINANGOP,444,MURUNGARU,KIMURI SECONDARY SCHOOL.
18,NYANDARUA,89,KINANGOP,444,MURUNGARU,KIAMBAA PRIMARY SCHOOL.
18,NYANDARUA,89,KINANGOP,444,MURUNGARU,GACHARAGE PRIMARY SCHOOL.
18,NYANDARUA,89,KINANGOP,444,MURUNGARU,MWIRUTI PRIMARY SCHOOL.
18,NYANDARUA,89,KINANGOP,444,MURUNGARU,KAMBATA PRIMARY SCHOOL.
18,NYANDARUA,89,KINANGOP,444,MURUNGARU,MIKARO PRIMARY SCHOOL.
18,NYANDARUA,89,KINANGOP,444,MURUNGARU,KAHURIA PRIMARY SCHOOL.
18,NYANDARUA,89,KINANGOP,444,MURUNGARU,HIANYU PRIMARY SCHOOL
18,NYANDARUA,89,KINANGOP,444,MURUNGARU,NDARACHA-INI PRIMARY SCHOOL
18,NYANDARUA,89,KINANGOP,444,MURUNGARU,KIRATHIMO PRIMARY SCHOOL
18,NYANDARUA,89,KINANGOP,445,NJABINI\KIBURU,NJABINI PRIMARY SCHOOL
18,NYANDARUA,89,KINANGOP,445,NJABINI\KIBURU,SASUMUA PRIMARY SCHOOL.
18,NYANDARUA,89,KINANGOP,445,NJABINI\KIBURU,CHURIRI PRIMARY SCHOOL.
18,NYANDARUA,89,KINANGOP,445,NJABINI\KIBURU,MUCIBAU PRIMARY SCHOOL.
18,NYANDARUA,89,KINANGOP,445,NJABINI\KIBURU,KIMATHI PRIMARY SCHOOL.
18,NYANDARUA,89,KINANGOP,445,NJABINI\KIBURU,ST.LWANGA NURSERY SCHOOL.
18,NYANDARUA,89,KINANGOP,445,NJABINI\KIBURU,MT. KINANGOP GIRLS SECONDARY SCHOOL.
18,NYANDARUA,89,KINANGOP,445,NJABINI\KIBURU,NJABINI AGRICULTURAL TRAINING COLLEGE
18,NYANDARUA,89,KINANGOP,445,NJABINI\KIBURU,WARURUNGANA CATTLE DIP.
18,NYANDARUA,89,KINANGOP,445,NJABINI\KIBURU,CHANIA PRIMARY SCHOOL.
18,NYANDARUA,89,KINANGOP,445,NJABINI\KIBURU,KIONEKI PRIMARY SCHOOL
18,NYANDARUA,89,KINANGOP,445,NJABINI\KIBURU,BETHSAIDA NURSERY SCHOOL
18,NYANDARUA,89,KINANGOP,445,NJABINI\KIBURU,KAROBOISE NURSERY SCHOOL
18,NYANDARUA,89,KINANGOP,445,NJABINI\KIBURU,SOIL NURSERY SCHOOL
18,NYANDARUA,89,KINANGOP,446,NYAKIO,YAANG'A PRIMARY SCHOOL.
18,NYANDARUA,89,KINANGOP,446,NYAKIO,RAGIA PRIMARY SCHOOL.
18,NYANDARUA,89,KINANGOP,446,NYAKIO,BONGO PRIMARY SCHOOL.
18,NYANDARUA,89,KINANGOP,446,NYAKIO,CHEESE PRIMARY SCHOOL.
18,NYANDARUA,89,KINANGOP,446,NYAKIO,RWANYAMBO PRIMARY SCHOOL.
18,NYANDARUA,89,KINANGOP,446,NYAKIO,NJOGU-INI PRIMARY SCHOOL.
18,NYANDARUA,89,KINANGOP,446,NYAKIO,KIHUNGURU PRIMARY SCHOOL.
18,NYANDARUA,89,KINANGOP,446,NYAKIO,KAGERAINI SECONDARY SCHOOL.
18,NYANDARUA,89,KINANGOP,446,NYAKIO,HARAKA DISPENSARY
18,NYANDARUA,89,KINANGOP,446,NYAKIO,MUKIRI PRIMARY SCHOOL.
18,NYANDARUA,89,KINANGOP,446,NYAKIO,MUKEU NURSERY SCHOOL.
18,NYANDARUA,89,KINANGOP,446,NYAKIO,BARA-INYA PRIMARY SCHOOL.
18,NYANDARUA,89,KINANGOP,446,NYAKIO,HARAKA NURSERY SCHOOL
18,NYANDARUA,89,KINANGOP,447,GITHABAI,HENI PRIMARY SCHOOL.
18,NYANDARUA,89,KINANGOP,447,GITHABAI,KAUGI PRIMARY SCHOOL.
18,NYANDARUA,89,KINANGOP,447,GITHABAI,KAHUHO NURSERY SCHOOL.
18,NYANDARUA,89,KINANGOP,447,GITHABAI,GITHABAI PRIMARY SCHOOL.
18,NYANDARUA,89,KINANGOP,447,GITHABAI,KOINANGE PRIMARY SCHOOL.
18,NYANDARUA,89,KINANGOP,447,GITHABAI,NYAKIO PRIMARY SCHOOL.
18,NYANDARUA,89,KINANGOP,447,GITHABAI,NDOTHUA PRIMARY SCHOOL.
18,NYANDARUA,89,KINANGOP,447,GITHABAI,MBOGANI PRIMARY SCHOOL.
18,NYANDARUA,89,KINANGOP,447,GITHABAI,KIO PRIMARY SCHOOL.
18,NYANDARUA,89,KINANGOP,447,GITHABAI,KARATI PRIMARY SCHOOL
18,NYANDARUA,89,KINANGOP,447,GITHABAI,KIAHUKO NURSERY SCHOOL
18,NYANDARUA,89,KINANGOP,447,GITHABAI,MICHINDA NURSERY SCHOOL
18,NYANDARUA,89,KINANGOP,447,GITHABAI,KENYATTA ROAD PRIMARY SCHOOL
18,NYANDARUA,89,KINANGOP,447,GITHABAI,KIRIAHU PRIMARY SCHOOL
18,NYANDARUA,89,KINANGOP,447,GITHABAI,KINANGOP TECHNICAL TRAINING INSTITUTE
18,NYANDARUA,89,KINANGOP,447,GITHABAI,WORLDWIDE CHURCH KWA HARAKA
18,NYANDARUA,89,KINANGOP,448,MAGUMU,ST. CHRISTOPHER PRIMARY SCHOOL.
18,NYANDARUA,89,KINANGOP,448,MAGUMU,MUCHORUI PRIMARY SCHOOL.
18,NYANDARUA,89,KINANGOP,448,MAGUMU,GITHINJI PRIMARY SCHOOL.
18,NYANDARUA,89,KINANGOP,448,MAGUMU,ST.MARY'S PRIMARY SCHOOL.
18,NYANDARUA,89,KINANGOP,448,MAGUMU,MUTONYORA PRIMARY SCHOOL.
18,NYANDARUA,89,KINANGOP,448,MAGUMU,BAMBOO NURSERY SCHOOL.
18,NYANDARUA,89,KINANGOP,448,MAGUMU,MUTONYORA NURSERY SCHOOL.
18,NYANDARUA,89,KINANGOP,448,MAGUMU,KIRIKO PRIMARY SCHOOL.
18,NYANDARUA,89,KINANGOP,448,MAGUMU,ST JOHN MWENDA-ANDU NURSERY SCHOOL
18,NYANDARUA,90,KIPIPIRI,449,WANJOHI,NDEMI PRIMARY SCHOOL
18,NYANDARUA,90,KIPIPIRI,449,WANJOHI,MICHORE PRIMARY SCHOOL
18,NYANDARUA,90,KIPIPIRI,449,WANJOHI,MUBAU PRIMARY SCHOOL
18,NYANDARUA,90,KIPIPIRI,449,WANJOHI,WANJOHI PRIMARY SCHOOL
18,NYANDARUA,90,KIPIPIRI,449,WANJOHI,NDIARA PRIMARY SCHOOL
18,NYANDARUA,90,KIPIPIRI,449,WANJOHI,GITEI PRIMARY SCHOOL
18,NYANDARUA,90,KIPIPIRI,449,WANJOHI,MURERA NJAU PRIMARY SCHOOL
18,NYANDARUA,90,KIPIPIRI,449,WANJOHI,GATONDO PRIMARY SCHOOL
18,NYANDARUA,90,KIPIPIRI,449,WANJOHI,HUHIRIO PRIMARY SCHOOL
18,NYANDARUA,90,KIPIPIRI,449,WANJOHI,MAGOMANO PRIMARY SCHOOL
18,NYANDARUA,90,KIPIPIRI,449,WANJOHI,NG'ARUA-RIRONI PRIMARY SCHOOL
18,NYANDARUA,90,KIPIPIRI,449,WANJOHI,RAYETTA PRIMARY SCHOOL
18,NYANDARUA,90,KIPIPIRI,449,WANJOHI,MWIRERI PRIMARY SCHOOL
18,NYANDARUA,90,KIPIPIRI,449,WANJOHI,SATIMA PRIMARY SCHOOL
18,NYANDARUA,90,KIPIPIRI,449,WANJOHI,KIAMBOGA PRIMARY SCHOOL
18,NYANDARUA,90,KIPIPIRI,449,WANJOHI,KIBURUTI PRIMARY SCHOOL
18,NYANDARUA,90,KIPIPIRI,449,WANJOHI,GICHIGIRIRA PRIMARY SCHOOL
18,NYANDARUA,90,KIPIPIRI,449,WANJOHI,MITI ITANO PRIMARY SCHOOL
18,NYANDARUA,90,KIPIPIRI,449,WANJOHI,HUHIRIO-B ECD
18,NYANDARUA,90,KIPIPIRI,449,WANJOHI,KIMURU PRIMARY SCHOOL
18,NYANDARUA,90,KIPIPIRI,450,KIPIPIRI,KAMAHIA PRIMARY SCHOOL
18,NYANDARUA,90,KIPIPIRI,450,KIPIPIRI,MAHINDU PRIMARY SCHOOL
18,NYANDARUA,90,KIPIPIRI,450,KIPIPIRI,MARA PRIMARY SCHOOL
18,NYANDARUA,90,KIPIPIRI,450,KIPIPIRI,KIPIPIRI PRIMARY SCHOOL
18,NYANDARUA,90,KIPIPIRI,450,KIPIPIRI,MALEWA PRIMARY SCHOOL
18,NYANDARUA,90,KIPIPIRI,450,KIPIPIRI,IHIGA PRIMARY SCHOOL.
18,NYANDARUA,90,KIPIPIRI,450,KIPIPIRI,KAHIGA PRIMARY SCHOOL
18,NYANDARUA,90,KIPIPIRI,450,KIPIPIRI,KANYUA PRIMARY SCHOOL
18,NYANDARUA,90,KIPIPIRI,450,KIPIPIRI,MAHINGA PRIMARY SCHOOL
18,NYANDARUA,90,KIPIPIRI,450,KIPIPIRI,MUNYU-INI PRIMARY SCHOOL
18,NYANDARUA,90,KIPIPIRI,450,KIPIPIRI,MACHINERY PRIMARY SCHOOL
18,NYANDARUA,90,KIPIPIRI,450,KIPIPIRI,GITWE PRIMARY SCHOOL
18,NYANDARUA,90,KIPIPIRI,450,KIPIPIRI,FOREST ONE PRIMARY SCHOOL
18,NYANDARUA,90,KIPIPIRI,450,KIPIPIRI,RUTUMO PRIMARY SCHOOL
18,NYANDARUA,90,KIPIPIRI,450,KIPIPIRI,WENDANI PRIMARY SCHOOL
18,NYANDARUA,90,KIPIPIRI,450,KIPIPIRI,MANUNGA PRIMARY SCHOOL
18,NYANDARUA,90,KIPIPIRI,451,GETA,MARIMU PRIMARY SCHOOL
18,NYANDARUA,90,KIPIPIRI,451,GETA,RUMWE PRIMARY SCHOOL
18,NYANDARUA,90,KIPIPIRI,451,GETA,GATHUTHI PRIMARY SCHOOL
18,NYANDARUA,90,KIPIPIRI,451,GETA,MIKEU SECONDARY SCHOOL
18,NYANDARUA,90,KIPIPIRI,451,GETA,KAMAGOKO PRIMARY SCHOOL
18,NYANDARUA,90,KIPIPIRI,451,GETA,MIHATO PRIMARY SCHOOL
18,NYANDARUA,90,KIPIPIRI,451,GETA,WAIYEGO NURSERY SCHOOL
18,NYANDARUA,90,KIPIPIRI,451,GETA,KARIAINI PRIMARY SCHOOL
18,NYANDARUA,90,KIPIPIRI,451,GETA,RUTUBA PRIMARY SCHOOL
18,NYANDARUA,90,KIPIPIRI,451,GETA,NGATHO PRIMARY SCHOOL
18,NYANDARUA,90,KIPIPIRI,451,GETA,22 AREA
18,NYANDARUA,90,KIPIPIRI,452,GITHIORO,TURASHA PRIMARY SCHOOL
18,NYANDARUA,90,KIPIPIRI,452,GITHIORO,KARURI PRIMARY SCHOOL
18,NYANDARUA,90,KIPIPIRI,452,GITHIORO,RIRICHWA PRIMARY SCHOOL
18,NYANDARUA,90,KIPIPIRI,452,GITHIORO,MWANGAZA PRIMARY SCHOOL
18,NYANDARUA,90,KIPIPIRI,452,GITHIORO,MAWINGO SECONDAY SCHOOL
18,NYANDARUA,90,KIPIPIRI,452,GITHIORO,GATHIRIGA PRIMARY SCHOOL
18,NYANDARUA,90,KIPIPIRI,452,GITHIORO,GITHIORO PRIMARY SCHOOL
18,NYANDARUA,90,KIPIPIRI,452,GITHIORO,JURA PRIMARY SCHOOL
18,NYANDARUA,90,KIPIPIRI,452,GITHIORO,MIGAA PRIMARY SCHOOL
18,NYANDARUA,90,KIPIPIRI,452,GITHIORO,GITHIMA NURSERY SCHOOL
18,NYANDARUA,90,KIPIPIRI,452,GITHIORO,KARIARA PRIMARY SCHOOL
18,NYANDARUA,90,KIPIPIRI,452,GITHIORO,HARAMBEE SOCIAL HALL
18,NYANDARUA,90,KIPIPIRI,452,GITHIORO,BARABARA TANO
18,NYANDARUA,90,KIPIPIRI,452,GITHIORO,DRY AREA
18,NYANDARUA,90,KIPIPIRI,452,GITHIORO,GACHUHA ECD
18,NYANDARUA,91,OL KALOU,453,KARAU,MAWINGO PRIMARY
18,NYANDARUA,91,OL KALOU,453,KARAU,KARUGUTU PRIMARY
18,NYANDARUA,91,OL KALOU,453,KARAU,KIRIMAINI PRIMARY
18,NYANDARUA,91,OL KALOU,453,KARAU,KAGAA PRIMARY
18,NYANDARUA,91,OL KALOU,453,KARAU,MUNYEKI PRIMARY
18,NYANDARUA,91,OL KALOU,453,KARAU,A.C OL KALOU PRIMARY
18,NYANDARUA,91,OL KALOU,453,KARAU,MUIRI PRIMARY
18,NYANDARUA,91,OL KALOU,453,KARAU,GACHWE PRIMARY
18,NYANDARUA,91,OL KALOU,453,KARAU,MUNDI PRIMARY
18,NYANDARUA,91,OL KALOU,453,KARAU,KIANDA PRIMARY
18,NYANDARUA,91,OL KALOU,453,KARAU,ST JOSEPH PRIMARY SCHOOL
18,NYANDARUA,91,OL KALOU,453,KARAU,KANYIRIRI PRIMARY SCHOOL
18,NYANDARUA,91,OL KALOU,453,KARAU,THABA ECDE
18,NYANDARUA,91,OL KALOU,454,KANJUIRI RANGE,NGORIKA PRIMARY
18,NYANDARUA,91,OL KALOU,454,KANJUIRI RANGE,NYAITUGA PRIMARY
18,NYANDARUA,91,OL KALOU,454,KANJUIRI RANGE,RUTARA PRIMARY
18,NYANDARUA,91,OL KALOU,454,KANJUIRI RANGE,WIYUMIRIRIE PRIMARY
18,NYANDARUA,91,OL KALOU,454,KANJUIRI RANGE,KANGATHIA PRIMARY
18,NYANDARUA,91,OL KALOU,454,KANJUIRI RANGE,KANJUIRI PRIMARY
18,NYANDARUA,91,OL KALOU,454,KANJUIRI RANGE,MURINDATI PRIMARY
18,NYANDARUA,91,OL KALOU,454,KANJUIRI RANGE,KAHIGU PRIMARY
18,NYANDARUA,91,OL KALOU,454,KANJUIRI RANGE,KANJAU MUTARAKWA NURSERY
18,NYANDARUA,91,OL KALOU,454,KANJUIRI RANGE,CIIRA PRIMARY
18,NYANDARUA,91,OL KALOU,454,KANJUIRI RANGE,KIHOTO PRIMARY
18,NYANDARUA,91,OL KALOU,454,KANJUIRI RANGE,KIRATHIMO PRIMARY
18,NYANDARUA,91,OL KALOU,454,KANJUIRI RANGE,TUMAINI SECONDARY
18,NYANDARUA,91,OL KALOU,454,KANJUIRI RANGE,WANJURA PRIMARY
18,NYANDARUA,91,OL KALOU,454,KANJUIRI RANGE,HARAMBEE NURSERY SCHOOL
18,NYANDARUA,91,OL KALOU,454,KANJUIRI RANGE,KIO PRIMARY SCHOOL
18,NYANDARUA,91,OL KALOU,455,MIRANGINE,MIRANGINE PRIMARY
18,NYANDARUA,91,OL KALOU,455,MIRANGINE,CCM DUNDORI PRIMARY
18,NYANDARUA,91,OL KALOU,455,MIRANGINE,MATHAKWA PRIMARY
18,NYANDARUA,91,OL KALOU,455,MIRANGINE,MICHARAGE PRIMARY
18,NYANDARUA,91,OL KALOU,455,MIRANGINE,NYAKIAMBI PRIMARY
18,NYANDARUA,91,OL KALOU,455,MIRANGINE,GITUAMBA PRIMARY
18,NYANDARUA,91,OL KALOU,455,MIRANGINE,MATUNDA PRIMARY
18,NYANDARUA,91,OL KALOU,455,MIRANGINE,NYANDUNDO PRIMARY
18,NYANDARUA,91,OL KALOU,455,MIRANGINE,KAMUYU PRIMARY
18,NYANDARUA,91,OL KALOU,455,MIRANGINE,MBORA PRIMARY
18,NYANDARUA,91,OL KALOU,455,MIRANGINE,MIRANGINE POLYTECHNIC
18,NYANDARUA,91,OL KALOU,455,MIRANGINE,GITHIMA PRIMARY
18,NYANDARUA,91,OL KALOU,455,MIRANGINE,KIBENDERA PRIMARY SCHOOL
18,NYANDARUA,91,OL KALOU,456,KAIMBAGA,MIHUTI PRIMARY
18,NYANDARUA,91,OL KALOU,456,KAIMBAGA,KANDUTURA PRIMARY
18,NYANDARUA,91,OL KALOU,456,KAIMBAGA,KIGANJO PRIMARY
18,NYANDARUA,91,OL KALOU,456,KAIMBAGA,KIENI PRIMARY
18,NYANDARUA,91,OL KALOU,456,KAIMBAGA,GICHUNGO PRIMARY
18,NYANDARUA,91,OL KALOU,456,KAIMBAGA,RUMATHI PRIMARY
18,NYANDARUA,91,OL KALOU,456,KAIMBAGA,HURUMA PRIMARY
18,NYANDARUA,91,OL KALOU,456,KAIMBAGA,KAMANDE PRIMARY
18,NYANDARUA,91,OL KALOU,456,KAIMBAGA,MUMBI PRIMARY
18,NYANDARUA,91,OL KALOU,456,KAIMBAGA,SIMBA PRIMARY
18,NYANDARUA,91,OL KALOU,456,KAIMBAGA,HOSPITAL PRIMARY SCHOOL
18,NYANDARUA,91,OL KALOU,456,KAIMBAGA,GITHIMA NURSERY
18,NYANDARUA,91,OL KALOU,456,KAIMBAGA,KAIMBAGA PRIMARY SCHOOL
18,NYANDARUA,91,OL KALOU,457,RURII,MANYATTA PRIMARY
18,NYANDARUA,91,OL KALOU,457,RURII,MUKINDU PRIMARY
18,NYANDARUA,91,OL KALOU,457,RURII,ST. THOMAS PRIMARY
18,NYANDARUA,91,OL KALOU,457,RURII,RURII POLYTECHNIC
18,NYANDARUA,91,OL KALOU,457,RURII,HUHOINI PRIMARY
18,NYANDARUA,91,OL KALOU,457,RURII,GITHUNGURI PRIMARY
18,NYANDARUA,91,OL KALOU,457,RURII,MATUURA PRIMARY
18,NYANDARUA,91,OL KALOU,457,RURII,MUGUMO PRIMARY
18,NYANDARUA,91,OL KALOU,457,RURII,PASSENGA PRIMARY
18,NYANDARUA,91,OL KALOU,457,RURII,SIRANGA PRIMARY
18,NYANDARUA,91,OL KALOU,457,RURII,MUGATHIKA PRIMARY
18,NYANDARUA,91,OL KALOU,457,RURII,KIANDUBA PRIMARY SCHOOL
18,NYANDARUA,91,OL KALOU,457,RURII,MARANI PRIMARY SCHOOL
18,NYANDARUA,91,OL KALOU,457,RURII,KAHONGE PRIMARY SCHOOL
18,NYANDARUA,91,OL KALOU,457,RURII,JM HOSPITAL NURSERY SCHOOL
18,NYANDARUA,92,OL JOROK,458,GATHANJI,MUUNGANO PRIMARY
18,NYANDARUA,92,OL JOROK,458,GATHANJI,SILIBWET PRIMARY
18,NYANDARUA,92,OL JOROK,458,GATHANJI,KIHEO PRIMARY
18,NYANDARUA,92,OL JOROK,458,GATHANJI,GIKENO PRIMARY
18,NYANDARUA,92,OL JOROK,458,GATHANJI,MWENJA PRIMARY
18,NYANDARUA,92,OL JOROK,458,GATHANJI,GATHANJI PRIMARY
18,NYANDARUA,92,OL JOROK,458,GATHANJI,CHAMUKA PRIMARY
18,NYANDARUA,92,OL JOROK,458,GATHANJI,IGWAMITI PRIMARY
18,NYANDARUA,92,OL JOROK,458,GATHANJI,BIDII PRIMARY
18,NYANDARUA,92,OL JOROK,458,GATHANJI,MAHUA PRIMARY
18,NYANDARUA,92,OL JOROK,458,GATHANJI,IGWAMITI SECONDARY SCHOOL
18,NYANDARUA,92,OL JOROK,458,GATHANJI,KABATI SECONDARY SCHOOL
18,NYANDARUA,92,OL JOROK,458,GATHANJI,SILIBWET SECONDARY SCHOOL
18,NYANDARUA,92,OL JOROK,459,GATIMU,GATIMU PRIMARY
18,NYANDARUA,92,OL JOROK,459,GATIMU,KIBATHI PRIMARY
18,NYANDARUA,92,OL JOROK,459,GATIMU,BARAKA PRIMARY
18,NYANDARUA,92,OL JOROK,459,GATIMU,RIVERSIDE PRIMARY
18,NYANDARUA,92,OL JOROK,459,GATIMU,KANGUU PRIMARY
18,NYANDARUA,92,OL JOROK,459,GATIMU,JACARANDA PRIMARY
18,NYANDARUA,92,OL JOROK,459,GATIMU,OL JORO OROK A.H.I.T.I
18,NYANDARUA,92,OL JOROK,459,GATIMU,GIKINGI PRIMARY
18,NYANDARUA,92,OL JOROK,459,GATIMU,KIANJATA PRIMARY
18,NYANDARUA,92,OL JOROK,459,GATIMU,EQUATOR PRIMARY SCHOOL
18,NYANDARUA,92,OL JOROK,459,GATIMU,RIVERSIDE SECONDARY SCHOOL
18,NYANDARUA,92,OL JOROK,460,WERU,WERU PRIMARY
18,NYANDARUA,92,OL JOROK,460,WERU,UIGUANO PRIMARY
18,NYANDARUA,92,OL JOROK,460,WERU,KARANDI PRIMARY
18,NYANDARUA,92,OL JOROK,460,WERU,GATUMBIRO PRIMARY
18,NYANDARUA,92,OL JOROK,460,WERU,GATITU PRIMARY
18,NYANDARUA,92,OL JOROK,460,WERU,LESIRKO PRIMARY
18,NYANDARUA,92,OL JOROK,460,WERU,KIRIMANGAI PRIMARY
18,NYANDARUA,92,OL JOROK,460,WERU,OL JORO OROK PRIMARY
18,NYANDARUA,92,OL JOROK,460,WERU,KANGUI SECONDARY
18,NYANDARUA,92,OL JOROK,460,WERU,MADARAKA PRIMARY
18,NYANDARUA,92,OL JOROK,460,WERU,CHAKARELI PRIMARY
18,NYANDARUA,92,OL JOROK,460,WERU,KAMUKWA SIMBA NURSERY
18,NYANDARUA,92,OL JOROK,460,WERU,KAHINGO PRIMARY
18,NYANDARUA,92,OL JOROK,460,WERU,KIRIMA PRIMARY
18,NYANDARUA,92,OL JOROK,460,WERU,KANGUI YOUTH POLYTECHNIC
18,NYANDARUA,92,OL JOROK,460,WERU,INOORO PRIMARY SCHOOL
18,NYANDARUA,92,OL JOROK,460,WERU,WERU SECONDARY SCHOOL
18,NYANDARUA,92,OL JOROK,460,WERU,OLJOROROK NURSERY SCHOOL
18,NYANDARUA,92,OL JOROK,460,WERU,OLJOROROK SECONDARY SCHOOL
18,NYANDARUA,92,OL JOROK,460,WERU,MATURA SECONDARY SCHOOL
18,NYANDARUA,92,OL JOROK,460,WERU,KAMAINA PRIMARY SCHOOL
18,NYANDARUA,92,OL JOROK,461,CHARAGITA,MATINDIRI PRIMARY
18,NYANDARUA,92,OL JOROK,461,CHARAGITA,MUCHEMI PRIMARY
18,NYANDARUA,92,OL JOROK,461,CHARAGITA,RUIRU PRIMARY
18,NYANDARUA,92,OL JOROK,461,CHARAGITA,SABUGO PRIMARY
18,NYANDARUA,92,OL JOROK,461,CHARAGITA,NYAIROKO PRIMARY
18,NYANDARUA,92,OL JOROK,461,CHARAGITA,KIANIA NURSERY SCHOOL
18,NYANDARUA,92,OL JOROK,461,CHARAGITA,ORAIMUTIA PRIMARY
18,NYANDARUA,92,OL JOROK,461,CHARAGITA,UHURU PRIMARY
18,NYANDARUA,92,OL JOROK,461,CHARAGITA,NGATHA PRIMARY
18,NYANDARUA,92,OL JOROK,461,CHARAGITA,NGANO PRIMARY
18,NYANDARUA,92,OL JOROK,461,CHARAGITA,CHARAGITA PRIMARY
18,NYANDARUA,92,OL JOROK,461,CHARAGITA,KAMUKUNJI PRIMARY
18,NYANDARUA,92,OL JOROK,461,CHARAGITA,THAYU NURSERY SCHOOL
18,NYANDARUA,92,OL JOROK,461,CHARAGITA,MATINDIRI FARMERS SOCIETY
18,NYANDARUA,92,OL JOROK,461,CHARAGITA,MUNGA PRIMARY
18,NYANDARUA,92,OL JOROK,461,CHARAGITA,WANJURA SECONDARY
18,NYANDARUA,92,OL JOROK,461,CHARAGITA,KIMATHI PRIMARY SCHOOL
18,NYANDARUA,92,OL JOROK,461,CHARAGITA,KAGEMA PRIMARY SCHOOL
18,NYANDARUA,93,NDARAGWA,462,LESHAU/PONDO,NDOGINO PRIMARY SCHOOL
18,NYANDARUA,93,NDARAGWA,462,LESHAU/PONDO,PONDO PRIMARY SCHOOL
18,NYANDARUA,93,NDARAGWA,462,LESHAU/PONDO,KIRERA PRIMARY SCHOOL
18,NYANDARUA,93,NDARAGWA,462,LESHAU/PONDO,RAICHIRI PRIMARY SCHOOL
18,NYANDARUA,93,NDARAGWA,462,LESHAU/PONDO,KAMUKUNJI YOUTH POLYTECHNIC
18,NYANDARUA,93,NDARAGWA,462,LESHAU/PONDO,NDIVAI PRIMARY SCHOOL
18,NYANDARUA,93,NDARAGWA,462,LESHAU/PONDO,KAGONDO PRIMARY SCHOOL
18,NYANDARUA,93,NDARAGWA,462,LESHAU/PONDO,NYAKINYUA PRIMARY SCHOOL
18,NYANDARUA,93,NDARAGWA,462,LESHAU/PONDO,MBUYU PRIMARY SCHOOL
18,NYANDARUA,93,NDARAGWA,462,LESHAU/PONDO,NGAWA PRIMARY SCHOOL
18,NYANDARUA,93,NDARAGWA,462,LESHAU/PONDO,MUTHIGA PRIMARY SCHOOL
18,NYANDARUA,93,NDARAGWA,462,LESHAU/PONDO,HURUMA NURSERY SCHOOL
18,NYANDARUA,93,NDARAGWA,462,LESHAU/PONDO,MAYU CATTLE DIP
18,NYANDARUA,93,NDARAGWA,462,LESHAU/PONDO,MITHURI PRIMARY SCHOOL
18,NYANDARUA,93,NDARAGWA,462,LESHAU/PONDO,KARAI NURSERY SCHOOL
18,NYANDARUA,93,NDARAGWA,462,LESHAU/PONDO,MAHIANYU CATTLE DIP
18,NYANDARUA,93,NDARAGWA,462,LESHAU/PONDO,NGAINDEITHIA PRIMARY SCHOOL
18,NYANDARUA,93,NDARAGWA,462,LESHAU/PONDO,KWA-NJORA NURSERY SCHOOL
18,NYANDARUA,93,NDARAGWA,462,LESHAU/PONDO,KWALE NURSERY
18,NYANDARUA,93,NDARAGWA,462,LESHAU/PONDO,KIHINGO PRIMARY SCHOOL
18,NYANDARUA,93,NDARAGWA,462,LESHAU/PONDO,UMOJA/MBUYU PRIMARY SCHOOL
18,NYANDARUA,93,NDARAGWA,463,KIRIITA,MUTANGA PRIMARY SCHOOL
18,NYANDARUA,93,NDARAGWA,463,KIRIITA,MUNG ETHO PRIMARY SCHOOL
18,NYANDARUA,93,NDARAGWA,463,KIRIITA,KWANJORA PRIMARY SCHOOL
18,NYANDARUA,93,NDARAGWA,463,KIRIITA,KARAGOINI PRIMARY SCHOOL
18,NYANDARUA,93,NDARAGWA,463,KIRIITA,MICHINDA PRIMARY SCHOOL
18,NYANDARUA,93,NDARAGWA,463,KIRIITA,KIMARU PRIMARY SCHOOL
18,NYANDARUA,93,NDARAGWA,463,KIRIITA,GITHUNGUCHU PRIMARY SCHOOL
18,NYANDARUA,93,NDARAGWA,463,KIRIITA,RITAYA PRIMARY SCHOOL
18,NYANDARUA,93,NDARAGWA,463,KIRIITA,BAARI PRIMARY SCHOOL
18,NYANDARUA,93,NDARAGWA,463,KIRIITA,MAIRO-INYA SOCIAL HALL
18,NYANDARUA,93,NDARAGWA,463,KIRIITA,ZIWANI NURSERY SCHOOL
18,NYANDARUA,93,NDARAGWA,464,CENTRAL,SUBEGO PRIMARY SCHOOL
18,NYANDARUA,93,NDARAGWA,464,CENTRAL,URUKU PRIMARY SCHOOL
18,NYANDARUA,93,NDARAGWA,464,CENTRAL,NYONJORO PRIMARY SCHOOL
18,NYANDARUA,93,NDARAGWA,464,CENTRAL,NDURURI PRIMARY SCHOOL
18,NYANDARUA,93,NDARAGWA,464,CENTRAL,NDARAGWA PRIMARY SCHOOL
18,NYANDARUA,93,NDARAGWA,464,CENTRAL,MURICHU PRIMARY SCHOOL
18,NYANDARUA,93,NDARAGWA,464,CENTRAL,WANGUI PRIMARY SCHOOL
18,NYANDARUA,93,NDARAGWA,464,CENTRAL,KIRIOGO PRIMARY SCHOOL
18,NYANDARUA,93,NDARAGWA,464,CENTRAL,KIANDONGORO PRIMARY SCHOOL
18,NYANDARUA,93,NDARAGWA,464,CENTRAL,KARIKI PRIMARY SCHOOL
18,NYANDARUA,93,NDARAGWA,464,CENTRAL,KAMBURAINI PRIMARY SCHOOL
18,NYANDARUA,93,NDARAGWA,464,CENTRAL,KANYAGIA PRIMARY SCHOOL
18,NYANDARUA,93,NDARAGWA,464,CENTRAL,MAILO KUMI PRIMARY SCHOOL
18,NYANDARUA,93,NDARAGWA,464,CENTRAL,IRIAINI PRIMARY SCHOOL
18,NYANDARUA,93,NDARAGWA,464,CENTRAL,KIHARA PRIMARY SCHOOL
18,NYANDARUA,93,NDARAGWA,464,CENTRAL,SUGULOI PRIMARY SCHOOL
18,NYANDARUA,93,NDARAGWA,464,CENTRAL,MURIRICHWA PRIMARY SCHOOL
18,NYANDARUA,93,NDARAGWA,464,CENTRAL,MATUIKU PRIMARY SCHOOL
18,NYANDARUA,93,NDARAGWA,464,CENTRAL,SUBUKU PRIMARY SCHOOL
18,NYANDARUA,93,NDARAGWA,464,CENTRAL,KAHUTHA PRIMARY SCHOOL
18,NYANDARUA,93,NDARAGWA,464,CENTRAL,MUKAMBURA PRIMARY SCHOOL
18,NYANDARUA,93,NDARAGWA,464,CENTRAL,NGURUMO PRIMARY SCHOOL
18,NYANDARUA,93,NDARAGWA,464,CENTRAL,MURUAI PRIMARY SCHOOL
18,NYANDARUA,93,NDARAGWA,464,CENTRAL,MAKEREKA PRIMARY SCHOOL
18,NYANDARUA,93,NDARAGWA,464,CENTRAL,MAGUTU AP CAMP
18,NYANDARUA,93,NDARAGWA,464,CENTRAL,KAMIRURI DISPENSARY
18,NYANDARUA,93,NDARAGWA,465,SHAMATA,SIMBARA PRIMARY SCHOOL
18,NYANDARUA,93,NDARAGWA,465,SHAMATA,KIHUHA PRIMARY SCHOOL
18,NYANDARUA,93,NDARAGWA,465,SHAMATA,KAMBAA SECONDARY SCHOOL
18,NYANDARUA,93,NDARAGWA,465,SHAMATA,KANGOCHO PRIMARY SCHOOL
18,NYANDARUA,93,NDARAGWA,465,SHAMATA,OL BOLOSSAT PRIMARY SCHOOL
18,NYANDARUA,93,NDARAGWA,465,SHAMATA,GAKOE PRIMARY SCHOOL
18,NYANDARUA,93,NDARAGWA,465,SHAMATA,KAHEHO PRIMARY SCHOOL
18,NYANDARUA,93,NDARAGWA,465,SHAMATA,KAMETHA PRIMARY SCHOOL
18,NYANDARUA,93,NDARAGWA,465,SHAMATA,WARUKIRA PRIMARY SCHOOL
18,NYANDARUA,93,NDARAGWA,465,SHAMATA,MATHITOO NURSERY SCHOOL
18,NYANDARUA,93,NDARAGWA,465,SHAMATA,MWIHANGIA PRIMARY SCHOOL
18,NYANDARUA,93,NDARAGWA,465,SHAMATA,KAHINDU PRIMARY SCHOOL
18,NYANDARUA,93,NDARAGWA,465,SHAMATA,PARK VIEW PRIMARY SCHOOL
18,NYANDARUA,93,NDARAGWA,465,SHAMATA,NGARI PRIMARY SCHOOL
18,NYANDARUA,93,NDARAGWA,465,SHAMATA,KIRIMANJARO PRIMARY SCHOOL
18,NYANDARUA,93,NDARAGWA,465,SHAMATA,KANJOGU PRIMARY SCHOOL
18,NYANDARUA,93,NDARAGWA,465,SHAMATA,MWITURIA NURSERY SCHOOL
18,NYANDARUA,93,NDARAGWA,465,SHAMATA,KARURI NURSERY SCHOOL
18,NYANDARUA,93,NDARAGWA,465,SHAMATA,MWIHOTI NURSERY SCHOOL
18,NYANDARUA,93,NDARAGWA,465,SHAMATA,SHAMATA FARMERS COOPERATIVE SOCIETY
19,NYERI,94,TETU,466,DEDAN KIMANTHI,GITHAKWA PRIMARY SCHOOL
19,NYERI,94,TETU,466,DEDAN KIMANTHI,KIGOGOINI PRIMARY SCHOOL
19,NYERI,94,TETU,466,DEDAN KIMANTHI,KIRITI PRIMARY SCHOOL
19,NYERI,94,TETU,466,DEDAN KIMANTHI,GATUMBIRO PRIMARY SCHOOL
19,NYERI,94,TETU,466,DEDAN KIMANTHI,HUHOINI PRIMARY SCHOOL
19,NYERI,94,TETU,466,DEDAN KIMANTHI,GATHATHIINI PRIMARY SCHOOL
19,NYERI,94,TETU,466,DEDAN KIMANTHI,GAITHURI PRIMARY SCHOOL
19,NYERI,94,TETU,466,DEDAN KIMANTHI,NGOORU PRIMARY SCHOOL
19,NYERI,94,TETU,466,DEDAN KIMANTHI,IHURURU PRIMARY SCHOOL
19,NYERI,94,TETU,466,DEDAN KIMANTHI,KARUNAINI PRIMARY SCHOOL
19,NYERI,94,TETU,466,DEDAN KIMANTHI,KANJORA PRIMARY SCHOOL
19,NYERI,94,TETU,466,DEDAN KIMANTHI,NJOGUINI PRIMARY SCHOOL
19,NYERI,94,TETU,466,DEDAN KIMANTHI,NYAMUKUYU NURSERY SCHOOL
19,NYERI,94,TETU,466,DEDAN KIMANTHI,MUHOYA SECONDARY SCHOOL
19,NYERI,94,TETU,466,DEDAN KIMANTHI,KAHIGAINI PRIMARY SCHOOL
19,NYERI,94,TETU,466,DEDAN KIMANTHI,MIAGAYUINI PRIMARY SCHOOL
19,NYERI,94,TETU,466,DEDAN KIMANTHI,NJOGUINI LEAF COLLECTION CENTER
19,NYERI,94,TETU,466,DEDAN KIMANTHI,KIGOGOINI LEAF COLLECTION CENTER
19,NYERI,94,TETU,466,DEDAN KIMANTHI,KINUNGA NURSERY SCHOOL
19,NYERI,94,TETU,466,DEDAN KIMANTHI,HUHOINI SECONDARY SCHOOL
19,NYERI,94,TETU,466,DEDAN KIMANTHI,KIANDERE LEAF COLLECTION
19,NYERI,94,TETU,467,WAMAGANA,KIANDU PRIMARY SCHOOL
19,NYERI,94,TETU,467,WAMAGANA,KAIGUIRI PRIMARY SCHOOL
19,NYERI,94,TETU,467,WAMAGANA,KIGWANDI PRIMARY SCHOOL
19,NYERI,94,TETU,467,WAMAGANA,GACHATHA HIGH SCHOOL
19,NYERI,94,TETU,467,WAMAGANA,GACHATHA COFFEE FACTORY
19,NYERI,94,TETU,467,WAMAGANA,KARIGUINI PRIMARY SCOOL
19,NYERI,94,TETU,467,WAMAGANA,WAMAGANA PRIMARY SCHOOL
19,NYERI,94,TETU,467,WAMAGANA,KAGWATHI PRIMARY SCHOOL
19,NYERI,94,TETU,467,WAMAGANA,GIAKANJA COFFEE FACTORY
19,NYERI,94,TETU,467,WAMAGANA,KARANGIA PRIMARY SCHOOL
19,NYERI,94,TETU,467,WAMAGANA,KARANGIA SECONDARY SCHOOL
19,NYERI,94,TETU,467,WAMAGANA,MATHAKWAINI PRIMARY SCHOOL
19,NYERI,94,TETU,467,WAMAGANA,MATHAKWAINI YOUTH POLYTECHNIC
19,NYERI,94,TETU,467,WAMAGANA,KIAMUTIGA PRIMARY SCHOOL
19,NYERI,94,TETU,467,WAMAGANA,NDUGAMANO PRIMARY SCHOOL
19,NYERI,94,TETU,467,WAMAGANA,IHITHE PRIMARY SCHOOL
19,NYERI,94,TETU,467,WAMAGANA,HUBUINI PRIMARY SCHOOL
19,NYERI,94,TETU,467,WAMAGANA,WANDUMBI PRIMARY SCHOOL
19,NYERI,94,TETU,467,WAMAGANA,MUTITU TEA CENTER
19,NYERI,94,TETU,467,WAMAGANA,GATHUTHI YOUTH POLYTECHNIC
19,NYERI,94,TETU,467,WAMAGANA,NDUGAMANO NURSERY SCHOOL
19,NYERI,94,TETU,467,WAMAGANA,KIHORA PRIMARY SCHOOL
19,NYERI,94,TETU,467,WAMAGANA,MBAAINI PRIMARY SCHOOL
19,NYERI,94,TETU,467,WAMAGANA,IHITHE SECONDARY SCHOOL
19,NYERI,94,TETU,467,WAMAGANA,WAMAGANA TCA HALL
19,NYERI,94,TETU,468,AGUTHI-GAAKI,NYAITHEE PRIMARY SCHOOL
19,NYERI,94,TETU,468,AGUTHI-GAAKI,THAGEINI PRIMARY SCHOOL
19,NYERI,94,TETU,468,AGUTHI-GAAKI,KIARAHO PRIMARY SCHOOL
19,NYERI,94,TETU,468,AGUTHI-GAAKI,GITITU PRIMARY SCHOOL
19,NYERI,94,TETU,468,AGUTHI-GAAKI,GATHUNGO PRIMARY SCHOOL
19,NYERI,94,TETU,468,AGUTHI-GAAKI,KAIGONDE PRIMARY SCHOOL
19,NYERI,94,TETU,468,AGUTHI-GAAKI,KANGUBIRI SECONDARY SCHOOL
19,NYERI,94,TETU,468,AGUTHI-GAAKI,GICHIRA PRIMARY SCHOOL
19,NYERI,94,TETU,468,AGUTHI-GAAKI,GICHIRA ADULT BASIC EDUCATION
19,NYERI,94,TETU,468,AGUTHI-GAAKI,KIHARO NURSERY SCHOOL
19,NYERI,94,TETU,468,AGUTHI-GAAKI,GATHINGA PRIMARY SCHOOL
19,NYERI,94,TETU,468,AGUTHI-GAAKI,KIAIGI PRIMARY SCHOOL
19,NYERI,94,TETU,468,AGUTHI-GAAKI,GONDO PRIMARY SCHOOL
19,NYERI,94,TETU,468,AGUTHI-GAAKI,KIAWAITHANJI PRIMARY SCHOOL
19,NYERI,94,TETU,468,AGUTHI-GAAKI,MUTATHI-INI PRIMARY SCHOOL
19,NYERI,94,TETU,468,AGUTHI-GAAKI,KAGUMO TEACHERS TRAINING COLLEGE
19,NYERI,94,TETU,468,AGUTHI-GAAKI,F.T. NYAMU SECONDARY SCHOOL
19,NYERI,94,TETU,468,AGUTHI-GAAKI,MIRICHO PRIMARY SCHOOL
19,NYERI,94,TETU,468,AGUTHI-GAAKI,GAAKI SECONDARY SCHOOL
19,NYERI,94,TETU,468,AGUTHI-GAAKI,GATHINGA COFFEE FACTORY
19,NYERI,95,KIENI,469,MWEIGA,MWEIGA PRIMARY SCHOOL
19,NYERI,95,KIENI,469,MWEIGA,KAMATONGU PRIMARY SCHOOL
19,NYERI,95,KIENI,469,MWEIGA,IKUMARI PRIMARY SCHOOL
19,NYERI,95,KIENI,469,MWEIGA,NJENGU PRIMARY SCHOOL
19,NYERI,95,KIENI,469,MWEIGA,AMBONI PRIMARY SCHOOL
19,NYERI,95,KIENI,469,MWEIGA,MWEIGA SECONDARY SCHOOL
19,NYERI,95,KIENI,469,MWEIGA,MWIRERI SECONDARY SCHOOL.
19,NYERI,95,KIENI,469,MWEIGA,RURERAINI NURSERY SCHOOL.
19,NYERI,95,KIENI,469,MWEIGA,EX PAGES NURSERY SCHOOL.
19,NYERI,95,KIENI,470,NAROMORU KIAMATHAGA,MWICWIRI PRIMARY SCHOOL
19,NYERI,95,KIENI,470,NAROMORU KIAMATHAGA,GITERO PRIMARY SCHOOL
19,NYERI,95,KIENI,470,NAROMORU KIAMATHAGA,KAMBI PRIMARY SCHOOL
19,NYERI,95,KIENI,470,NAROMORU KIAMATHAGA,KIMBO PRIMARY SCHOOL.
19,NYERI,95,KIENI,470,NAROMORU KIAMATHAGA,KARICHUTA PRIMARY SCHOOL
19,NYERI,95,KIENI,470,NAROMORU KIAMATHAGA,KAHUHO PRIMARY SCHOOL
19,NYERI,95,KIENI,470,NAROMORU KIAMATHAGA,NARUMORU TOWNSHIP PRIMARY SCHOOL
19,NYERI,95,KIENI,470,NAROMORU KIAMATHAGA,AGUTHI PRIMARY SCHOOL
19,NYERI,95,KIENI,470,NAROMORU KIAMATHAGA,TIGITHI PRIMARY SCHOOL
19,NYERI,95,KIENI,470,NAROMORU KIAMATHAGA,KABATI NURSERY SCHOOL
19,NYERI,95,KIENI,470,NAROMORU KIAMATHAGA,KANDARA NURSERY SCHOOL
19,NYERI,95,KIENI,470,NAROMORU KIAMATHAGA,GIKAMBA NURSERY SCHOOL
19,NYERI,95,KIENI,470,NAROMORU KIAMATHAGA,IRIGITHATHI PRIMARY SCHOOL
19,NYERI,95,KIENI,470,NAROMORU KIAMATHAGA,GITINGA PRIMARY SCHOOL
19,NYERI,95,KIENI,470,NAROMORU KIAMATHAGA,GATUNE WATER PROJECT OFFICE
19,NYERI,95,KIENI,470,NAROMORU KIAMATHAGA,IRIGITHATHI SECONDARY SCHOOL
19,NYERI,95,KIENI,470,NAROMORU KIAMATHAGA,KAMBURAINI SECONDARY SCHOOL
19,NYERI,95,KIENI,470,NAROMORU KIAMATHAGA,MWICWIRI CATTLE DIP (GIKAMBA)
19,NYERI,95,KIENI,470,NAROMORU KIAMATHAGA,NARUMORU M.O.W CAMP
19,NYERI,95,KIENI,471,MWIYOGO/ENDARASHA,LABURA PRIMARY SCHOOL
19,NYERI,95,KIENI,471,MWIYOGO/ENDARASHA,MAHIGA PRIMARY SCHOOL
19,NYERI,95,KIENI,471,MWIYOGO/ENDARASHA,MWIYOGO PRIMARY SCHOOL
19,NYERI,95,KIENI,471,MWIYOGO/ENDARASHA,MUTHUINI PRIMARY SCHOOL
19,NYERI,95,KIENI,471,MWIYOGO/ENDARASHA,MWIHOKO PRIMARY SCHOOL
19,NYERI,95,KIENI,471,MWIYOGO/ENDARASHA,MITERO PRIMARY SCHOOL
19,NYERI,95,KIENI,471,MWIYOGO/ENDARASHA,KIHUHIRO PRIMARY SCHOOL
19,NYERI,95,KIENI,471,MWIYOGO/ENDARASHA,ENDARASHA PRIMARY SCHOOL
19,NYERI,95,KIENI,471,MWIYOGO/ENDARASHA,KINYAITI PRIMARY SCHOOL
19,NYERI,95,KIENI,471,MWIYOGO/ENDARASHA,TALAU PRIMARY SCHOOL
19,NYERI,95,KIENI,471,MWIYOGO/ENDARASHA,WENDIGA PRIMARY SCHOOL
19,NYERI,95,KIENI,471,MWIYOGO/ENDARASHA,HONI PRIMARY SCHOOL
19,NYERI,95,KIENI,471,MWIYOGO/ENDARASHA,ENDARASHA BOYS HIGH SCHOOL
19,NYERI,95,KIENI,471,MWIYOGO/ENDARASHA,ENDARASHA POLYTECHNIC
19,NYERI,95,KIENI,471,MWIYOGO/ENDARASHA,KANYAGIA HALL
19,NYERI,95,KIENI,471,MWIYOGO/ENDARASHA,MWIYOGO SECONDARY SCHOOL
19,NYERI,95,KIENI,471,MWIYOGO/ENDARASHA,EWASO NYIRO DISPENSARY HALL
19,NYERI,95,KIENI,472,MUGUNDA,RUAI PRIMARY SCHOOL
19,NYERI,95,KIENI,472,MUGUNDA,KAREMENO PRIMARY SCHOOL
19,NYERI,95,KIENI,472,MUGUNDA,WANG'ATA PRIMARY SCHOOL
19,NYERI,95,KIENI,472,MUGUNDA,MBIRITHI PRIMARY SCHOOL
19,NYERI,95,KIENI,472,MUGUNDA,RONDAMA PRIMARY SCHOOL
19,NYERI,95,KIENI,472,MUGUNDA,MUTHANGIRA PRIMARY SCHOOL
19,NYERI,95,KIENI,472,MUGUNDA,NAIRUTIA PRIMARY SCHOOL
19,NYERI,95,KIENI,472,MUGUNDA,MUGUNDA PRIMARY SCHOOL
19,NYERI,95,KIENI,472,MUGUNDA,KAMIRURI PRIMARY SCHOOL
19,NYERI,95,KIENI,472,MUGUNDA,BELLEVUE PRIMARY SCHOOL
19,NYERI,95,KIENI,472,MUGUNDA,ST GEORGES SECONDARY SCHOOL
19,NYERI,95,KIENI,472,MUGUNDA,LAMURIA PRIMARY SCHOOL
19,NYERI,95,KIENI,472,MUGUNDA,RUIRIE PRIMARY SCHOOL.
19,NYERI,95,KIENI,472,MUGUNDA,GITHURA PRIMARY SCHOOL
19,NYERI,95,KIENI,472,MUGUNDA,TANYAI PRIMARY SCHOOL
19,NYERI,95,KIENI,472,MUGUNDA,GATARAGWA GIRLS SECONDARY SCHOOL
19,NYERI,95,KIENI,472,MUGUNDA,KABENDERA PRIMARY SCHOOL
19,NYERI,95,KIENI,472,MUGUNDA,BIRISHA PRIMARY SCHOOL
19,NYERI,95,KIENI,472,MUGUNDA,KIAHUKO PRIMARY SCHOOL
19,NYERI,95,KIENI,472,MUGUNDA,RURICHU PRIMARY SCHOOL
19,NYERI,95,KIENI,472,MUGUNDA,NAIRUTIA YOUTH POLYTECHNIC
19,NYERI,95,KIENI,472,MUGUNDA,IGATHU PRIMARY SCHOOL
19,NYERI,95,KIENI,472,MUGUNDA,LAMURIA DAIRY (KIAWARA)
19,NYERI,95,KIENI,472,MUGUNDA,KOMU NURSERY SCHOOL
19,NYERI,95,KIENI,472,MUGUNDA,ST JUDE MUGUNDA SECONDARY SCHOOL
19,NYERI,95,KIENI,473,GATARAKWA,NDUNYU GWATHI PRIMARY SCHOOL
19,NYERI,95,KIENI,473,GATARAKWA,CHARITY SECONDARY SCHOOL
19,NYERI,95,KIENI,473,GATARAKWA,GAKANGA PRIMARY SCHOOL
19,NYERI,95,KIENI,473,GATARAKWA,GITEGI PRIMARY SCHOOL
19,NYERI,95,KIENI,473,GATARAKWA,NDIIRI NURSERY SCHOOL
19,NYERI,95,KIENI,473,GATARAKWA,CHARITY PRIMARY SCHOOL
19,NYERI,95,KIENI,473,GATARAKWA,EMBARINGO PRIMARY SCHOOL
19,NYERI,95,KIENI,473,GATARAKWA,NGARINGIRO PRIMARY SCHOOL
19,NYERI,95,KIENI,473,GATARAKWA,WATUKA PRIMARY SCHOOL
19,NYERI,95,KIENI,473,GATARAKWA,LACHUTA PRIMARY SCHOOL
19,NYERI,95,KIENI,473,GATARAKWA,KAMIANDA NURSERY SCHOOL
19,NYERI,95,KIENI,473,GATARAKWA,KIAHURIA PRIMARY SCHOOL
19,NYERI,95,KIENI,473,GATARAKWA,GITARO PRIMARY SCHOOL
19,NYERI,95,KIENI,473,GATARAKWA,OBSERVATION HILL SECONDARY SCHOOL
19,NYERI,95,KIENI,473,GATARAKWA,KIMUNYURU DAY SECONDARY SCHOOL
19,NYERI,95,KIENI,473,GATARAKWA,WATUKA SECONDARY SCHOOL
19,NYERI,95,KIENI,473,GATARAKWA,WATUKA FARMERS COOP STORE (EMBARINGO)
19,NYERI,95,KIENI,473,GATARAKWA,EMBARINGO DAY SECONDARY SCHOOL
19,NYERI,95,KIENI,474,THEGU RIVER,KAKURET VILLAGE NURSERY SCHOOL
19,NYERI,95,KIENI,474,THEGU RIVER,RONGAI PRIMARY SCHOOL
19,NYERI,95,KIENI,474,THEGU RIVER,KIRINYAGA NURSERY SCH
19,NYERI,95,KIENI,474,THEGU RIVER,GATUAMBA PRIMARY SCHOOL
19,NYERI,95,KIENI,474,THEGU RIVER,KARICHENI PRIMARY SCHOOL
19,NYERI,95,KIENI,474,THEGU RIVER,GATEI PRIMARY SCHOOL
19,NYERI,95,KIENI,474,THEGU RIVER,MARAGIMA PRIMARY SCHOOL
19,NYERI,95,KIENI,474,THEGU RIVER,MILIMANI PRIMARY SCHOOL.
19,NYERI,95,KIENI,474,THEGU RIVER,KARUNDAS PRIMARY SCHOOL
19,NYERI,95,KIENI,474,THEGU RIVER,LUSOI PRIMARY SCHOOL
19,NYERI,95,KIENI,474,THEGU RIVER,NYANGE PRIMARY SCHOOL
19,NYERI,95,KIENI,474,THEGU RIVER,CHAKA PRIMARY SCHOOL
19,NYERI,95,KIENI,474,THEGU RIVER,NDIRITI PRIMARY SCHOOL
19,NYERI,95,KIENI,474,THEGU RIVER,NGATHA NURSERY SCHOOL.
19,NYERI,95,KIENI,474,THEGU RIVER,GITHUNGO PRIMARY SCHOOL
19,NYERI,95,KIENI,474,THEGU RIVER,TAGWA PRIMARY SCHOOL( PROPOSED SITE)
19,NYERI,95,KIENI,474,THEGU RIVER,GATHATHI-INI DAM OFFICES
19,NYERI,95,KIENI,474,THEGU RIVER,KARUNDAS SECONDARY SCHOOL
19,NYERI,95,KIENI,474,THEGU RIVER,NEW KCC GROUND (CHAKA)
19,NYERI,95,KIENI,474,THEGU RIVER,NARUMORU GIRLS SECONDARY SCHOOL.
19,NYERI,95,KIENI,474,THEGU RIVER,GATUAMBA SECONDARY SCHOOL.
19,NYERI,95,KIENI,475,KABARU,WARAZO PRIMARY SCHOOL
19,NYERI,95,KIENI,475,KABARU,MUNYU PRIMARY SCHOOL
19,NYERI,95,KIENI,475,KABARU,NDATHI PRIMARY SCHOOL
19,NYERI,95,KIENI,475,KABARU,MBIRIRI PRIMARY SCHOOL
19,NYERI,95,KIENI,475,KABARU,MAPEMA PRIMARY SCHOOL
19,NYERI,95,KIENI,475,KABARU,KABARU PRIMARY SCHOOL
19,NYERI,95,KIENI,475,KABARU,KIMAHURI PRIMARY SCHOOL
19,NYERI,95,KIENI,475,KABARU,KANDUNE NURSERY SCHOOL.
19,NYERI,95,KIENI,475,KABARU,ST.TERESA NURSERY SCHOOL GITUBURURU.
19,NYERI,95,KIENI,475,KABARU,KIMAHURI YOUTH POLYTECHNIC
19,NYERI,95,KIENI,475,KABARU,ST JOSEPH WARAZO YOUTH POLYTECHNIC.
19,NYERI,95,KIENI,475,KABARU,MUNYU HIGH SCHOOL
19,NYERI,95,KIENI,476,GAKAWA,WATHITUGA PRIMARY SCHOOL
19,NYERI,95,KIENI,476,GAKAWA,CCM NANYUKI PRIMARY SCHOOL
19,NYERI,95,KIENI,476,GAKAWA,MLIMA KENYA PRIMARY SCHOOL
19,NYERI,95,KIENI,476,GAKAWA,BURGURET PRIMARY SCHOOL
19,NYERI,95,KIENI,476,GAKAWA,GUARA PRIMARY SCHOOL
19,NYERI,95,KIENI,476,GAKAWA,MACHARIA PRIMARY SCHOOL
19,NYERI,95,KIENI,476,GAKAWA,KIBOYA PRIMARY SCHOOL
19,NYERI,95,KIENI,476,GAKAWA,MURERU PRIMARY SCHOOL
19,NYERI,95,KIENI,476,GAKAWA,NGERIMA NURSERY SCH
19,NYERI,95,KIENI,476,GAKAWA,AIRSTRIP PRIMARY SCHOOL
19,NYERI,95,KIENI,476,GAKAWA,GAKAWA DISPENSARY
19,NYERI,95,KIENI,476,GAKAWA,KAAGA NURSERY SCHOOL
19,NYERI,95,KIENI,476,GAKAWA,MAKA WATER PROJECT OFFICE
19,NYERI,95,KIENI,476,GAKAWA,GUARA NURSERY SCHOOL
19,NYERI,95,KIENI,476,GAKAWA,MURERU SECONDARY SCHOOL
19,NYERI,95,KIENI,476,GAKAWA,MOI EQUATOR GIRLS SECONDARY SCHOOL
19,NYERI,95,KIENI,476,GAKAWA,GAKAWA SECONDARY SCHOOL.
19,NYERI,96,MATHIRA,477,RUGURU,SAGANA PRIMARY SCHOOL
19,NYERI,96,MATHIRA,477,RUGURU,NDUNDU-INI PRIMARY SCHOOL
19,NYERI,96,MATHIRA,477,RUGURU,RUARE PRIMARY SCHOOL
19,NYERI,96,MATHIRA,477,RUGURU,KIANJAU PRIMARY SCHOOL
19,NYERI,96,MATHIRA,477,RUGURU,KABIRUINI PRIMARY SCHOOL
19,NYERI,96,MATHIRA,477,RUGURU,NJATHE-INI PRIMARY SCHOOL
19,NYERI,96,MATHIRA,477,RUGURU,CHIENI PRIMARY SCHOOL
19,NYERI,96,MATHIRA,477,RUGURU,KAHIRAINI PRIMARY SCHOOL
19,NYERI,96,MATHIRA,477,RUGURU,KIAHIA NURSERYSCHOOL
19,NYERI,96,MATHIRA,477,RUGURU,NGORANO PRIMARY SCHOOL
19,NYERI,96,MATHIRA,477,RUGURU,HIRIGA PRIMARY SCHOOL
19,NYERI,96,MATHIRA,477,RUGURU,KABIRU-INI COFFEE FACTORY
19,NYERI,96,MATHIRA,477,RUGURU,OLD NGORANO DISPENSARY
19,NYERI,96,MATHIRA,478,MAGUTU,GITUNDUTI PRIMARY SCHOOL
19,NYERI,96,MATHIRA,478,MAGUTU,KIANGENGI PRIMARY SCHOOL
19,NYERI,96,MATHIRA,478,MAGUTU,KANJURI PRIMARY SCHOOL
19,NYERI,96,MATHIRA,478,MAGUTU,GATHIRATHIRU PRIMARY SCHOOL
19,NYERI,96,MATHIRA,478,MAGUTU,KIAMIGWI PRIMARY SCHOOL
19,NYERI,96,MATHIRA,478,MAGUTU,GIKUMBO PRIMARY SCHOOL
19,NYERI,96,MATHIRA,478,MAGUTU,GIAKAIBEI PRIMARY SCHOOL
19,NYERI,96,MATHIRA,478,MAGUTU,GATHEHU PRIMARY SCHOOL
19,NYERI,96,MATHIRA,478,MAGUTU,GIAGATHEGE TEA BUYING CENTRE
19,NYERI,96,MATHIRA,478,MAGUTU,KAMUNYU-INI YOUTH POLYTECHNIC
19,NYERI,96,MATHIRA,478,MAGUTU,GITIMAINI TEA BUYING CENTRE
19,NYERI,96,MATHIRA,478,MAGUTU,KIHURI TEA BUYING CENTRE
19,NYERI,96,MATHIRA,478,MAGUTU,KARIAMBI TEA BUYING CENTRE
19,NYERI,96,MATHIRA,478,MAGUTU,KIAMUCHERU PRIMARY SCHOOL
19,NYERI,96,MATHIRA,478,MAGUTU,KANGIRI TEA BUYING CENTRE
19,NYERI,96,MATHIRA,479,IRIAINI,ITUNDU PRIMARY SCHOOL
19,NYERI,96,MATHIRA,479,IRIAINI,GATHAITHI PRIMARY SCHOOL
19,NYERI,96,MATHIRA,479,IRIAINI,CHEHE PRIMARY SCHOOL
19,NYERI,96,MATHIRA,479,IRIAINI,IHWAGI PRIMARY SCHOOL
19,NYERI,96,MATHIRA,479,IRIAINI,KIARITHA-INI PRIMARY SCHOOL
19,NYERI,96,MATHIRA,479,IRIAINI,KIAMWANGI PRIMARYSCHOOL
19,NYERI,96,MATHIRA,479,IRIAINI,KAHURU PRIMARY SCHOOL
19,NYERI,96,MATHIRA,479,IRIAINI,MIIRI PRIMARY SCHOOL
19,NYERI,96,MATHIRA,479,IRIAINI,GIKORORO PRIMARY SCHOOL
19,NYERI,96,MATHIRA,479,IRIAINI,THENGE-INI PRIMARY SCHOOL
19,NYERI,96,MATHIRA,479,IRIAINI,GATURA PRIMARY SCHOOL
19,NYERI,96,MATHIRA,479,IRIAINI,GITANGARURI TEA BUYING CENTRE
19,NYERI,96,MATHIRA,479,IRIAINI,MUTHUTHIINI TEA BUYING CENTRE
19,NYERI,96,MATHIRA,479,IRIAINI,OLD KIARUHIU TEA BUYING CENTRE
19,NYERI,96,MATHIRA,479,IRIAINI,THIGINGI TEA BUYING CENTRE
19,NYERI,96,MATHIRA,480,KONYU,KARINDUNDU PRIMARY SCHOOL
19,NYERI,96,MATHIRA,480,KONYU,GATURIRI PRIMARY SCHOOL
19,NYERI,96,MATHIRA,480,KONYU,KAHARA PRIMARY SCHOOL
19,NYERI,96,MATHIRA,480,KONYU,KIAMABARA PRIMARY SCHOOL
19,NYERI,96,MATHIRA,480,KONYU,GATHUGU PRIMARY SCHOOL
19,NYERI,96,MATHIRA,480,KONYU,MT.CARMEL SECONDARY SCHOOL
19,NYERI,96,MATHIRA,480,KONYU,NDIMA-INI PRIMARY SCHOOL
19,NYERI,96,MATHIRA,480,KONYU,GATINA PRIMARY SCHOOL
19,NYERI,96,MATHIRA,480,KONYU,GACHUKU YOUTH POLYTECHNIC
19,NYERI,96,MATHIRA,480,KONYU,IHIGA PRIMARY SCHOOL
19,NYERI,96,MATHIRA,480,KONYU,KAHUTI-INI PRIMARY SCHOOL
19,NYERI,96,MATHIRA,480,KONYU,KIRIGU COFFEE FACTORY
19,NYERI,96,MATHIRA,481,KIRIMUKUYU,KIANGI PRIMARYSCHOOL
19,NYERI,96,MATHIRA,481,KIRIMUKUYU,NGAINI PRIMARYSCHOOL
19,NYERI,96,MATHIRA,481,KIRIMUKUYU,GACHUIRO PRIMARY SCHOOL
19,NYERI,96,MATHIRA,481,KIRIMUKUYU,WAKAMATA PRIMARYSCHOOL
19,NYERI,96,MATHIRA,481,KIRIMUKUYU,GATIKO PRIMARYSCHOOL
19,NYERI,96,MATHIRA,481,KIRIMUKUYU,MARUA COFFEE FACTORY
19,NYERI,96,MATHIRA,481,KIRIMUKUYU,KIANJOGU SECONDARY SCHOOL
19,NYERI,96,MATHIRA,481,KIRIMUKUYU,THAITHI PRIMARY SCHOOL
19,NYERI,96,MATHIRA,481,KIRIMUKUYU,NGANDU GIRLS PRIMARY SCHOOL
19,NYERI,96,MATHIRA,481,KIRIMUKUYU,RITITI PRIMARY SCHOOL
19,NYERI,96,MATHIRA,481,KIRIMUKUYU,KANYAMA SECONDARY SCHOOL
19,NYERI,96,MATHIRA,481,KIRIMUKUYU,KIANGOMA PRIMARY SCHOOL
19,NYERI,96,MATHIRA,481,KIRIMUKUYU,KIRIKO PRIMARY SCHOOL
19,NYERI,96,MATHIRA,481,KIRIMUKUYU,GATHOGORERO PRIMARY SCHOOL
19,NYERI,96,MATHIRA,481,KIRIMUKUYU,NGUNGURU SECONDARY SCHOOL
19,NYERI,96,MATHIRA,481,KIRIMUKUYU,GIAITUU NURSERY SCHOOL
19,NYERI,96,MATHIRA,481,KIRIMUKUYU,KIANJOGU COFFEE FACTORY
19,NYERI,96,MATHIRA,481,KIRIMUKUYU,MBOGO-INI NURSERY SCHOOL
19,NYERI,96,MATHIRA,481,KIRIMUKUYU,RWANYAGA NURSERYSCHOOL
19,NYERI,96,MATHIRA,482,KARATINA TOWN,RAGATI PRIMARY SCHOOL
19,NYERI,96,MATHIRA,482,KARATINA TOWN,ITIATI PRIMARY SCHOOL
19,NYERI,96,MATHIRA,482,KARATINA TOWN,GENERAL CHINA SECONDARY
19,NYERI,96,MATHIRA,482,KARATINA TOWN,ICHUGA PRIMARY SCHOOL
19,NYERI,96,MATHIRA,482,KARATINA TOWN,UNJIRU PRIMARY SCHOOL
19,NYERI,96,MATHIRA,482,KARATINA TOWN,GATHUMBI NURSERY SCHOOL
19,NYERI,96,MATHIRA,482,KARATINA TOWN,MATHAITHI PRIMARYSCHOOL
19,NYERI,96,MATHIRA,482,KARATINA TOWN,RURAL ACCES ROAD CAMP
19,NYERI,96,MATHIRA,482,KARATINA TOWN,VETINARY LABORATORY 1
19,NYERI,96,MATHIRA,482,KARATINA TOWN,KARATINA GIRLS HIGH SCHOOL
19,NYERI,96,MATHIRA,482,KARATINA TOWN,KARATINA STADIUM
19,NYERI,96,MATHIRA,482,KARATINA TOWN,KARATINA TOWN NURSERY SCHOOL
19,NYERI,96,MATHIRA,482,KARATINA TOWN,RAILWAY CANTEEN
19,NYERI,96,MATHIRA,482,KARATINA TOWN,MINISTRY OF TRANSPORT OFFICE
19,NYERI,96,MATHIRA,482,KARATINA TOWN,A.C.K KARATINA NURSERY SCHOOL
19,NYERI,96,MATHIRA,482,KARATINA TOWN,KARATINA BUS PARK
19,NYERI,96,MATHIRA,482,KARATINA TOWN,KIRIGU PRIMARYSCHOOL
19,NYERI,96,MATHIRA,482,KARATINA TOWN,KARATINA OPEN AIR MRKT
19,NYERI,96,MATHIRA,482,KARATINA TOWN,KENYA INDUSTRIAL ESTATES
19,NYERI,96,MATHIRA,482,KARATINA TOWN,MATHIRA DAIRY OFFICE
19,NYERI,96,MATHIRA,482,KARATINA TOWN,KIHURO PRIMARY SCHOOL
19,NYERI,96,MATHIRA,482,KARATINA TOWN,GATHU-INI PRIMARYSCHOOL
19,NYERI,96,MATHIRA,482,KARATINA TOWN,DEB KARATINA PRIMARYSCHOOL
19,NYERI,96,MATHIRA,482,KARATINA TOWN,KIANGURWE PRIMARY SCHOOL
19,NYERI,97,OTHAYA,483,MAHIGA,KAGERE PRIMARY SCHOOL
19,NYERI,97,OTHAYA,483,MAHIGA,KIRARI PRIMARY SCHOOL
19,NYERI,97,OTHAYA,483,MAHIGA,KENYATTA HIGH SCHOOL (MAHIGA)
19,NYERI,97,OTHAYA,483,MAHIGA,BIRITHIA PRIMARY SCHOOL
19,NYERI,97,OTHAYA,483,MAHIGA,RUKIRA YOUTH POLYTECHNIC
19,NYERI,97,OTHAYA,483,MAHIGA,WAGURA PRIMARY SCHOOL
19,NYERI,97,OTHAYA,483,MAHIGA,KAMOKO PRIMARY SCHOOL
19,NYERI,97,OTHAYA,483,MAHIGA,KAGONYE TEA BUYING CENTRE
19,NYERI,97,OTHAYA,483,MAHIGA,KAGONYE SECONDARY SCHOOL
19,NYERI,97,OTHAYA,483,MAHIGA,GATURUTURU PRIMARY SCHOOL
19,NYERI,97,OTHAYA,483,MAHIGA,MATHENGE YOUTH POLYTECHNIC
19,NYERI,97,OTHAYA,483,MAHIGA,MUNYANGE SECONDARY SCHOOL
19,NYERI,97,OTHAYA,483,MAHIGA,MIIRINI PRIMARY SCHOOL
19,NYERI,97,OTHAYA,483,MAHIGA,GITUGI PRIMARY SCHOOL
19,NYERI,97,OTHAYA,483,MAHIGA,KIHOME SECONDARY SCHOOL
19,NYERI,97,OTHAYA,483,MAHIGA,KIHOME PRIMARY SCHOOL
19,NYERI,97,OTHAYA,483,MAHIGA,KANINI TEA BUYING CENTRE
19,NYERI,97,OTHAYA,483,MAHIGA,GITUIGA PRIMARY SCHOOL
19,NYERI,97,OTHAYA,483,MAHIGA,KIGANJO TEA BUYING CENTRE
19,NYERI,97,OTHAYA,483,MAHIGA,NJIGARI PRIMARY SCHOOL
19,NYERI,97,OTHAYA,483,MAHIGA,KINA TEA BUYING CENTRE
19,NYERI,97,OTHAYA,483,MAHIGA,MUMWE PRIMARY SCHOOL
19,NYERI,97,OTHAYA,483,MAHIGA,KAMOKO TEA BUYING CENTRE
19,NYERI,97,OTHAYA,483,MAHIGA,GITUGI SECONDARY SCHOOL
19,NYERI,97,OTHAYA,483,MAHIGA,MWANDA TEA BUYING CENTRE
19,NYERI,97,OTHAYA,484,IRIA-INI,KAHIGAINI TEA BUYING CENTRE
19,NYERI,97,OTHAYA,484,IRIA-INI,KIRIINI PRIMARY SCHOOL
19,NYERI,97,OTHAYA,484,IRIA-INI,GATUYAINI PRIMARY SCHOOL
19,NYERI,97,OTHAYA,484,IRIA-INI,GITUNDU PRIMARY SCHOOL
19,NYERI,97,OTHAYA,484,IRIA-INI,OTHAYA BOMA NURSERY SCHOOL
19,NYERI,97,OTHAYA,484,IRIA-INI,MUNAINI PRIMARY SCHOOL
19,NYERI,97,OTHAYA,484,IRIA-INI,THUNGURI PRIMARY SCHOOL
19,NYERI,97,OTHAYA,484,IRIA-INI,KIGUMO PRIMARY SCHOOL
19,NYERI,97,OTHAYA,484,IRIA-INI,IHURIRIO PRIMARY SCHOOL
19,NYERI,97,OTHAYA,484,IRIA-INI,RURUGUTI PRIMARY SCHOOL
19,NYERI,97,OTHAYA,484,IRIA-INI,KIHURI PRIMARY SCHOOL
19,NYERI,97,OTHAYA,484,IRIA-INI,KAIRUTHI PRIMARY SCHOOL
19,NYERI,97,OTHAYA,484,IRIA-INI,KONYU PRIMARY SCHOOL
19,NYERI,97,OTHAYA,484,IRIA-INI,KERERE TEA BUYING CENTRE
19,NYERI,97,OTHAYA,484,IRIA-INI,MUGAAINI TEA BUYING CENTRE
19,NYERI,97,OTHAYA,484,IRIA-INI,OTHAYA YOUTH POLYTECHNIC
19,NYERI,97,OTHAYA,484,IRIA-INI,GIKURWE PRIMARY.SCHOOL.
19,NYERI,97,OTHAYA,484,IRIA-INI,WAKIRUKI TEA BUYING CENTRE
19,NYERI,97,OTHAYA,484,IRIA-INI,GATHUMBI PRIMARY SCHOOL
19,NYERI,97,OTHAYA,484,IRIA-INI,KIANGIMA TEA BUYING CENTRE
19,NYERI,97,OTHAYA,484,IRIA-INI,KAGUNDU TEA BUYING CENTRE
19,NYERI,97,OTHAYA,484,IRIA-INI,KIANJWE TEA BUYING CENTRE
19,NYERI,97,OTHAYA,484,IRIA-INI,THOKOINI TEA BUYING CENTRE
19,NYERI,97,OTHAYA,484,IRIA-INI,KABEBERO TEA BUYING CENTRE
19,NYERI,97,OTHAYA,484,IRIA-INI,KIHURI SECONDARY SCHOOL
19,NYERI,97,OTHAYA,484,IRIA-INI,ST.MARIA GORETTI SECONDARY SCHOOL
19,NYERI,97,OTHAYA,484,IRIA-INI,KAIRUTHI SECONDARY SCHOOL
19,NYERI,97,OTHAYA,484,IRIA-INI,IHURIRIO SECONDARY SCHOOL
19,NYERI,97,OTHAYA,485,CHINGA,KARUTHI PRIMARY SCHOOL
19,NYERI,97,OTHAYA,485,CHINGA,KIAGUTHU YOUTH POLYTECHNIC
19,NYERI,97,OTHAYA,485,CHINGA,KIAMUYA PRIMARY SCHOOL
19,NYERI,97,OTHAYA,485,CHINGA,KIAGUTHU PRIMARY SCHOOL
19,NYERI,97,OTHAYA,485,CHINGA,GATHANJI PRIMARY SCHOOL
19,NYERI,97,OTHAYA,485,CHINGA,MUMBUINI PRIMARY SCHOOL
19,NYERI,97,OTHAYA,485,CHINGA,KIANGUMBA PRIMARY SCHOOL
19,NYERI,97,OTHAYA,485,CHINGA,KARIKO PRIMARY SCHOOL
19,NYERI,97,OTHAYA,485,CHINGA,KIINU PRIMARY SCHOOL
19,NYERI,97,OTHAYA,485,CHINGA,GIATHAIMU TEA BUYING CENTRE
19,NYERI,97,OTHAYA,485,CHINGA,MUIRUNGI PRIMARY SCHOOL
19,NYERI,97,OTHAYA,485,CHINGA,NGARU PRIMARY SCHOOL
19,NYERI,97,OTHAYA,485,CHINGA,MUCHARAGE PRIMARY SCHOOL
19,NYERI,97,OTHAYA,485,CHINGA,GICHAMI PRIMARY SCHOOL
19,NYERI,97,OTHAYA,485,CHINGA,GITARE TEA BUYING CENTRE
19,NYERI,97,OTHAYA,485,CHINGA,KARUTHI TEA BUYING CENTRE
19,NYERI,97,OTHAYA,485,CHINGA,KIANGURU TEA BUYING CENTRE
19,NYERI,97,OTHAYA,485,CHINGA,MUIRUNGI TEA BUYING CENTRE
19,NYERI,97,OTHAYA,485,CHINGA,KARIKO SECONDARY SCHOOL
19,NYERI,97,OTHAYA,485,CHINGA,KAGONGO YOUTH POLYTECHNIC
19,NYERI,97,OTHAYA,485,CHINGA,GICHICHE TEA BUYING CENTRE
19,NYERI,97,OTHAYA,485,CHINGA,KARIKI TEA BUYING CENTRE
19,NYERI,97,OTHAYA,485,CHINGA,GATHERA SECONDARY SCHOOL
19,NYERI,97,OTHAYA,485,CHINGA,KIAGA TEA BUYING CENTRE
19,NYERI,97,OTHAYA,485,CHINGA,MUMBUINI TEA BUYING CENTRE
19,NYERI,97,OTHAYA,486,KARIMA,GURA PRIMARY SCHOOL
19,NYERI,97,OTHAYA,486,KARIMA,MUTITU PRIMARY SCHOOL
19,NYERI,97,OTHAYA,486,KARIMA,KIYU PRIMARY SCHOOL
19,NYERI,97,OTHAYA,486,KARIMA,KAIRIA PRIMARY SCHOOL
19,NYERI,97,OTHAYA,486,KARIMA,IRINDI PRIMARY SCHOOL
19,NYERI,97,OTHAYA,486,KARIMA,GATUGI PRIMARY SCHOOL
19,NYERI,97,OTHAYA,486,KARIMA,THUTI PRIMARY SCHOOL
19,NYERI,97,OTHAYA,486,KARIMA,KIHUGIRU PRIMARY SCHOOL
19,NYERI,97,OTHAYA,486,KARIMA,OTHAYA GIRLS SECONDARY SCHOOL
19,NYERI,97,OTHAYA,486,KARIMA,GATHAMBARA TEA BUYING CENTRE
19,NYERI,97,OTHAYA,486,KARIMA,WITIMA PRIMARY SCHOOL
19,NYERI,97,OTHAYA,486,KARIMA,GATUGI SECONDARY SCHOOL
19,NYERI,97,OTHAYA,486,KARIMA,GITANDARA TEA BUYING CENTRE
19,NYERI,97,OTHAYA,486,KARIMA,WITIMA HEALTH CENTRE
19,NYERI,97,OTHAYA,486,KARIMA,KARIMA BOYS HIGH SCHOOL
19,NYERI,97,OTHAYA,486,KARIMA,KARIMA YOUTH POLYTECHNIC
19,NYERI,97,OTHAYA,486,KARIMA,IRINDI SECONDARY SCHOOL
19,NYERI,98,MUKURWEINI,487,GIKONDI,KARINDI SECONDARY SCHOOL
19,NYERI,98,MUKURWEINI,487,GIKONDI,NYAKAHUHO PRIMARY SCHOOL
19,NYERI,98,MUKURWEINI,487,GIKONDI,WANG'ERA PRIMARY SCHOOL
19,NYERI,98,MUKURWEINI,487,GIKONDI,KAHARO PRIMARY SCHOOL
19,NYERI,98,MUKURWEINI,487,GIKONDI,MUTHUTHI-INI PRIMARY SCHOOL
19,NYERI,98,MUKURWEINI,487,GIKONDI,KIBUTIO PRIMARY SCHOOL
19,NYERI,98,MUKURWEINI,487,GIKONDI,NGURWE-INI PRIMARY SCHOOL
19,NYERI,98,MUKURWEINI,487,GIKONDI,KIIRUNGI PRIMARY SCHOOL
19,NYERI,98,MUKURWEINI,487,GIKONDI,WAHARI PRIMARY SCHOOL
19,NYERI,98,MUKURWEINI,487,GIKONDI,GAKIRA PRIMARY SCHOOL
19,NYERI,98,MUKURWEINI,487,GIKONDI,KIAMURATHE PRIMARY SCHOOL
19,NYERI,98,MUKURWEINI,487,GIKONDI,WANGURU PRIMARY SCHOOL
19,NYERI,98,MUKURWEINI,487,GIKONDI,MWATI PRIMARY SCHOOL
19,NYERI,98,MUKURWEINI,488,RUGI,MIHUTI PRIMARY SCHOOL
19,NYERI,98,MUKURWEINI,488,RUGI,MIHUTI SECONDARY SCHOOL
19,NYERI,98,MUKURWEINI,488,RUGI,GIATHUGU PRIMARY SCHOOL
19,NYERI,98,MUKURWEINI,488,RUGI,MWERU SECONDARY SCHOOL
19,NYERI,98,MUKURWEINI,488,RUGI,MWERU PRIMARY SCHOOL
19,NYERI,98,MUKURWEINI,488,RUGI,KARUNDU PRIMARY SCHOOL
19,NYERI,98,MUKURWEINI,488,RUGI,KANGURWE PRIMARY SCHOOL
19,NYERI,98,MUKURWEINI,488,RUGI,NGAMWA PRIMARY SCHOOL
19,NYERI,98,MUKURWEINI,488,RUGI,KAINI PRIMARY SCHOOL
19,NYERI,98,MUKURWEINI,488,RUGI,NGUYOINI NURSERY SCHOOL
19,NYERI,98,MUKURWEINI,488,RUGI,WERU INTERGRATE SECONDARY SCHOOL
19,NYERI,98,MUKURWEINI,488,RUGI,KIGATHI PRIMARY SCHOOL
19,NYERI,98,MUKURWEINI,488,RUGI,KINURI PRIMARY SCHOOL
19,NYERI,98,MUKURWEINI,488,RUGI,KANYIRIRI COFFEE FACTORY
19,NYERI,98,MUKURWEINI,488,RUGI,RUTUNE SECONDARY SCHOOL
19,NYERI,98,MUKURWEINI,488,RUGI,WACHEE PRIMARY SCHOOL
19,NYERI,98,MUKURWEINI,489,MUKURWE-INI WEST,TAMBAYA PRIMARY SCHOOL
19,NYERI,98,MUKURWEINI,489,MUKURWE-INI WEST,GAIKUNDO PRIMARY SCHOOL
19,NYERI,98,MUKURWEINI,489,MUKURWE-INI WEST,KIAWAMURURU PRIMARY SCHOOL
19,NYERI,98,MUKURWEINI,489,MUKURWE-INI WEST,NINGAINI PRIMARY SCHOOL
19,NYERI,98,MUKURWEINI,489,MUKURWE-INI WEST,KAGARII PRIMARY SCHOOL
19,NYERI,98,MUKURWEINI,489,MUKURWE-INI WEST,WANJITHI PRIMARY SCHOOL
19,NYERI,98,MUKURWEINI,489,MUKURWE-INI WEST,NDIA-INI PRIMARY SCHOOL
19,NYERI,98,MUKURWEINI,489,MUKURWE-INI WEST,GITHAGARA PRIMARY SCHOOL
19,NYERI,98,MUKURWEINI,489,MUKURWE-INI WEST,KAHETI VILLAGE POLYTECHNIC
19,NYERI,98,MUKURWEINI,489,MUKURWE-INI WEST,KIAWAITA PRIMARY SCHOOL
19,NYERI,98,MUKURWEINI,489,MUKURWE-INI WEST,KANUNGA PRIMARY SCHOOL
19,NYERI,98,MUKURWEINI,489,MUKURWE-INI WEST,MATIRA-INI PRIMARY SCHOOL
19,NYERI,98,MUKURWEINI,489,MUKURWE-INI WEST,KIANYAGA PRIMARY SCHOOL
19,NYERI,98,MUKURWEINI,489,MUKURWE-INI WEST,TAMBAYA COFFEE FACTORY
19,NYERI,98,MUKURWEINI,489,MUKURWE-INI WEST,KAHETI PRIMARY SCHOOL
19,NYERI,98,MUKURWEINI,490,MUKURWE-INI CENTRAL,KIHATE PRIMARY SCHOOL
19,NYERI,98,MUKURWEINI,490,MUKURWE-INI CENTRAL,TEACHERS ADVISORY CENTER HALL
19,NYERI,98,MUKURWEINI,490,MUKURWE-INI CENTRAL,GACHIRIRO PRIMARY SCHOOL
19,NYERI,98,MUKURWEINI,490,MUKURWE-INI CENTRAL,GATHUKIMUNDU PRIMARY SCHOOL
19,NYERI,98,MUKURWEINI,490,MUKURWE-INI CENTRAL,KIMONDO SECONDARY SCHOOL
19,NYERI,98,MUKURWEINI,490,MUKURWE-INI CENTRAL,MATUTO PRIMARY SCHOOL
19,NYERI,98,MUKURWEINI,490,MUKURWE-INI CENTRAL,ICHAMARA PRIMARY SCHOOL
19,NYERI,98,MUKURWEINI,490,MUKURWE-INI CENTRAL,GITHUNG'UNG'U PRIMARY SCHOOL
19,NYERI,98,MUKURWEINI,490,MUKURWE-INI CENTRAL,KIANGONDU PRIMARY SCHOOL
19,NYERI,98,MUKURWEINI,490,MUKURWE-INI CENTRAL,THANGATHI PRIMARY SCHOOL
19,NYERI,98,MUKURWEINI,490,MUKURWE-INI CENTRAL,ITHANJI PRIMARY SCHOOL
19,NYERI,98,MUKURWEINI,490,MUKURWE-INI CENTRAL,ACK GITHI PRIMARY SCHOOL
19,NYERI,98,MUKURWEINI,490,MUKURWE-INI CENTRAL,MBUGWA PRIMARY SCHOOL
19,NYERI,98,MUKURWEINI,490,MUKURWE-INI CENTRAL,MUHITO PRIMARY SCHOOL
19,NYERI,98,MUKURWEINI,490,MUKURWE-INI CENTRAL,GATHITU PRIMARY SCHOOL
19,NYERI,98,MUKURWEINI,490,MUKURWE-INI CENTRAL,MAGANJO PRIMARY SCHOOL
19,NYERI,98,MUKURWEINI,490,MUKURWE-INI CENTRAL,RUTUNE PRIMARY SCHOOL
19,NYERI,98,MUKURWEINI,490,MUKURWE-INI CENTRAL,MUTWEWATHI PRIMARY SCHOOL
19,NYERI,98,MUKURWEINI,490,MUKURWE-INI CENTRAL,KIHUTI PRIMARY SCHOOL
19,NYERI,98,MUKURWEINI,490,MUKURWE-INI CENTRAL,ICHAMARA COFFEE FACTORY
19,NYERI,98,MUKURWEINI,490,MUKURWE-INI CENTRAL,THANGATHI COFFEE FACTORY
19,NYERI,98,MUKURWEINI,490,MUKURWE-INI CENTRAL,KARICHENI ADULT EDUCATION CENTRE
19,NYERI,99,NYERI TOWN,491,KIGANJO/MATHARI,NYARIBO PRIMARY SCHOOL
19,NYERI,99,NYERI TOWN,491,KIGANJO/MATHARI,KIGANJO NURSERY SCHOOL
19,NYERI,99,NYERI TOWN,491,KIGANJO/MATHARI,MURINGATO PRIMARY SCHOOL
19,NYERI,99,NYERI TOWN,491,KIGANJO/MATHARI,C.C.M.KIGANJO PRIMARY SCHOOL
19,NYERI,99,NYERI TOWN,491,KIGANJO/MATHARI,MATHARI PRIMARY SCHOOL
19,NYERI,99,NYERI TOWN,491,KIGANJO/MATHARI,MATHARI NURSERY SCHOOL
19,NYERI,99,NYERI TOWN,491,KIGANJO/MATHARI,KAMWENJA TEACHERS TRAINING COLLEGE
19,NYERI,99,NYERI TOWN,491,KIGANJO/MATHARI,KIHUYO PRIMARY SCHOOL
19,NYERI,99,NYERI TOWN,491,KIGANJO/MATHARI,NYARUGUMU NURSERY
19,NYERI,99,NYERI TOWN,491,KIGANJO/MATHARI,MWENJI PRIMARY SCHOOL
19,NYERI,99,NYERI TOWN,491,KIGANJO/MATHARI,P.C.E.A KIRICHU PRIMARY SCHOOL
19,NYERI,99,NYERI TOWN,491,KIGANJO/MATHARI,GACHIKA SECONDARY SCHOOL
19,NYERI,99,NYERI TOWN,491,KIGANJO/MATHARI,NDURUTU PRIMARY SCHOOL
19,NYERI,99,NYERI TOWN,491,KIGANJO/MATHARI,CHRIST THE KING SEMINARY NURSERY.SCHOOL
19,NYERI,99,NYERI TOWN,491,KIGANJO/MATHARI,HILL FARM PRIMARY SCHOOL
19,NYERI,99,NYERI TOWN,491,KIGANJO/MATHARI,CHANIA PRIMARY SCHOOL
19,NYERI,99,NYERI TOWN,492,RWARE,NYAMACHAKI PRIMARY SCHOOL
19,NYERI,99,NYERI TOWN,492,RWARE,NYERI TOWN HEALTH CENTRE
19,NYERI,99,NYERI TOWN,492,RWARE,D.E.B MUSLIM PRIMARY SCHOOL
19,NYERI,99,NYERI TOWN,492,RWARE,MUNICIPAL YARD
19,NYERI,99,NYERI TOWN,492,RWARE,GITHWARIGA PRIMARY SCHOOL
19,NYERI,99,NYERI TOWN,492,RWARE,NYAKINYUA NURSERY
19,NYERI,99,NYERI TOWN,492,RWARE,TEMPLE ROAD SECONDARY SCHOOL
19,NYERI,99,NYERI TOWN,492,RWARE,TEMPLE ROAD PRIMARY SCHOOL
19,NYERI,99,NYERI TOWN,492,RWARE,OLD MUNICIPAL HALL
19,NYERI,99,NYERI TOWN,492,RWARE,NYERI NATIONAL POLYTECHNIC
19,NYERI,99,NYERI TOWN,492,RWARE,KING'ONG'O PRIMARY SCHOOL
19,NYERI,99,NYERI TOWN,492,RWARE,JUBILLANT PRIMARY SCHOOL
19,NYERI,99,NYERI TOWN,492,RWARE,M.O.P.W NURSERY SCHOOL
19,NYERI,99,NYERI TOWN,492,RWARE,CONSOLATA PRIMARY SCH
19,NYERI,99,NYERI TOWN,492,RWARE,ST MARYS BOYS SECONDARY
19,NYERI,99,NYERI TOWN,492,RWARE,CATHEDRAL NURSERY.SCH
19,NYERI,99,NYERI TOWN,493,GATITU/MURUGURU,IHIGAINI PRIMARY SCHOOL
19,NYERI,99,NYERI TOWN,493,GATITU/MURUGURU,MURUGURU PRIMARY SCHOOL
19,NYERI,99,NYERI TOWN,493,GATITU/MURUGURU,MARUA PRIMARY SCHOOL
19,NYERI,99,NYERI TOWN,493,GATITU/MURUGURU,KIAMUIRU PRIMARY SCHOOL
19,NYERI,99,NYERI TOWN,493,GATITU/MURUGURU,GITHIRU PRIMARY SCHOOL
19,NYERI,99,NYERI TOWN,493,GATITU/MURUGURU,KIAMBUIRI PRIMARY SCHOOL
19,NYERI,99,NYERI TOWN,493,GATITU/MURUGURU,GATITU NURSERY SCHOOL
19,NYERI,99,NYERI TOWN,493,GATITU/MURUGURU,RIAMUKURWE PRIMARY SCHOOL
19,NYERI,99,NYERI TOWN,493,GATITU/MURUGURU,THUNGUMA PRIMARY SCHOOL
19,NYERI,99,NYERI TOWN,493,GATITU/MURUGURU,GATITU DISPENSARY
19,NYERI,99,NYERI TOWN,494,RURING'U,KWANDERI PRIMARY SCHOOL
19,NYERI,99,NYERI TOWN,494,RURING'U,Y.M.C.A RURING'U HALL
19,NYERI,99,NYERI TOWN,494,RURING'U,COUNTY COUNCIL OFFICE GROUNDS
19,NYERI,99,NYERI TOWN,494,RURING'U,KWANDERI NURSERY SCHOOL
19,NYERI,99,NYERI TOWN,494,RURING'U,CHORONGI PRIMARY SCHOOL
19,NYERI,99,NYERI TOWN,494,RURING'U,ITHENGURI PRIMARY SCHOOL
19,NYERI,99,NYERI TOWN,494,RURING'U,MUSLIM NURSERY
19,NYERI,99,NYERI TOWN,494,RURING'U,GIAKANJA PRIMARY SCHOOL
19,NYERI,99,NYERI TOWN,494,RURING'U,M.O.P.W RURING'U GROUNDS
19,NYERI,99,NYERI TOWN,494,RURING'U,RURING'U SOCIAL HALL
19,NYERI,99,NYERI TOWN,495,KAMAKWA/MUKARO,NGANGARITHI PRIMARY SCHOOL
19,NYERI,99,NYERI TOWN,495,KAMAKWA/MUKARO,TEAWASCO OFFICES
19,NYERI,99,NYERI TOWN,495,KAMAKWA/MUKARO,KAMAKWA NURSERY
19,NYERI,99,NYERI TOWN,495,KAMAKWA/MUKARO,KAMUYU NURSERY
19,NYERI,99,NYERI TOWN,495,KAMAKWA/MUKARO,KAMUYU PRIMARY SCHOOL
19,NYERI,99,NYERI TOWN,495,KAMAKWA/MUKARO,KIHATHA PRIMARY SCHOOL
19,NYERI,99,NYERI TOWN,495,KAMAKWA/MUKARO,IHWA PRIMARY SCHOOL
19,NYERI,99,NYERI TOWN,495,KAMAKWA/MUKARO,TETU BOYS PRIMARY SCHOOL
19,NYERI,99,NYERI TOWN,495,KAMAKWA/MUKARO,MT.KENYA SALVATION PRIMARY SCHOOL
19,NYERI,99,NYERI TOWN,495,KAMAKWA/MUKARO,KINUNGA YOUTH POLYTECHNIC
19,NYERI,99,NYERI TOWN,495,KAMAKWA/MUKARO,KAGUNDUINI MARKET
19,NYERI,99,NYERI TOWN,495,KAMAKWA/MUKARO,MUTHUA-INI PRIMARY SCHOOL
19,NYERI,99,NYERI TOWN,495,KAMAKWA/MUKARO,MUTHUA-INI SECONDARY SCHOOL
19,NYERI,99,NYERI TOWN,495,KAMAKWA/MUKARO,GITATHI-INI PRIMARY SCHOOL
19,NYERI,99,NYERI TOWN,495,KAMAKWA/MUKARO,KANOGA PRIMARY SCHOOL
20,KIRINYAGA,100,MWEA,496,MUTITHI,KAGIO PRIMARY SCHOOL
20,KIRINYAGA,100,MWEA,496,MUTITHI,ST MARY'S MUTITHI GIRLS SECONDARY SCHOOL
20,KIRINYAGA,100,MWEA,496,MUTITHI,KANDONGU PRIMARY SCHOOL
20,KIRINYAGA,100,MWEA,496,MUTITHI,KANGA'RU PRIMARY SCHOOL
20,KIRINYAGA,100,MWEA,496,MUTITHI,RWANG'ONDU PRIMARY SCHOOL
20,KIRINYAGA,100,MWEA,496,MUTITHI,KAMINJI PRIMARY SCHOOL
20,KIRINYAGA,100,MWEA,496,MUTITHI,MUTITHI PRIMARY SCHOOL
20,KIRINYAGA,100,MWEA,496,MUTITHI,KIRWARA PRIMARY SCHOOL
20,KIRINYAGA,100,MWEA,496,MUTITHI,RIANDIRA PRIMARY SCHOOL
20,KIRINYAGA,100,MWEA,496,MUTITHI,NGO'THI PRIMARY SCHOOL
20,KIRINYAGA,100,MWEA,496,MUTITHI,WAMUMU REHABILITATION SCHOOL
20,KIRINYAGA,100,MWEA,496,MUTITHI,WAKANIU PRIMARY SCHOOL
20,KIRINYAGA,100,MWEA,496,MUTITHI,GOOD SAMARITAN SECONDARY SCHOOL
20,KIRINYAGA,100,MWEA,496,MUTITHI,KIAMIKUYU YOUTH POLYTECHNIC
20,KIRINYAGA,100,MWEA,496,MUTITHI,KIAMACIRI ACK CHURCH
20,KIRINYAGA,100,MWEA,497,KANGAI,MIANYA PRIMARY SCHOOL
20,KIRINYAGA,100,MWEA,497,KANGAI,NYAGA PRIMARY SCHOOL
20,KIRINYAGA,100,MWEA,497,KANGAI,KANGURE PRIMARY SCHOOL
20,KIRINYAGA,100,MWEA,497,KANGAI,KANGAI PRIMARY SCHOOL
20,KIRINYAGA,100,MWEA,497,KANGAI,GITOO-INI PRIMARY SCHOOL
20,KIRINYAGA,100,MWEA,497,KANGAI,NDABA PRIMARY SCHOOL
20,KIRINYAGA,100,MWEA,497,KANGAI,KOMBU-INI PRIMARY SCHOOL
20,KIRINYAGA,100,MWEA,498,THIBA,MUKOU PRIMARY SCHOOL
20,KIRINYAGA,100,MWEA,498,THIBA,KARIRA PRIMARY SCHOOL
20,KIRINYAGA,100,MWEA,498,THIBA,NYAIKUNGU PRIMARY SCHOOL
20,KIRINYAGA,100,MWEA,498,THIBA,NGUKA PRIMARY SCHOOL
20,KIRINYAGA,100,MWEA,498,THIBA,NDOROME PRIMARY SCHOOL
20,KIRINYAGA,100,MWEA,498,THIBA,MBUI NJERU PRIMARY SCHOOL
20,KIRINYAGA,100,MWEA,498,THIBA,THIBA PRIMARY SCHOOL
20,KIRINYAGA,100,MWEA,498,THIBA,NGUKA SECONDARY SCHOOL
20,KIRINYAGA,100,MWEA,498,THIBA,THIBA SECONDARY SCHOOL
20,KIRINYAGA,100,MWEA,498,THIBA,MWEA SECONDARY SCHOOL
20,KIRINYAGA,100,MWEA,498,THIBA,KARIMA NEW APOSTOLIC CHURCH
20,KIRINYAGA,100,MWEA,499,WAMUMU,KIANDEGWA PRIMARY SCHOOL
20,KIRINYAGA,100,MWEA,499,WAMUMU,CIAGIINI PRIMARY SCHOOL
20,KIRINYAGA,100,MWEA,499,WAMUMU,MARURUMO PRIMARY SCHOOL
20,KIRINYAGA,100,MWEA,499,WAMUMU,NGANG'A SECONDARY SCHOOL
20,KIRINYAGA,100,MWEA,499,WAMUMU,GATEGI B MARKET CENTRE
20,KIRINYAGA,100,MWEA,499,WAMUMU,GATWIRI SOCIAL HALL
20,KIRINYAGA,100,MWEA,500,NYANGATI,KIORUGARI PRIMARY SCHOOL
20,KIRINYAGA,100,MWEA,500,NYANGATI,KIMBIMBI PRIMARY SCHOOL
20,KIRINYAGA,100,MWEA,500,NYANGATI,MUTUNGARA PRIMARY SCHOOL
20,KIRINYAGA,100,MWEA,500,NYANGATI,NYANGATI PRIMARY SCHOOL
20,KIRINYAGA,100,MWEA,500,NYANGATI,URUMANDI COFFEE FACTORY
20,KIRINYAGA,100,MWEA,500,NYANGATI,KIANGANGA CATTLE DIP
20,KIRINYAGA,100,MWEA,500,NYANGATI,SAINT PAUL PRIMARY SCHOOL
20,KIRINYAGA,100,MWEA,500,NYANGATI,AHITI NDOMBA PRIMARY SCHOOL
20,KIRINYAGA,100,MWEA,500,NYANGATI,GAKUO PRIMARY SCHOOL
20,KIRINYAGA,100,MWEA,500,NYANGATI,KITHIRITI PRIMARY SCHOOL
20,KIRINYAGA,100,MWEA,500,NYANGATI,KANGU NURSERY SCHOOL
20,KIRINYAGA,100,MWEA,500,NYANGATI,KUTUS PRIMARY SCHOOL
20,KIRINYAGA,100,MWEA,500,NYANGATI,KAROTI GIRLS SECONDARY SCHOOL
20,KIRINYAGA,100,MWEA,500,NYANGATI,KUTUS SECONDARY SCHOOL.
20,KIRINYAGA,100,MWEA,501,MURINDUKO,MUMBU-INI PRIMARY SCHOOL
20,KIRINYAGA,100,MWEA,501,MURINDUKO,MUGAMBA-CIURA PRIMARY SCHOOL
20,KIRINYAGA,100,MWEA,501,MURINDUKO,MURINDUKO PRIMARY SCHOOL
20,KIRINYAGA,100,MWEA,501,MURINDUKO,KANJINJI SECONDARY SCHOOL
20,KIRINYAGA,100,MWEA,501,MURINDUKO,TOGONYE COFFEE FACTORY
20,KIRINYAGA,100,MWEA,501,MURINDUKO,NGUCUI PRIMARY SCHOOL
20,KIRINYAGA,100,MWEA,501,MURINDUKO,ICHANG'I PRIMARY SCHOOL
20,KIRINYAGA,100,MWEA,501,MURINDUKO,GATHIGI-INI PRIMARY SCHOOL
20,KIRINYAGA,100,MWEA,501,MURINDUKO,URUMANDI PRIMARY SCHOOL
20,KIRINYAGA,100,MWEA,501,MURINDUKO,MATHIGA PRIMARY SCHOOL
20,KIRINYAGA,100,MWEA,501,MURINDUKO,ITHIGA RIA NJUKI PRIMARY SCHOOL
20,KIRINYAGA,100,MWEA,501,MURINDUKO,DIFATHAS PRIMARY SCHOOL
20,KIRINYAGA,100,MWEA,501,MURINDUKO,TOGONYE PRIMARY SCHOOL
20,KIRINYAGA,100,MWEA,501,MURINDUKO,KARUANGI PRIMARY SCHOOL
20,KIRINYAGA,100,MWEA,501,MURINDUKO,KANDAWA PRIMARY SCHOOL
20,KIRINYAGA,100,MWEA,501,MURINDUKO,IKURUNGU PRIMARY SCHOOL
20,KIRINYAGA,100,MWEA,501,MURINDUKO,ITANGI PRIMARY SCHOOL
20,KIRINYAGA,100,MWEA,501,MURINDUKO,MIATU-INI PRIMARY SCHOOL
20,KIRINYAGA,100,MWEA,502,GATHIGIRIRI,MURUBARA PRIMARY SCHOOL
20,KIRINYAGA,100,MWEA,502,GATHIGIRIRI,NYAMINDI PRIMARY SCHOOL
20,KIRINYAGA,100,MWEA,502,GATHIGIRIRI,KIRIKO SOCIAL HALL
20,KIRINYAGA,100,MWEA,502,GATHIGIRIRI,KAMUCHEGE PRIMARY SCHOOL
20,KIRINYAGA,100,MWEA,502,GATHIGIRIRI,GATHIGIRIRI PRIMARY SCHOOL
20,KIRINYAGA,100,MWEA,502,GATHIGIRIRI,MAHIGA-INI NURSERY SCHOOL
20,KIRINYAGA,100,MWEA,502,GATHIGIRIRI,KIROGO PRIMARY SCHOOL
20,KIRINYAGA,100,MWEA,502,GATHIGIRIRI,KAMUCHEGE PLAYING GROUND
20,KIRINYAGA,100,MWEA,502,GATHIGIRIRI,KIROGO SOCIAL HALL
20,KIRINYAGA,100,MWEA,502,GATHIGIRIRI,MATHANGAUTA PRIMARY SCHOOL
20,KIRINYAGA,100,MWEA,503,TEBERE,MURUBARA SOCIAL HALL
20,KIRINYAGA,100,MWEA,503,TEBERE,MITHUTHI-INI MARKET CENTRE
20,KIRINYAGA,100,MWEA,503,TEBERE,NDINDIRUKU MARKET CENTRE
20,KIRINYAGA,100,MWEA,503,TEBERE,WANG'URU COUNTY COUNCIL HALL .
20,KIRINYAGA,100,MWEA,503,TEBERE,KIAMANYEKI PRIMARY SCHOOL
20,KIRINYAGA,100,MWEA,503,TEBERE,KIUMBU PRIMARY SCHOOL
20,KIRINYAGA,100,MWEA,503,TEBERE,NGURUBANI PRIMARY SCHOOL
20,KIRINYAGA,100,MWEA,503,TEBERE,NDINDIRUKU PRIMARY SCHOOL
20,KIRINYAGA,100,MWEA,503,TEBERE,WANG'URU SECONDARY SCHOOL
20,KIRINYAGA,100,MWEA,503,TEBERE,MUCII WA URATA YOUTH POLYTECHNIC
20,KIRINYAGA,101,GICHUGU,504,KABARE,MUGUMO PRIMARY SCHOOL
20,KIRINYAGA,101,GICHUGU,504,KABARE,KIMUNYE PRIMARY SCHOOL
20,KIRINYAGA,101,GICHUGU,504,KABARE,KIANGUENYI PRIMARY SCHOOL
20,KIRINYAGA,101,GICHUGU,504,KABARE,NYAGITHUCI PRIMARY SCHOOL
20,KIRINYAGA,101,GICHUGU,504,KABARE,GATUGURA PRIMARY SCHOOL
20,KIRINYAGA,101,GICHUGU,504,KABARE,MUTIGE BOYS SECONDARY SCHOOL
20,KIRINYAGA,101,GICHUGU,504,KABARE,NGUNGU PRIMARY SCHOOL
20,KIRINYAGA,101,GICHUGU,504,KABARE,GATUNGURU PRIMARY SCHOOL
20,KIRINYAGA,101,GICHUGU,504,KABARE,KABARE BOYS PRIMARY SCHOOL
20,KIRINYAGA,101,GICHUGU,504,KABARE,KIAMICIRI PRIMARY SCHOOL
20,KIRINYAGA,101,GICHUGU,504,KABARE,KUTUS TOWN CENTRE
20,KIRINYAGA,101,GICHUGU,504,KABARE,KIMUNYE TEA FACTORY
20,KIRINYAGA,101,GICHUGU,504,KABARE,GITHIRU TEA BUYING CENTRE
20,KIRINYAGA,101,GICHUGU,504,KABARE,KIANGOMBE NURSERY SCHOOL
20,KIRINYAGA,101,GICHUGU,504,KABARE,KONYU COFFEE FACTORY
20,KIRINYAGA,101,GICHUGU,504,KABARE,KAMIIGUA YOUTH POLYTECHNIC
20,KIRINYAGA,101,GICHUGU,504,KABARE,KIRINGA COFFEE FACTORY
20,KIRINYAGA,101,GICHUGU,504,KABARE,MUKENGERIA TEA BUYING CENTRE
20,KIRINYAGA,101,GICHUGU,504,KABARE,UNJIRU TEA BUYING CENTRE
20,KIRINYAGA,101,GICHUGU,504,KABARE,ITHAREINI PUBLIC MARKET
20,KIRINYAGA,101,GICHUGU,504,KABARE,GATUGURA SOCIAL HALL
20,KIRINYAGA,101,GICHUGU,504,KABARE,KIMUNYE TEA BUYING CENTRE
20,KIRINYAGA,101,GICHUGU,504,KABARE,GITHUMARA TEA BUYING CENTRE
20,KIRINYAGA,101,GICHUGU,504,KABARE,KARIA PUBLIC STADIUM
20,KIRINYAGA,101,GICHUGU,504,KABARE,RIAKITHIGA DISPENSARY
20,KIRINYAGA,101,GICHUGU,504,KABARE,KUTUS OLD MARKET
20,KIRINYAGA,101,GICHUGU,504,KABARE,MUKURE COFFEE FACTORY
20,KIRINYAGA,101,GICHUGU,504,KABARE,MUKOIGO TEA BUYING CENTRE
20,KIRINYAGA,101,GICHUGU,505,BARAGWI,KIANDAI PRIMARY SCHOOL
20,KIRINYAGA,101,GICHUGU,505,BARAGWI,KIAMWATHI PRIMARY SCHOOL
20,KIRINYAGA,101,GICHUGU,505,BARAGWI,RAIMU PRIMARY SCHOOL
20,KIRINYAGA,101,GICHUGU,505,BARAGWI,RWAMBITI PRIMARY SCHOOL
20,KIRINYAGA,101,GICHUGU,505,BARAGWI,KIANJIRU PRIMARY SCHOOL
20,KIRINYAGA,101,GICHUGU,505,BARAGWI,GITHAGE PRIMARY SCHOOL
20,KIRINYAGA,101,GICHUGU,505,BARAGWI,KIATHI PRIMARY SCHOOL
20,KIRINYAGA,101,GICHUGU,505,BARAGWI,KIBURIA PRIMARY SCHOOL
20,KIRINYAGA,101,GICHUGU,505,BARAGWI,GITHIURURI COFFEE FACTORY
20,KIRINYAGA,101,GICHUGU,505,BARAGWI,THIMU COFFEE FACTORY
20,KIRINYAGA,101,GICHUGU,505,BARAGWI,KIANYAGA COFFEE FACTORY
20,KIRINYAGA,101,GICHUGU,505,BARAGWI,KIANJIRU COFFEE FACTORY
20,KIRINYAGA,101,GICHUGU,505,BARAGWI,RWAMBITI COFFEE FACTORY
20,KIRINYAGA,101,GICHUGU,506,NJUKIINI,KARUCHO PRIMARY SCHOOL
20,KIRINYAGA,101,GICHUGU,506,NJUKIINI,KIANYAMBO PRIMARY SCHOOL
20,KIRINYAGA,101,GICHUGU,506,NJUKIINI,KIMWEA'S YOUTH POLYTECHNIC
20,KIRINYAGA,101,GICHUGU,506,NJUKIINI,KANJUU PRIMARY SCHOOL
20,KIRINYAGA,101,GICHUGU,506,NJUKIINI,KIAUMBUI PRIMARY SCHOOL
20,KIRINYAGA,101,GICHUGU,506,NJUKIINI,GACHATHA PRIMARY SCHOOL
20,KIRINYAGA,101,GICHUGU,506,NJUKIINI,NGIRIAMBU PRIMARY SCHOOL
20,KIRINYAGA,101,GICHUGU,506,NJUKIINI,GICONJOINI PRIMARY SCHOOL
20,KIRINYAGA,101,GICHUGU,506,NJUKIINI,MBURI CHRISTIAN PRIMARY SCHOOL
20,KIRINYAGA,101,GICHUGU,506,NJUKIINI,KEGWA COFFEE FACTORY
20,KIRINYAGA,101,GICHUGU,506,NJUKIINI,MBURI CCM PRIMARY SCHOOL
20,KIRINYAGA,101,GICHUGU,506,NJUKIINI,KIRI COFFEE FACTORY
20,KIRINYAGA,101,GICHUGU,506,NJUKIINI,MUBURI COFFEE FACTORY
20,KIRINYAGA,101,GICHUGU,506,NJUKIINI,GATHOGE MARKET
20,KIRINYAGA,101,GICHUGU,507,NGARIAMA,KIAMBATHA PRIMARY SCHOOL
20,KIRINYAGA,101,GICHUGU,507,NGARIAMA,NGARIAMA PRIMARY SCHOOL
20,KIRINYAGA,101,GICHUGU,507,NGARIAMA,KIAMUGUMO PRIMARY SCHOOL
20,KIRINYAGA,101,GICHUGU,507,NGARIAMA,GITHURE PRIMARY SCHOOL
20,KIRINYAGA,101,GICHUGU,507,NGARIAMA,MWANIANJAU PRIMARY SCHOOL
20,KIRINYAGA,101,GICHUGU,507,NGARIAMA,KIANDUMU TEA BUYING CENTRE
20,KIRINYAGA,101,GICHUGU,507,NGARIAMA,KAMWANA TEA BUYING CENTRE
20,KIRINYAGA,101,GICHUGU,507,NGARIAMA,KABIRO-INI TEA BUYING CENTRE
20,KIRINYAGA,101,GICHUGU,507,NGARIAMA,KIAMUTUGU SECONDARY SCHOOL
20,KIRINYAGA,101,GICHUGU,507,NGARIAMA,GITUBA PRIMARY SCHOOL
20,KIRINYAGA,101,GICHUGU,507,NGARIAMA,KIAMUKI TEA BUYING CENTRE
20,KIRINYAGA,101,GICHUGU,507,NGARIAMA,KAMBARARI TEA BUYING CENTRE
20,KIRINYAGA,101,GICHUGU,507,NGARIAMA,KIBAI TEA BUYING CENTRE
20,KIRINYAGA,101,GICHUGU,508,KARUMANDI,KAVOTE PRIMARY SCHOOL
20,KIRINYAGA,101,GICHUGU,508,KARUMANDI,GUAMA PRIMARY SCHOOL
20,KIRINYAGA,101,GICHUGU,508,KARUMANDI,KARUMANDI SOUTH PRIMARY SCHOOL
20,KIRINYAGA,101,GICHUGU,508,KARUMANDI,THUMAITA EAST PRIMARY SCHOOL
20,KIRINYAGA,101,GICHUGU,508,KARUMANDI,KIBARU PRIMARY SCHOOL
20,KIRINYAGA,101,GICHUGU,508,KARUMANDI,THUIYA PRIMARY SCHOOL
20,KIRINYAGA,101,GICHUGU,508,KARUMANDI,KANGWACI TEA BUYING CENTRE
20,KIRINYAGA,101,GICHUGU,508,KARUMANDI,NYANJA PRIMARY SCHOOL
20,KIRINYAGA,101,GICHUGU,508,KARUMANDI,MUCHAGARA PRIMARY SCHOOL
20,KIRINYAGA,101,GICHUGU,508,KARUMANDI,KARANI TEA BUYING CENTRE
20,KIRINYAGA,101,GICHUGU,508,KARUMANDI,KARUMANDI COFFEE FACTORY
20,KIRINYAGA,101,GICHUGU,508,KARUMANDI,KAMANGI TEA BUYING CENTRE
20,KIRINYAGA,101,GICHUGU,508,KARUMANDI,GACAMI TEA BUYING CENTRE
20,KIRINYAGA,101,GICHUGU,508,KARUMANDI,KAMWETI AGRICULTURAL TRAINING CENTRE
20,KIRINYAGA,101,GICHUGU,508,KARUMANDI,GUAMA COFFEE FACTORY
20,KIRINYAGA,101,GICHUGU,508,KARUMANDI,KARUTI TEA BUYING CENTRE
20,KIRINYAGA,101,GICHUGU,508,KARUMANDI,KATHUNGURI TEA BUYING CENTRE
20,KIRINYAGA,102,NDIA,509,MUKURE,MURAGARA PRIMARY SCH.OOL
20,KIRINYAGA,102,NDIA,509,MUKURE,KIANGAGE TEA BUYING CENTRE
20,KIRINYAGA,102,NDIA,509,MUKURE,KIANGOBE TEA BUYING CENTRE
20,KIRINYAGA,102,NDIA,509,MUKURE,KANDEGWA TEA BUYING CENTRE
20,KIRINYAGA,102,NDIA,509,MUKURE,GATHAMBI PRIMARY SCHOOL
20,KIRINYAGA,102,NDIA,509,MUKURE,GATHAMBI COFFEE FACTORY
20,KIRINYAGA,102,NDIA,509,MUKURE,KAIRICHI TEA BUYING CENTRE
20,KIRINYAGA,102,NDIA,509,MUKURE,KIAMBAGATHI TEA BUYING CENTRE
20,KIRINYAGA,102,NDIA,509,MUKURE,KABONGE PRIMARY SCHOOL
20,KIRINYAGA,102,NDIA,509,MUKURE,KABONGE TEA BUYING CENTRE
20,KIRINYAGA,102,NDIA,509,MUKURE,KIARAGANA COFFEE FACTORY
20,KIRINYAGA,102,NDIA,509,MUKURE,A.I.P.C.A. RIAKIANIA PRIMARY SCHOOL
20,KIRINYAGA,102,NDIA,509,MUKURE,KARIA-INI COFFEE FACTORY
20,KIRINYAGA,102,NDIA,509,MUKURE,KARIMA-INI PRIMARY SCHOOL
20,KIRINYAGA,102,NDIA,509,MUKURE,"ACK ST. BARNABAS CHURCH HALL,KAHARO"
20,KIRINYAGA,102,NDIA,509,MUKURE,GETUYA PRIMARY SCHOOL
20,KIRINYAGA,102,NDIA,509,MUKURE,ST. PATRICK KARIRIA CATHOLIC CHURCH
20,KIRINYAGA,102,NDIA,509,MUKURE,LOWER BARICHO PRIMARY SCHOOL
20,KIRINYAGA,102,NDIA,509,MUKURE,KIBURU PRIMARY SCHOOL
20,KIRINYAGA,102,NDIA,509,MUKURE,MITONDO COFFEE FACTORY
20,KIRINYAGA,102,NDIA,509,MUKURE,UPPER BARICHO PRIMARY SCHOOL
20,KIRINYAGA,102,NDIA,509,MUKURE,KIAMBWE YOUTH POLY-TECHNIC
20,KIRINYAGA,102,NDIA,509,MUKURE,NDIGARU PRIMARY SCHOOL
20,KIRINYAGA,102,NDIA,510,KIINE,MATHIA PRIMARY SCHOOL
20,KIRINYAGA,102,NDIA,510,KIINE,KAHARO TEA BUYING CENTRE
20,KIRINYAGA,102,NDIA,510,KIINE,KIANGAI PRIMARY SCHOOL
20,KIRINYAGA,102,NDIA,510,KIINE,KIANWE PRIMARY SCHOOL
20,KIRINYAGA,102,NDIA,510,KIINE,NDIMA KANINI TEA BUYING CENTRE
20,KIRINYAGA,102,NDIA,510,KIINE,NGUGU-INI PRIMARY SCHOOL
20,KIRINYAGA,102,NDIA,510,KIINE,KIBIRIGWI PRIMARY SCHOOL
20,KIRINYAGA,102,NDIA,510,KIINE,RAGATI COFFEE FACTORY
20,KIRINYAGA,102,NDIA,510,KIINE,KIRIKO PEFA CHURCH
20,KIRINYAGA,102,NDIA,510,KIINE,CHEMA COFFEE FACTORY
20,KIRINYAGA,102,NDIA,510,KIINE,MUTITU PEFA CHURCH
20,KIRINYAGA,102,NDIA,510,KIINE,KIAMUMU NATIONAL INDEPENDENT CHURCH
20,KIRINYAGA,102,NDIA,510,KIINE,KIINE PRIMARY SCHOOL
20,KIRINYAGA,102,NDIA,510,KIINE,KIBINGOTI YOUTH POLY-TECHNIC
20,KIRINYAGA,102,NDIA,510,KIINE,KAHUHOINI PRIMARY SCHOOL
20,KIRINYAGA,102,NDIA,510,KIINE,ST. PETER KARINGA-INI CATHOLIC CHURCH
20,KIRINYAGA,102,NDIA,510,KIINE,"KAG CHURCH,KIANDAI"
20,KIRINYAGA,102,NDIA,510,KIINE,KIANDANGAE PRIMARY SCHOOL
20,KIRINYAGA,102,NDIA,510,KIINE,ACK ST. FAITH MUTINU CHURCH HALL
20,KIRINYAGA,102,NDIA,510,KIINE,THUMAITA WEST PRIMARY SCHOOL
20,KIRINYAGA,102,NDIA,510,KIINE,KATHAKA PRIMARY SCHOOL
20,KIRINYAGA,102,NDIA,510,KIINE,"PCEA EMMANUEL CHURCH HALL,KAGIO"
20,KIRINYAGA,102,NDIA,510,KIINE,CCM KAGIO CHURCH HALL
20,KIRINYAGA,102,NDIA,511,KARITI,KIANJEGE WEST PRIMARY SCHOOL
20,KIRINYAGA,102,NDIA,511,KARITI,PCEA MUKURIA CHURCH
20,KIRINYAGA,102,NDIA,511,KARITI,MURURI-INI CATHOLIC CHURCH CENTRE
20,KIRINYAGA,102,NDIA,511,KARITI,THIGIRICHI NEW APOSTOLIC CHURCH
20,KIRINYAGA,102,NDIA,511,KARITI,GITHUA-INI PRIMARY SCHOOL
20,KIRINYAGA,102,NDIA,511,KARITI,NGANDO NURSERY SCHOOL
20,KIRINYAGA,102,NDIA,511,KARITI,KINYAKIIRU PRIMARY SCHOOL
20,KIRINYAGA,102,NDIA,511,KARITI,KIANGWACI CATHOLIC CHURCH HALL
20,KIRINYAGA,102,NDIA,511,KARITI,GACHARU PRIMARY SCHOOL
20,KIRINYAGA,102,NDIA,511,KARITI,KAHIRO PRIMARY SCHOOL
20,KIRINYAGA,102,NDIA,511,KARITI,UPPER SAGANA PRIMARY SCHOOL
20,KIRINYAGA,102,NDIA,511,KARITI,LOWER SAGANA PRIMARY SCHOOL
20,KIRINYAGA,102,NDIA,511,KARITI,THANJU PRIMARY SCHOOL
20,KIRINYAGA,102,NDIA,511,KARITI,GAKINDU PRIMARY SCHOOL
20,KIRINYAGA,102,NDIA,511,KARITI,SAGANA MUSLIM PRIMARY SCHOOL
20,KIRINYAGA,103,KIRINYAGA CENTRAL,512,MUTIRA,KIAMAINA PRIMARY SCHOOL
20,KIRINYAGA,103,KIRINYAGA CENTRAL,512,MUTIRA,GATHUTHUMA PRIMARY SCHOOL
20,KIRINYAGA,103,KIRINYAGA CENTRAL,512,MUTIRA,KAMUIRU PRIMARY SCHOOL
20,KIRINYAGA,103,KIRINYAGA CENTRAL,512,MUTIRA,KIAMUTUIRA PRIMARY SCHOOL
20,KIRINYAGA,103,KIRINYAGA CENTRAL,512,MUTIRA,KIARUGU PRIMARY SCHOOL
20,KIRINYAGA,103,KIRINYAGA CENTRAL,512,MUTIRA,KATHITI TEA BUYING CENTRE
20,KIRINYAGA,103,KIRINYAGA CENTRAL,512,MUTIRA,KAGUMO C.C.M PRIMARY SCHOOL
20,KIRINYAGA,103,KIRINYAGA CENTRAL,512,MUTIRA,MUTIRA PRIMARY SCHOOL
20,KIRINYAGA,103,KIRINYAGA CENTRAL,512,MUTIRA,KANGWARE TEA BUYING CENTRE
20,KIRINYAGA,103,KIRINYAGA CENTRAL,512,MUTIRA,KAGUMO TEA BUYING CENTRE
20,KIRINYAGA,103,KIRINYAGA CENTRAL,512,MUTIRA,KIANDUKU TEA BUYING CENTRE
20,KIRINYAGA,103,KIRINYAGA CENTRAL,512,MUTIRA,KIANJAGI TEA BUYING CENTRE
20,KIRINYAGA,103,KIRINYAGA CENTRAL,512,MUTIRA,KAGUMO HEALTH CENTRE
20,KIRINYAGA,103,KIRINYAGA CENTRAL,512,MUTIRA,RWAMBITI TEA BUYING CENTRE
20,KIRINYAGA,103,KIRINYAGA CENTRAL,512,MUTIRA,GATHERA TEA BUYING CENTRE
20,KIRINYAGA,103,KIRINYAGA CENTRAL,513,KANYEKINI,KIANGUNGU PRIMARY SCHOOL
20,KIRINYAGA,103,KIRINYAGA CENTRAL,513,KANYEKINI,MUKINDURI PRIMARY SCHOOL
20,KIRINYAGA,103,KIRINYAGA CENTRAL,513,KANYEKINI,NJEGA PRIMARY SCHOOL
20,KIRINYAGA,103,KIRINYAGA CENTRAL,513,KANYEKINI,KIANJEGE EAST PRIMARY SCHOOL
20,KIRINYAGA,103,KIRINYAGA CENTRAL,513,KANYEKINI,KIRIMUNGE PRIMARY SCHOOL
20,KIRINYAGA,103,KIRINYAGA CENTRAL,513,KANYEKINI,NGORANO COFFEE FACTORY
20,KIRINYAGA,103,KIRINYAGA CENTRAL,513,KANYEKINI,GATUTO PRIMARY SCHOOL
20,KIRINYAGA,103,KIRINYAGA CENTRAL,513,KANYEKINI,KIRINYAGA UNIVERSITY
20,KIRINYAGA,103,KIRINYAGA CENTRAL,513,KANYEKINI,KIAGA PRIMARY SCHOOL
20,KIRINYAGA,103,KIRINYAGA CENTRAL,513,KANYEKINI,KIAMUTHAMBI CATTLE DIP
20,KIRINYAGA,103,KIRINYAGA CENTRAL,514,KERUGOYA,KAITHERI PRIMARY SCHOOL
20,KIRINYAGA,103,KIRINYAGA CENTRAL,514,KERUGOYA,ST. JOSEPH KERUGOYA BOYS PRIMARY SCHOOL
20,KIRINYAGA,103,KIRINYAGA CENTRAL,514,KERUGOYA,KAITHERI YOUTH POLY-TECHNIC
20,KIRINYAGA,103,KIRINYAGA CENTRAL,514,KERUGOYA,KAGUYU COFFEE FACTORY
20,KIRINYAGA,103,KIRINYAGA CENTRAL,514,KERUGOYA,KARIA SECONDARY SCHOOL
20,KIRINYAGA,103,KIRINYAGA CENTRAL,514,KERUGOYA,KIABARIKIRI PRIMARY SCHOOL
20,KIRINYAGA,103,KIRINYAGA CENTRAL,514,KERUGOYA,KIANDIERI PRIMARY SCHOOL
20,KIRINYAGA,103,KIRINYAGA CENTRAL,514,KERUGOYA,GAKOIGO PRIMARY SCHOOL
20,KIRINYAGA,103,KIRINYAGA CENTRAL,514,KERUGOYA,WAIGIRI PRIMARY SCHOOL
20,KIRINYAGA,103,KIRINYAGA CENTRAL,514,KERUGOYA,KERUGOYA COFFEE FACTORY
20,KIRINYAGA,103,KIRINYAGA CENTRAL,514,KERUGOYA,PILLAR OF ROCK PRIMARY SCHOOL
20,KIRINYAGA,103,KIRINYAGA CENTRAL,514,KERUGOYA,RUTUI COFFEE FACTORY
20,KIRINYAGA,103,KIRINYAGA CENTRAL,514,KERUGOYA,GAKARARA TEA BUYING CENTRE
20,KIRINYAGA,103,KIRINYAGA CENTRAL,514,KERUGOYA,AMANI GARDENS
20,KIRINYAGA,103,KIRINYAGA CENTRAL,515,INOI,NDIMI COFFEE FACTORY
20,KIRINYAGA,103,KIRINYAGA CENTRAL,515,INOI,KIAMURUGA PRIMARY SCHOOL
20,KIRINYAGA,103,KIRINYAGA CENTRAL,515,INOI,MUGWANDI PRIMARY SCHOOL
20,KIRINYAGA,103,KIRINYAGA CENTRAL,515,INOI,KANGAITA TEA BUYING CENTRE
20,KIRINYAGA,103,KIRINYAGA CENTRAL,515,INOI,NYAKITHUCHI TEA BUYING CENTRE
20,KIRINYAGA,103,KIRINYAGA CENTRAL,515,INOI,MUTUMA PRIMARY SCHOOL
20,KIRINYAGA,103,KIRINYAGA CENTRAL,515,INOI,KARAINI PRIMARY SCHOOL
20,KIRINYAGA,103,KIRINYAGA CENTRAL,515,INOI,THAITA PRIMARY SCHOOL
20,KIRINYAGA,103,KIRINYAGA CENTRAL,515,INOI,KIRANJA PRIMARY SCHOOL
20,KIRINYAGA,103,KIRINYAGA CENTRAL,515,INOI,KIANJOGU TEA BUYING CENTRE
20,KIRINYAGA,103,KIRINYAGA CENTRAL,515,INOI,KIANGIBUINI TEA BUYING CENTRE
20,KIRINYAGA,103,KIRINYAGA CENTRAL,515,INOI,THAITA TEA BUYING CENTRE
20,KIRINYAGA,103,KIRINYAGA CENTRAL,515,INOI,MUNG'ETHA TEA BUYING CENTRE
21,MURANG'A,104,KANGEMA,516,KANYENYA-INI,KIRURI PR. SCH.
21,MURANG'A,104,KANGEMA,516,KANYENYA-INI,KARURUMO PR. SCH.
21,MURANG'A,104,KANGEMA,516,KANYENYA-INI,ICHICHI PR. SCH.
21,MURANG'A,104,KANGEMA,516,KANYENYA-INI,KARURA PR. SCH.
21,MURANG'A,104,KANGEMA,516,KANYENYA-INI,KANYENYAINI PR. SCH.
21,MURANG'A,104,KANGEMA,516,KANYENYA-INI,NGOEINI PR. SCH.
21,MURANG'A,104,KANGEMA,516,KANYENYA-INI,GITUGU PR. SCH.
21,MURANG'A,104,KANGEMA,516,KANYENYA-INI,KIBUTHA PR. SCH.
21,MURANG'A,104,KANGEMA,516,KANYENYA-INI,GITHIGA PR. SCH.
21,MURANG'A,104,KANGEMA,516,KANYENYA-INI,KANYENYA-INI TEA FACTORY
21,MURANG'A,104,KANGEMA,516,KANYENYA-INI,GATANG ARA NURSERY SCH.
21,MURANG'A,104,KANGEMA,516,KANYENYA-INI,HOLY ROSARY PR. SCH.
21,MURANG'A,104,KANGEMA,516,KANYENYA-INI,NDUINI PR. SCH.
21,MURANG'A,104,KANGEMA,516,KANYENYA-INI,KARUNGA TEA BUYING CENTRE
21,MURANG'A,104,KANGEMA,517,MUGURU,KANGEMA PR. SCH.
21,MURANG'A,104,KANGEMA,517,MUGURU,KARURI PR. SCH
21,MURANG'A,104,KANGEMA,517,MUGURU,KIAIRATHE PR. SCH.
21,MURANG'A,104,KANGEMA,517,MUGURU,MUGURU PR. SCH.
21,MURANG'A,104,KANGEMA,517,MUGURU,MARIMIRA COFFEE FACTORY
21,MURANG'A,104,KANGEMA,517,MUGURU,WATUHA PR. SCH.
21,MURANG'A,104,KANGEMA,517,MUGURU,KIANGUNYI PR. SCH.
21,MURANG'A,104,KANGEMA,517,MUGURU,IHIGA PR. SCH.
21,MURANG'A,104,KANGEMA,517,MUGURU,KIAWAIREGI PR. SCH.
21,MURANG'A,104,KANGEMA,517,MUGURU,IYEGO PR. SCH.
21,MURANG'A,104,KANGEMA,517,MUGURU,THIRIKWA PR. SCH.
21,MURANG'A,104,KANGEMA,517,MUGURU,GACHARAIGU PR. SCH.
21,MURANG'A,104,KANGEMA,517,MUGURU,GATUNDUINI PR. SCH.
21,MURANG'A,104,KANGEMA,517,MUGURU,NYAKAHURA PR. SCH.
21,MURANG'A,104,KANGEMA,517,MUGURU,NJII ITHATU PR. SCH.
21,MURANG'A,104,KANGEMA,517,MUGURU,MUKARARA PR. SCH.
21,MURANG'A,104,KANGEMA,517,MUGURU,KANGEMA SOCIAL HALL
21,MURANG'A,104,KANGEMA,517,MUGURU,KAHITI ACK NUR. SCH.
21,MURANG'A,104,KANGEMA,517,MUGURU,NGOORO ACK PR. SCH.
21,MURANG'A,104,KANGEMA,517,MUGURU,KAHITI PR. SCH.
21,MURANG'A,104,KANGEMA,517,MUGURU,MUGECHI KABORO PR. SCH.
21,MURANG'A,104,KANGEMA,517,MUGURU,KAHUHU NUR. SCH.
21,MURANG'A,104,KANGEMA,518,RWATHIA,WANJERERE PR. SCH.
21,MURANG'A,104,KANGEMA,518,RWATHIA,NYAGATUGU PR. SCH.
21,MURANG'A,104,KANGEMA,518,RWATHIA,KIHOYA PR. SCH.
21,MURANG'A,104,KANGEMA,518,RWATHIA,KAYU PR. SCH.
21,MURANG'A,104,KANGEMA,518,RWATHIA,KIAWAMBOGO PR. SCH.
21,MURANG'A,104,KANGEMA,518,RWATHIA,KANGURU PR. SCH.
21,MURANG'A,104,KANGEMA,518,RWATHIA,RWATHIA PR. SCH.
21,MURANG'A,104,KANGEMA,518,RWATHIA,KENYA NJERU PR. SCH.
21,MURANG'A,104,KANGEMA,518,RWATHIA,TUTHU PR. SCH.
21,MURANG'A,104,KANGEMA,518,RWATHIA,GACHOGI PR.SCH
21,MURANG'A,104,KANGEMA,518,RWATHIA,KARIMA TBC
21,MURANG'A,105,MATHIOYA,519,GITUGI,WAMBWE PRIMARY SCHOOL
21,MURANG'A,105,MATHIOYA,519,GITUGI,NJUMBI PRIMARY SCHOOL
21,MURANG'A,105,MATHIOYA,519,GITUGI,GIKOE PRIMARY SCHOOL
21,MURANG'A,105,MATHIOYA,519,GITUGI,KANJAHI PRIMARY SCHOOL
21,MURANG'A,105,MATHIOYA,519,GITUGI,KARUNG E PRIMARY SCHOOL
21,MURANG'A,105,MATHIOYA,519,GITUGI,GAKAMBURA PRIMARY SCHOOL
21,MURANG'A,105,MATHIOYA,519,GITUGI,CHUI PRIMARY SCHOOL
21,MURANG'A,105,MATHIOYA,519,GITUGI,KAMBARA PRIMARY SCHOOL
21,MURANG'A,105,MATHIOYA,519,GITUGI,NYANGITI PRIMARY SCHOOL
21,MURANG'A,105,MATHIOYA,519,GITUGI,YAKARENGO PRIMARY SCHOOL
21,MURANG'A,105,MATHIOYA,519,GITUGI,KIRIMAHIGA PRIMARY SCHOOL
21,MURANG'A,105,MATHIOYA,519,GITUGI,NYAKIANGA PRIMARY SCHOOL
21,MURANG'A,105,MATHIOYA,519,GITUGI,GATARAGWA NURSERY SCHOOL
21,MURANG'A,105,MATHIOYA,519,GITUGI,RUIRU PRIMARY SCHOOL
21,MURANG'A,105,MATHIOYA,519,GITUGI,KAIRI-INI NURSERY SCHOOL
21,MURANG'A,105,MATHIOYA,519,GITUGI,KIRIMIGA NURSERY SCHOOL
21,MURANG'A,105,MATHIOYA,519,GITUGI,GITHENDU PRIMARY SCHOOL
21,MURANG'A,105,MATHIOYA,519,GITUGI,MUTITU YOUTH POLYTECHNIC
21,MURANG'A,105,MATHIOYA,519,GITUGI,IREKE TEA COLLECTION CENTRE
21,MURANG'A,105,MATHIOYA,520,KIRU,KAIRO PRIMARY SCHOOL
21,MURANG'A,105,MATHIOYA,520,KIRU,KIHARI PRIMARY SCHOOL
21,MURANG'A,105,MATHIOYA,520,KIRU,KIAMBUTHIA PRIMARY SCHOOL
21,MURANG'A,105,MATHIOYA,520,KIRU,KIRIA-INI PRIMARY SCHOOL
21,MURANG'A,105,MATHIOYA,520,KIRU,UMBUI PRIMARY SCHOOL
21,MURANG'A,105,MATHIOYA,520,KIRU,KIRU PRIMARY SCHOOL
21,MURANG'A,105,MATHIOYA,520,KIRU,KAGUMO-INI PRIMARY SCHOOL
21,MURANG'A,105,MATHIOYA,520,KIRU,WARUGARA PRIMARY SCHOOL
21,MURANG'A,105,MATHIOYA,520,KIRU,MANANGA PRIMARY SCHOOL
21,MURANG'A,105,MATHIOYA,520,KIRU,KIAMUTURI PRIMARY SCHOOL
21,MURANG'A,105,MATHIOYA,520,KIRU,MUTHANGARI PRIMARY SCHOOL
21,MURANG'A,105,MATHIOYA,520,KIRU,MIORO PRIMARY SCHOOL
21,MURANG'A,105,MATHIOYA,520,KIRU,KAGONGO TEA COLLECTION CENTRE
21,MURANG'A,105,MATHIOYA,520,KIRU,NGURU-INI PRIMARY SCHOOL
21,MURANG'A,105,MATHIOYA,520,KIRU,RURU PRIMARY SCHOOL
21,MURANG'A,105,MATHIOYA,520,KIRU,KIANGIMA NURSERY SCHOOL
21,MURANG'A,105,MATHIOYA,520,KIRU,MWANGATHIA TEA COLLECTION CENTRE
21,MURANG'A,105,MATHIOYA,520,KIRU,KAGIO-INI PRIMARY SCHOOL
21,MURANG'A,105,MATHIOYA,520,KIRU,KORA PRIMARY SCHOOL
21,MURANG'A,105,MATHIOYA,520,KIRU,KIRURU COFFEE FACTORY
21,MURANG'A,105,MATHIOYA,520,KIRU,NGOE-INI TEA COLLECTION CENTRE
21,MURANG'A,105,MATHIOYA,520,KIRU,THAGAMA TEA COLLECTION CENTRE
21,MURANG'A,105,MATHIOYA,520,KIRU,KIANGUGI TEA COLLECTION CENTRE
21,MURANG'A,105,MATHIOYA,520,KIRU,KAMAGOKO TEA COLLECTION CENTRE
21,MURANG'A,105,MATHIOYA,520,KIRU,KAHARO TEA COLLECTION CENTRE
21,MURANG'A,105,MATHIOYA,521,KAMACHARIA,KIRIITHIRU PRIMARY SCHOOL
21,MURANG'A,105,MATHIOYA,521,KAMACHARIA,GIKINDU PRIMARY SCHOOL
21,MURANG'A,105,MATHIOYA,521,KAMACHARIA,KAMUNE PRIMARY SCHOOL
21,MURANG'A,105,MATHIOYA,521,KAMACHARIA,WAHUNDURA PRIMARY SCHOOL
21,MURANG'A,105,MATHIOYA,521,KAMACHARIA,KAIRI PRIMARY SCHOOL
21,MURANG'A,105,MATHIOYA,521,KAMACHARIA,KANG ONG I PRIMARY SCHOOL
21,MURANG'A,105,MATHIOYA,521,KAMACHARIA,GAITHUNU PRIMARY SCHOOL
21,MURANG'A,105,MATHIOYA,521,KAMACHARIA,NGECHU PRIMARY SCHOOL
21,MURANG'A,105,MATHIOYA,521,KAMACHARIA,KARUGIRO PRIMARY SCHOOL
21,MURANG'A,105,MATHIOYA,521,KAMACHARIA,J. J. KAMOTHO PRIMARY SCHOOL
21,MURANG'A,105,MATHIOYA,521,KAMACHARIA,KIRUNGU PRIMARY SCHOOL
21,MURANG'A,105,MATHIOYA,521,KAMACHARIA,KAGWANJA PRIMARY SCHOOL
21,MURANG'A,106,KIHARU,522,WANGU,KOIMBI PRIMARY SCHOOL
21,MURANG'A,106,KIHARU,522,WANGU,GITWEKU PRIMARY SCHOOL
21,MURANG'A,106,KIHARU,522,WANGU,WEITHAGA PRIMARY SCHOOL.
21,MURANG'A,106,KIHARU,522,WANGU,KIANDERI PRIMARY SCHOOL
21,MURANG'A,106,KIHARU,522,WANGU,WANJENGI PRIMARY SCHOOL
21,MURANG'A,106,KIHARU,522,WANGU,GITIGE PRIMARY SCHOOL.
21,MURANG'A,106,KIHARU,522,WANGU,GITIE PPRIMARY SCHOOL
21,MURANG'A,106,KIHARU,522,WANGU,KAHUTI YOUTH POLYTECHNIC
21,MURANG'A,106,KIHARU,522,WANGU,GITUTO PRIMARY SCHOOL
21,MURANG'A,106,KIHARU,522,WANGU,KAHUHIA PRIMARY SCHOOL
21,MURANG'A,106,KIHARU,522,WANGU,GITUI PRIMARY SCHOOL
21,MURANG'A,106,KIHARU,522,WANGU,GATHERU PRIMARY SCHOOL
21,MURANG'A,106,KIHARU,522,WANGU,GATHINJA PRIMARY SCHOOL
21,MURANG'A,106,KIHARU,522,WANGU,ITHIKI PRIMARY SCHOOL
21,MURANG'A,106,KIHARU,522,WANGU,MUKANGU VOCATIONAL TRAINING CENTRE
21,MURANG'A,106,KIHARU,522,WANGU,KARINGU PRIMARY SCHOOL
21,MURANG'A,106,KIHARU,523,MUGOIRI,KIUMU PRIMARY SCHOOL
21,MURANG'A,106,KIHARU,523,MUGOIRI,KIBOI PRIMARY SCHOOL
21,MURANG'A,106,KIHARU,523,MUGOIRI,KIAGUTHU SECONDARY SCHOOL
21,MURANG'A,106,KIHARU,523,MUGOIRI,GITIRI PRIMARY SCHOOL
21,MURANG'A,106,KIHARU,523,MUGOIRI,MURAI PRIMARY SCHOOL
21,MURANG'A,106,KIHARU,523,MUGOIRI,KARI PRIMARY SCHOOL
21,MURANG'A,106,KIHARU,523,MUGOIRI,MBARI YA HITI PRIMARY SCHOOL
21,MURANG'A,106,KIHARU,523,MUGOIRI,GATHIRU PRIMARY SCHOOL
21,MURANG'A,106,KIHARU,523,MUGOIRI,MIRICHU PRIMARY SCHOOL
21,MURANG'A,106,KIHARU,523,MUGOIRI,YA MUGWE PRIMARY SCHOOL
21,MURANG'A,106,KIHARU,523,MUGOIRI,NDUTUMI PRIMARY SCHOOL
21,MURANG'A,106,KIHARU,523,MUGOIRI,KAMAGUTA PRIMARY SCHOOL
21,MURANG'A,106,KIHARU,523,MUGOIRI,MUTHIRIA PRIMARY SCHOOL
21,MURANG'A,106,KIHARU,523,MUGOIRI,MUNYUTHA PRIMARY SCHOOL
21,MURANG'A,106,KIHARU,523,MUGOIRI,IREWA NURSERY SCHOOL
21,MURANG'A,106,KIHARU,524,MBIRI,GIKANDU PRIMARY SCHOOL
21,MURANG'A,106,KIHARU,524,MBIRI,KIAWAMBEU PRIMARY SCHOOL
21,MURANG'A,106,KIHARU,524,MBIRI,MUCHUNGUCHA PRIMARY SCHOOL
21,MURANG'A,106,KIHARU,524,MBIRI,GAITEGA PRIMARY SCHOOL
21,MURANG'A,106,KIHARU,524,MBIRI,NDIKWE PRIMARY SCHOOL
21,MURANG'A,106,KIHARU,524,MBIRI,KIANGOCHI PRIMARY SCHOOL
21,MURANG'A,106,KIHARU,524,MBIRI,GITHUGUYA PRIMARY SCHOOL
21,MURANG'A,106,KIHARU,524,MBIRI,MARAGI PRIMARY SCHOOL
21,MURANG'A,106,KIHARU,524,MBIRI,GITHURI PRIMARY SCHOOL
21,MURANG'A,106,KIHARU,524,MBIRI,KAMBIRWA PRIMARY SCHOOL
21,MURANG'A,106,KIHARU,524,MBIRI,MUTHIGIRIRI PRIMARY SCHOOL
21,MURANG'A,106,KIHARU,524,MBIRI,MIRIRA PRIMARY SCHOOL
21,MURANG'A,106,KIHARU,524,MBIRI,GIKUU PRIMARY SCHOOL
21,MURANG'A,106,KIHARU,524,MBIRI,MAREWA PRIMARY SCHOOL
21,MURANG'A,106,KIHARU,524,MBIRI,MATITHI PRIMARY SCHOOL
21,MURANG'A,106,KIHARU,524,MBIRI,KIANGATIA PRIMARY SCHOOL
21,MURANG'A,106,KIHARU,524,MBIRI,GITUNGANO PRIMARY SCHOOL
21,MURANG'A,106,KIHARU,525,TOWNSHIP,KIANGAGE PRIMARY SCHOOL
21,MURANG'A,106,KIHARU,525,TOWNSHIP,ST MARY PRIMARY SCHOOL
21,MURANG'A,106,KIHARU,525,TOWNSHIP,VIDHU RAMJI PRIMARY SCHOOL
21,MURANG'A,106,KIHARU,525,TOWNSHIP,TECHNOLOGY PRIMARY SCHOOL
21,MURANG'A,106,KIHARU,525,TOWNSHIP,MURANG'A MUNICIPAL SOCIAL HALL
21,MURANG'A,106,KIHARU,525,TOWNSHIP,VIDHU RAMJI SECONDARY SCHOOL
21,MURANG'A,106,KIHARU,525,TOWNSHIP,KONGO-INI PRIMARY SCHOOL
21,MURANG'A,106,KIHARU,525,TOWNSHIP,MBIRI PRIMARY SCHOOL
21,MURANG'A,106,KIHARU,525,TOWNSHIP,MJINI PRIMARY SCHOOL
21,MURANG'A,106,KIHARU,525,TOWNSHIP,MUKUYU ECDE CENTRE
21,MURANG'A,106,KIHARU,525,TOWNSHIP,IHURA STADIUM
21,MURANG'A,106,KIHARU,526,MURARANDIA,MURARANDIA PRIMARY SCHOOL
21,MURANG'A,106,KIHARU,526,MURARANDIA,MUKUMU PRIMARY SCHOOL
21,MURANG'A,106,KIHARU,526,MURARANDIA,MUKUMU TEA BUYING CENTER
21,MURANG'A,106,KIHARU,526,MURARANDIA,MATHARITE PRIMARY SCHOOL
21,MURANG'A,106,KIHARU,526,MURARANDIA,KAHATIA PRIMARY SCHOOL
21,MURANG'A,106,KIHARU,526,MURARANDIA,GATHAMBA TEA BUYING CENTER
21,MURANG'A,106,KIHARU,526,MURARANDIA,THERI PRIMARY SCHOOL
21,MURANG'A,106,KIHARU,526,MURARANDIA,INOI TEA BUYING CENTER
21,MURANG'A,106,KIHARU,526,MURARANDIA,KAHITHE PRIMARY SCHOOL
21,MURANG'A,106,KIHARU,526,MURARANDIA,KAIRICHI PRIMARY SCHOOL
21,MURANG'A,106,KIHARU,526,MURARANDIA,GATUYA PRIMARY SCHOOL
21,MURANG'A,106,KIHARU,526,MURARANDIA,MARIA-INI PRIMARY SCHOOL
21,MURANG'A,106,KIHARU,526,MURARANDIA,GATHAITHI UPPER PRIMARY SCHOOL
21,MURANG'A,106,KIHARU,526,MURARANDIA,KIONJO-INI PRIMARY SCHOOL
21,MURANG'A,106,KIHARU,526,MURARANDIA,GATHIRU NURSERY SCHOOL
21,MURANG'A,106,KIHARU,526,MURARANDIA,GATARA PRIMARY SCHOOL
21,MURANG'A,106,KIHARU,526,MURARANDIA,KAGANDA PRIMARY SCHOOL
21,MURANG'A,106,KIHARU,526,MURARANDIA,THENGE -INI PRIMARY SCHOOL
21,MURANG'A,106,KIHARU,527,GATURI,GAITHERI PRIMARY SCHOOL
21,MURANG'A,106,KIHARU,527,GATURI,GAKURWE PRIMARY SCHOOL
21,MURANG'A,106,KIHARU,527,GATURI,KIAMBUGI PRIMARY SCHOOL
21,MURANG'A,106,KIHARU,527,GATURI,GITHANGA PRIMARY SCHOOL
21,MURANG'A,106,KIHARU,527,GATURI,GATHUKI - INI PRIMARY SCHOOL
21,MURANG'A,106,KIHARU,527,GATURI,MURINGA PRIMARY SCHOOL
21,MURANG'A,106,KIHARU,527,GATURI,KIBUU NURSERY SCHOOL
21,MURANG'A,106,KIHARU,527,GATURI,KARINGA NURSERY SCHOOL
21,MURANG'A,106,KIHARU,527,GATURI,NYAKIHAI PRIMARY SCHOOL
21,MURANG'A,106,KIHARU,527,GATURI,ITITU PRIMARY SCHOOL
21,MURANG'A,106,KIHARU,527,GATURI,GITHUNDI PRIMARY SCHOOL
21,MURANG'A,106,KIHARU,527,GATURI,KAMBWE PRIMARY SCHOOL
21,MURANG'A,106,KIHARU,527,GATURI,KIGONGO PRIMARY SCHOOL
21,MURANG'A,106,KIHARU,527,GATURI,KAIGWA PRIMARY SCHOOL
21,MURANG'A,106,KIHARU,527,GATURI,MATONGU PRIMARY SCHOOL
21,MURANG'A,107,KIGUMO,528,KAHUMBU,KAHARIRO PRIMARY SCHOOL
21,MURANG'A,107,KIGUMO,528,KAHUMBU,KAHUMBU PRIMARY SCHOOL
21,MURANG'A,107,KIGUMO,528,KAHUMBU,GATHIMA-INI PRIMARY SCHOOL
21,MURANG'A,107,KIGUMO,528,KAHUMBU,MUGUMO-INI PRIMARY SCHOOL
21,MURANG'A,107,KIGUMO,528,KAHUMBU,MBOGO-INI PRIMARY SCHOOL
21,MURANG'A,107,KIGUMO,528,KAHUMBU,NDONGA PRIMARY SCHOOL
21,MURANG'A,107,KIGUMO,528,KAHUMBU,KANDANI PRIMARY SCHOOL
21,MURANG'A,107,KIGUMO,528,KAHUMBU,MUMBU PRIMARY SCHOOL
21,MURANG'A,107,KIGUMO,528,KAHUMBU,GAKARATI PRIMARY SCHOOL
21,MURANG'A,107,KIGUMO,528,KAHUMBU,GITHEMBE SRCONDARY SCHOOL
21,MURANG'A,107,KIGUMO,528,KAHUMBU,KAGWATHI SDA PRIMARY SCHOOL
21,MURANG'A,107,KIGUMO,528,KAHUMBU,MWEMA NURSERY SCHOOL
21,MURANG'A,107,KIGUMO,529,MUTHITHI,NJORA PRIMARY SCHOOL
21,MURANG'A,107,KIGUMO,529,MUTHITHI,KIUGU PRIMARY SCHOOL
21,MURANG'A,107,KIGUMO,529,MUTHITHI,THAMARA PRIMARY SCHOOL
21,MURANG'A,107,KIGUMO,529,MUTHITHI,WAMAHIGA PRIMARY SCHOOL
21,MURANG'A,107,KIGUMO,529,MUTHITHI,GACHATHI-INI NURSARY SCHOOL
21,MURANG'A,107,KIGUMO,529,MUTHITHI,MUTHITHI PRIMARY SCHOOL
21,MURANG'A,107,KIGUMO,529,MUTHITHI,IRIGIRO PRIMARY SCHOOL
21,MURANG'A,107,KIGUMO,529,MUTHITHI,GAKEU PRIMARY SCHOOL
21,MURANG'A,107,KIGUMO,529,MUTHITHI,KIAHITI PRIMARY SCHOOL
21,MURANG'A,107,KIGUMO,529,MUTHITHI,NGABURI NURSERY SCHOOL
21,MURANG'A,107,KIGUMO,530,KIGUMO,KAREGA PRIMARY SCHOOL
21,MURANG'A,107,KIGUMO,530,KIGUMO,KIRERE PRIMARY SCHOOL
21,MURANG'A,107,KIGUMO,530,KIGUMO,KARIA -INI PRIMARY SCHOOL
21,MURANG'A,107,KIGUMO,530,KIGUMO,TURUTURU PRIMARY SCHOOL
21,MURANG'A,107,KIGUMO,530,KIGUMO,KIRIANGORO YOUTH POLYTECHNIC
21,MURANG'A,107,KIGUMO,530,KIGUMO,GITHIMA PRIMARY SCHOOL
21,MURANG'A,107,KIGUMO,530,KIGUMO,MATHARE -INI PRIMARY SCHOOL
21,MURANG'A,107,KIGUMO,530,KIGUMO,KAIMAIRI PRIMARY SCHOOL
21,MURANG'A,107,KIGUMO,530,KIGUMO,NGUKU PRIMARY SCHOOL
21,MURANG'A,107,KIGUMO,530,KIGUMO,MARUMI PRIMARY SCHOOL
21,MURANG'A,107,KIGUMO,530,KIGUMO,GAKOE-INI PRIMARY SCHOOL
21,MURANG'A,107,KIGUMO,530,KIGUMO,KIHOKO TEA BUYING CENTRE
21,MURANG'A,107,KIGUMO,530,KIGUMO,KAHETHU NURSERY SCHOOL
21,MURANG'A,107,KIGUMO,531,KANGARI,MAIRI PRIMARY SCHOOL
21,MURANG'A,107,KIGUMO,531,KANGARI,MWARANO PRIMARY SCHOOL
21,MURANG'A,107,KIGUMO,531,KANGARI,GATIMU PRIMARY SCHOOL
21,MURANG'A,107,KIGUMO,531,KANGARI,MAKOMBOKI PRIMARY SCHOOL
21,MURANG'A,107,KIGUMO,531,KANGARI,KANDERENDU PRIMARY SCHOOL
21,MURANG'A,107,KIGUMO,531,KANGARI,KIMOTHO PRIMARY SCHOOL
21,MURANG'A,107,KIGUMO,531,KANGARI,MAREIRA PRIMARY SCHOOL
21,MURANG'A,107,KIGUMO,531,KANGARI,IKUMBI PRIMARY SCHOOL
21,MURANG'A,107,KIGUMO,531,KANGARI,WAKIBUGI TEA BUYING CENTRE
21,MURANG'A,107,KIGUMO,531,KANGARI,MAREIRA SECONDARY SCHOOL
21,MURANG'A,107,KIGUMO,531,KANGARI,KANGARI YOUTH POLYTECHNIC
21,MURANG'A,107,KIGUMO,531,KANGARI,GATIA-INI PRIMARY SCHOOL
21,MURANG'A,107,KIGUMO,531,KANGARI,ABERDARE PEAK PRIMARY SCHOOL
21,MURANG'A,107,KIGUMO,531,KANGARI,KAHUHO TEA BUYING CENTRE
21,MURANG'A,107,KIGUMO,531,KANGARI,KAHIGA TEA BUYING CENTRE
21,MURANG'A,107,KIGUMO,531,KANGARI,IRIMA TEA BUYING CENTRE
21,MURANG'A,107,KIGUMO,531,KANGARI,NGECHA PRIMARY SCHOOL
21,MURANG'A,107,KIGUMO,531,KANGARI,NYATARUGU TEA BUYING CENTRE
21,MURANG'A,107,KIGUMO,531,KANGARI,GATITU TEA BUYING CENTRE
21,MURANG'A,107,KIGUMO,531,KANGARI,KIRITU TEA BUYING CENTRE
21,MURANG'A,107,KIGUMO,532,KINYONA,GIKIGIE PRIMARY SCHOOL
21,MURANG'A,107,KIGUMO,532,KINYONA,MUIRIA PRIMARY SCHOOL
21,MURANG'A,107,KIGUMO,532,KINYONA,BORO PRIMARY SCHOOL
21,MURANG'A,107,KIGUMO,532,KINYONA,KINYONA PRIMARY SCHOOL
21,MURANG'A,107,KIGUMO,532,KINYONA,KARINGA PRIMARY SCHOOL
21,MURANG'A,107,KIGUMO,532,KINYONA,MATANDARA PRIMARY SCHOOL
21,MURANG'A,107,KIGUMO,532,KINYONA,KAMUKABI PRIMARY SCHOOL
21,MURANG'A,107,KIGUMO,532,KINYONA,MATU PRIMARY SCHOOL
21,MURANG'A,107,KIGUMO,532,KINYONA,KIAMAINGI PRIMARY SCHOOL
21,MURANG'A,107,KIGUMO,532,KINYONA,RARAKWA SECONDARY SCHOOL
21,MURANG'A,107,KIGUMO,532,KINYONA,IRATI TEA BUYING CENTRE
21,MURANG'A,107,KIGUMO,532,KINYONA,MUNUNGA NURSERY SCHOOL
21,MURANG'A,107,KIGUMO,532,KINYONA,GACHOCHO PRIMARY SCHOOL
21,MURANG'A,107,KIGUMO,532,KINYONA,KAMUNG'ANG'A PRIMARY SCHOOL
21,MURANG'A,107,KIGUMO,532,KINYONA,ACC&S GICHUKA PRIMARY SCHOOL
21,MURANG'A,107,KIGUMO,532,KINYONA,MUCAGATHA NURSERY SCHOOL
21,MURANG'A,107,KIGUMO,532,KINYONA,KAMWARIO TEA BUYING CENTRE
21,MURANG'A,108,MARAGWA,533,KIMORORI/WEMPA,KABATI POLYTECHNIC
21,MURANG'A,108,MARAGWA,533,KIMORORI/WEMPA,METHI NURSERY SCHOOL
21,MURANG'A,108,MARAGWA,533,KIMORORI/WEMPA,KANGANGU PRIMARY SCHOOL
21,MURANG'A,108,MARAGWA,533,KIMORORI/WEMPA,MANGOTO NURSERY SCHOOL
21,MURANG'A,108,MARAGWA,533,KIMORORI/WEMPA,KIMORORI PRIMARY SCHOOL
21,MURANG'A,108,MARAGWA,533,KIMORORI/WEMPA,KARUNG'ANG'I PRIMARY SCHOOL
21,MURANG'A,108,MARAGWA,533,KIMORORI/WEMPA,KAGAA PRIMARY SCHOOL
21,MURANG'A,108,MARAGWA,533,KIMORORI/WEMPA,ATHAARA PRIMARY SCHOOL
21,MURANG'A,108,MARAGWA,533,KIMORORI/WEMPA,GICHOHI PRIMARY SCHOOL
21,MURANG'A,108,MARAGWA,533,KIMORORI/WEMPA,P.K PRIMARY SCHOOL
21,MURANG'A,108,MARAGWA,533,KIMORORI/WEMPA,THANGIRA SEC SCHOOL
21,MURANG'A,108,MARAGWA,533,KIMORORI/WEMPA,GITHANJI PRIMARY SCHOOL
21,MURANG'A,108,MARAGWA,533,KIMORORI/WEMPA,GATHUNGURURU PRIMARY SCHOOL
21,MURANG'A,108,MARAGWA,533,KIMORORI/WEMPA,THANGIRA PRIMARY SCHOOL
21,MURANG'A,108,MARAGWA,534,MAKUYU,MAJI KIBOKO PRIMARY SCHOOL
21,MURANG'A,108,MARAGWA,534,MAKUYU,GAICHANJIRU NURSERY
21,MURANG'A,108,MARAGWA,534,MAKUYU,KIRIMIRI PRIMARY SCHOOL
21,MURANG'A,108,MARAGWA,534,MAKUYU,MITHINI PRIMARY SCHOOL
21,MURANG'A,108,MARAGWA,534,MAKUYU,KINOO PRIMARY SCHOOL
21,MURANG'A,108,MARAGWA,534,MAKUYU,MAKUYU TOWN COUNCIL NURSERY
21,MURANG'A,108,MARAGWA,534,MAKUYU,MUGIRA PRIMARY SCHOOL
21,MURANG'A,108,MARAGWA,534,MAKUYU,NDERA PRIMARY SCHOOL
21,MURANG'A,108,MARAGWA,534,MAKUYU,PUNDA MILIA PRIMARY SCHOOL
21,MURANG'A,108,MARAGWA,534,MAKUYU,MARURA PRIMARY SCHOOL
21,MURANG'A,108,MARAGWA,534,MAKUYU,MURANG'A COLLEGE PRIMARY SCHOOL
21,MURANG'A,108,MARAGWA,534,MAKUYU,MAKUYU PRIMARY SCHOOL
21,MURANG'A,108,MARAGWA,535,KAMBITI,GATHANGA PRIMARY SCHOOL
21,MURANG'A,108,MARAGWA,535,KAMBITI,MATHENGETA PRIMARY SCHOOL
21,MURANG'A,108,MARAGWA,535,KAMBITI,KIAMBAA PRIMARY SCHOOL
21,MURANG'A,108,MARAGWA,535,KAMBITI,KITUNE PRIMARY SCHOOL
21,MURANG'A,108,MARAGWA,535,KAMBITI,KIUGUINI PRIMARY SCHOOL
21,MURANG'A,108,MARAGWA,535,KAMBITI,KIAMBAMBA PRIMARY SCHOOL
21,MURANG'A,108,MARAGWA,535,KAMBITI,MIHANG'O PRIMARY SCHOOL
21,MURANG'A,108,MARAGWA,535,KAMBITI,MARANJAU PRIMARY SCHOOL
21,MURANG'A,108,MARAGWA,535,KAMBITI,KAWAMANDA PRIMARY SCHOOL
21,MURANG'A,108,MARAGWA,535,KAMBITI,MATANYA PRIMARY SCHOOL
21,MURANG'A,108,MARAGWA,535,KAMBITI,MUMBI NURSERY
21,MURANG'A,108,MARAGWA,535,KAMBITI,KIYO PRIMARY SCHOOL
21,MURANG'A,108,MARAGWA,535,KAMBITI,MAREMA PRIMARY SCHOOL
21,MURANG'A,108,MARAGWA,536,KAMAHUHA,THAARA PRIMARY SCHOOL
21,MURANG'A,108,MARAGWA,536,KAMAHUHA,KAHAINI PRIMARY SCHOOL
21,MURANG'A,108,MARAGWA,536,KAMAHUHA,NYATI PRIMARY SCHOOL
21,MURANG'A,108,MARAGWA,536,KAMAHUHA,KAHARATI PRIMARY SCHOOL
21,MURANG'A,108,MARAGWA,536,KAMAHUHA,SABASABA PRIMARY SCHOOL
21,MURANG'A,108,MARAGWA,536,KAMAHUHA,GATHURI PRIMARY SCHOOL
21,MURANG'A,108,MARAGWA,536,KAMAHUHA,WATHIANI PRIMARY SCHOOL
21,MURANG'A,108,MARAGWA,536,KAMAHUHA,IGIKIRO PRIMARY SCHOOL
21,MURANG'A,108,MARAGWA,536,KAMAHUHA,IGANJO PRIMARY SCHOOL
21,MURANG'A,108,MARAGWA,537,ICHAGAKI,MARIIKI NURSERY SCHOOL
21,MURANG'A,108,MARAGWA,537,ICHAGAKI,MUNGUINI PRIMARY SCHOOL
21,MURANG'A,108,MARAGWA,537,ICHAGAKI,WAIRURI PRIMARY SCHOOL
21,MURANG'A,108,MARAGWA,537,ICHAGAKI,KIANJIRUINI PRIMARY SCHOOL
21,MURANG'A,108,MARAGWA,537,ICHAGAKI,GITHUYA PRIMARY SCHOOL
21,MURANG'A,108,MARAGWA,537,ICHAGAKI,ICHAGAKI PRIMARY SCHOOL
21,MURANG'A,108,MARAGWA,537,ICHAGAKI,GIKOMORA PRIMARY SCHOOL
21,MURANG'A,108,MARAGWA,537,ICHAGAKI,ITAARA PRIMARY SCHOOL
21,MURANG'A,108,MARAGWA,537,ICHAGAKI,MARAGWA CENTRAL BUSINESS MARKET
21,MURANG'A,108,MARAGWA,538,NGINDA,ITAAGA PRIMARY SCHOOL
21,MURANG'A,108,MARAGWA,538,NGINDA,NYAGACHUGU PRIMARY SCHOOL
21,MURANG'A,108,MARAGWA,538,NGINDA,IREMBU PRIMARY SCHOOL
21,MURANG'A,108,MARAGWA,538,NGINDA,IHUMBU PRIMARY SCHOOL
21,MURANG'A,108,MARAGWA,538,NGINDA,GATHERA PRIMARY SCHOOL
21,MURANG'A,108,MARAGWA,538,NGINDA,GATHERA ACC&S NURSERY
21,MURANG'A,108,MARAGWA,538,NGINDA,KIRIMAINI PRIMARY SCHOOL
21,MURANG'A,108,MARAGWA,538,NGINDA,NGINDA PRIMARY SCHOOL
21,MURANG'A,108,MARAGWA,538,NGINDA,GAKOIGO SHOW GROUND
21,MURANG'A,108,MARAGWA,538,NGINDA,IKUNDU PRIMARY SCHOOL
21,MURANG'A,108,MARAGWA,538,NGINDA,MARAGUA PRIMARY SCHOOL
21,MURANG'A,108,MARAGWA,538,NGINDA,MARAGUA MUSLIM . MADARASA
21,MURANG'A,109,KANDARA,539,NG'ARARIA,MUGAA-INI PRIMARY SCHOOL
21,MURANG'A,109,KANDARA,539,NG'ARARIA,NAARO PRIMARY SCHOOL
21,MURANG'A,109,KANDARA,539,NG'ARARIA,MAHUTIA PRIMARY SCHOOL
21,MURANG'A,109,KANDARA,539,NG'ARARIA,NG'ARARIA PRIMARY SCHOOL
21,MURANG'A,109,KANDARA,539,NG'ARARIA,WAITUA PRIMARY SCHOOL
21,MURANG'A,109,KANDARA,539,NG'ARARIA,KAWENDO PRIMARY SCHOOL
21,MURANG'A,109,KANDARA,539,NG'ARARIA,MUIRI-INI PRIMARY SCHOOL
21,MURANG'A,109,KANDARA,539,NG'ARARIA,KABURUGI PRIMARY SCHOOL
21,MURANG'A,109,KANDARA,539,NG'ARARIA,MUGECHA PRIMARY SCHOOL
21,MURANG'A,109,KANDARA,540,MURUKA,MAKINDI PRIMARY SCHOOL
21,MURANG'A,109,KANDARA,540,MURUKA,KARUMU PRIMARY SCHOOL
21,MURANG'A,109,KANDARA,540,MURUKA,MURUKA PRIMARY SCHOOL
21,MURANG'A,109,KANDARA,540,MURUKA,GATITU PRIMARY SCHOOL
21,MURANG'A,109,KANDARA,540,MURUKA,KIAWAMBUTU PRIMARY SCHOOL
21,MURANG'A,109,KANDARA,540,MURUKA,MUTUNDU-INI PRIMARY SCHOOL
21,MURANG'A,109,KANDARA,540,MURUKA,KANYIRI-INI PRIMARY SCHOOL
21,MURANG'A,109,KANDARA,540,MURUKA,NGUTHURU PRIMARY SCHOOL
21,MURANG'A,109,KANDARA,540,MURUKA,RUKIRA NURSERY SCHOOL
21,MURANG'A,109,KANDARA,540,MURUKA,RURII CATHOLIC HALL
21,MURANG'A,109,KANDARA,541,KAGUNDU-INI,KABATI COFFEE FACTORY
21,MURANG'A,109,KANDARA,541,KAGUNDU-INI,MUKERENJU PRIMARY SCHOOL
21,MURANG'A,109,KANDARA,541,KAGUNDU-INI,RIANDEGWA PRIMARY SCHOOL
21,MURANG'A,109,KANDARA,541,KAGUNDU-INI,KARIGU-INI PRIMARY SCHOOL
21,MURANG'A,109,KANDARA,541,KAGUNDU-INI,ST MARY'S A.C.K KENOL
21,MURANG'A,109,KANDARA,541,KAGUNDU-INI,MAIRUNGI PRIMARY SCHOOL
21,MURANG'A,109,KANDARA,541,KAGUNDU-INI,NGAA-INI PRIMARY SCHOOL
21,MURANG'A,109,KANDARA,541,KAGUNDU-INI,KAGUNDU-INI PRIMARY SCHOOL
21,MURANG'A,109,KANDARA,541,KAGUNDU-INI,MACHEGECA PRIMARY SCHOOL
21,MURANG'A,109,KANDARA,541,KAGUNDU-INI,GATHIGE PRIMARY SCHOOL
21,MURANG'A,109,KANDARA,541,KAGUNDU-INI,MAHURIA PRIMARY SCHOOL
21,MURANG'A,109,KANDARA,542,GAICHANJIRU,KIHURU-INI PRIMARY SCHOOL
21,MURANG'A,109,KANDARA,542,GAICHANJIRU,KARUGIA PRIMARY SCHOOL
21,MURANG'A,109,KANDARA,542,GAICHANJIRU,MANJUU PRIMARY SCHOOL
21,MURANG'A,109,KANDARA,542,GAICHANJIRU,WANGAI PRIMARY SCHOOL
21,MURANG'A,109,KANDARA,542,GAICHANJIRU,GAICHANJIRU HIGH SCH
21,MURANG'A,109,KANDARA,542,GAICHANJIRU,GITHIGI PRYIMARY SCHOOL
21,MURANG'A,109,KANDARA,542,GAICHANJIRU,KAWANJERU PRIMARY SCHOOL
21,MURANG'A,109,KANDARA,542,GAICHANJIRU,THAGARI PRIMARY SCHOOL
21,MURANG'A,109,KANDARA,542,GAICHANJIRU,GAICHANJIRU PRIMARY SCHOOL
21,MURANG'A,109,KANDARA,542,GAICHANJIRU,KAGIRA PRIMARY SCHOOL
21,MURANG'A,109,KANDARA,542,GAICHANJIRU,KAGIRA NURSERY SCHOOL
21,MURANG'A,109,KANDARA,542,GAICHANJIRU,GATITU-INI PRIMARY SCHOOL
21,MURANG'A,109,KANDARA,542,GAICHANJIRU,KARIUA PRIMARY SCHOOL
21,MURANG'A,109,KANDARA,542,GAICHANJIRU,KIHARO PRIMARY SCHOOL
21,MURANG'A,109,KANDARA,542,GAICHANJIRU,GITHAITI PRIMARY SCHOOL
21,MURANG'A,109,KANDARA,543,ITHIRU,KABATI YOUTH POLYTECHNIC
21,MURANG'A,109,KANDARA,543,ITHIRU,KAGUTHI PRIMARY SCHOOL
21,MURANG'A,109,KANDARA,543,ITHIRU,KAREMBU-INI PRIMARY SCHOOL
21,MURANG'A,109,KANDARA,543,ITHIRU,KIRIGITHU PRIMARY SCHOOL
21,MURANG'A,109,KANDARA,543,ITHIRU,KIGUOYA PRIMARY SCHOOL
21,MURANG'A,109,KANDARA,543,ITHIRU,KANDARA PRIMARY SCHOOL
21,MURANG'A,109,KANDARA,543,ITHIRU,KIIRI PRIMARY SCHOOL
21,MURANG'A,109,KANDARA,543,ITHIRU,KANDARA CHILDRENS' HOME
21,MURANG'A,109,KANDARA,543,ITHIRU,KAMORO NURSERY SCHOOL
21,MURANG'A,109,KANDARA,543,ITHIRU,GAKUI PRIMARY SCHOOL
21,MURANG'A,109,KANDARA,543,ITHIRU,KARIMAMWARO PRIMARY SCHOOL
21,MURANG'A,109,KANDARA,543,ITHIRU,GAKARARA PRIMARY SCHOOL
21,MURANG'A,109,KANDARA,543,ITHIRU,KIRUNGURU PRIMARY SCHOOL
21,MURANG'A,109,KANDARA,543,ITHIRU,NJOGU-INI NURSERY SCHOOL
21,MURANG'A,109,KANDARA,544,RUCHU,MUNG'ARIA PRIMARY SCHOOL
21,MURANG'A,109,KANDARA,544,RUCHU,RWATHE PRIMARY SCHOOL
21,MURANG'A,109,KANDARA,544,RUCHU,GITHIGIA PRIMARY SCHOOL
21,MURANG'A,109,KANDARA,544,RUCHU,KANGUI PRIMARY SCHOOL
21,MURANG'A,109,KANDARA,544,RUCHU,KAHIGA PRYIMARY SCHOOL
21,MURANG'A,109,KANDARA,544,RUCHU,GITHUMU PRIMARY SCHOOL
21,MURANG'A,109,KANDARA,544,RUCHU,GITURU PRIMARY SCHOOL
21,MURANG'A,109,KANDARA,544,RUCHU,GICHAGI-INI PRIMARY SCHOOL
21,MURANG'A,109,KANDARA,544,RUCHU,WAHU PRIMARY SCHOOL
21,MURANG'A,109,KANDARA,544,RUCHU,KIAWANGENYE T/B CENTRE
21,MURANG'A,109,KANDARA,544,RUCHU,KIANGARI PRIMARY SCHOOL
21,MURANG'A,109,KANDARA,544,RUCHU,NDUTI TEA BUYING CENTRE
21,MURANG'A,109,KANDARA,544,RUCHU,KAMICHEE PRIMARY SCHOOL
21,MURANG'A,109,KANDARA,544,RUCHU,GATHAGE PRIMARY SCHOOL
21,MURANG'A,109,KANDARA,544,RUCHU,RUONA PRIMARY SCHOOL
21,MURANG'A,109,KANDARA,544,RUCHU,GACHARAGE PRIMARY SCHOOL
21,MURANG'A,109,KANDARA,544,RUCHU,MUTHERU PRIMARY SCHOOL
21,MURANG'A,109,KANDARA,544,RUCHU,MUIGARIUA TEA BUYING CENTER
21,MURANG'A,109,KANDARA,544,RUCHU,KARANGI COLLECTION CENTER
21,MURANG'A,109,KANDARA,544,RUCHU,KAIRI TEA BUYING CENTER
21,MURANG'A,110,GATANGA,545,ITHANGA,THUNGURURU PRY SCH.
21,MURANG'A,110,GATANGA,545,ITHANGA,NGELELIA PRY SCH.
21,MURANG'A,110,GATANGA,545,ITHANGA,KALIALA PRY SCH.
21,MURANG'A,110,GATANGA,545,ITHANGA,MUGUMO PRY SCH.
21,MURANG'A,110,GATANGA,545,ITHANGA,MIANYANI PRY SCH
21,MURANG'A,110,GATANGA,545,ITHANGA,KYAUME PRY SCH
21,MURANG'A,110,GATANGA,545,ITHANGA,MWANIA MBOGO PRY SCH
21,MURANG'A,110,GATANGA,545,ITHANGA,KANDURI PRY SCH
21,MURANG'A,110,GATANGA,545,ITHANGA,ST TERESA PRY SCH
21,MURANG'A,110,GATANGA,545,ITHANGA,NGURUNGA PRY SCH
21,MURANG'A,110,GATANGA,545,ITHANGA,ITHANGA PRY SCH
21,MURANG'A,110,GATANGA,545,ITHANGA,ITHANGA SEC SCH
21,MURANG'A,110,GATANGA,546,KAKUZI/MITUBIRI,NGATHO PRY SCH.
21,MURANG'A,110,GATANGA,546,KAKUZI/MITUBIRI,RUBIRO PRY SCH.
21,MURANG'A,110,GATANGA,546,KAKUZI/MITUBIRI,MATUNDA PRY SCH.
21,MURANG'A,110,GATANGA,546,KAKUZI/MITUBIRI,SILANGA PRY SCH.
21,MURANG'A,110,GATANGA,546,KAKUZI/MITUBIRI,MUTI PRY SCH.
21,MURANG'A,110,GATANGA,546,KAKUZI/MITUBIRI,MAKUTANO PRY
21,MURANG'A,110,GATANGA,546,KAKUZI/MITUBIRI,IEMBENI PRY SCH.
21,MURANG'A,110,GATANGA,546,KAKUZI/MITUBIRI,CANNARY SOCIAL HALL
21,MURANG'A,110,GATANGA,546,KAKUZI/MITUBIRI,KIHUNGURO PRY SCH.
21,MURANG'A,110,GATANGA,546,KAKUZI/MITUBIRI,MWANA-WI-KIO PRY SCH.
21,MURANG'A,110,GATANGA,546,KAKUZI/MITUBIRI,CHUI RAPIDS SOCIAL HALL
21,MURANG'A,110,GATANGA,546,KAKUZI/MITUBIRI,SWANI PRY SCH
21,MURANG'A,110,GATANGA,546,KAKUZI/MITUBIRI,MT. OLIVE PRY SCH.
21,MURANG'A,110,GATANGA,546,KAKUZI/MITUBIRI,GREYSTONE NUR. SCH.
21,MURANG'A,110,GATANGA,546,KAKUZI/MITUBIRI,NANGA PRY SCH.
21,MURANG'A,110,GATANGA,546,KAKUZI/MITUBIRI,NGINYI NUR. SCH.
21,MURANG'A,110,GATANGA,546,KAKUZI/MITUBIRI,GATWIKIRA NUR.SCH.
21,MURANG'A,110,GATANGA,546,KAKUZI/MITUBIRI,KINYANGI PRY SCH
21,MURANG'A,110,GATANGA,546,KAKUZI/MITUBIRI,KITITO PRY SCH
21,MURANG'A,110,GATANGA,546,KAKUZI/MITUBIRI,KAKUZI PRY SCH
21,MURANG'A,110,GATANGA,547,MUGUMO-INI,GAKURARI SEC SCH.
21,MURANG'A,110,GATANGA,547,MUGUMO-INI,GIATUTU PRY SCH.
21,MURANG'A,110,GATANGA,547,MUGUMO-INI,KIGIO SEC SCH.
21,MURANG'A,110,GATANGA,547,MUGUMO-INI,KIGIO PRY SCH.
21,MURANG'A,110,GATANGA,547,MUGUMO-INI,MUTHURI PRY SCH.
21,MURANG'A,110,GATANGA,547,MUGUMO-INI,GATHAMBARA PRY SCH.
21,MURANG'A,110,GATANGA,547,MUGUMO-INI,GAKURARI PRY SCH.
21,MURANG'A,110,GATANGA,547,MUGUMO-INI,MITHANDUKUINI NUR SCH.
21,MURANG'A,110,GATANGA,547,MUGUMO-INI,GATUNYU PRY SCH.
21,MURANG'A,110,GATANGA,547,MUGUMO-INI,RWAITIRA PRY SCH.
21,MURANG'A,110,GATANGA,547,MUGUMO-INI,ITHANG'ARARI PRY. SCH
21,MURANG'A,110,GATANGA,547,MUGUMO-INI,GAITEGI NUR. SCH
21,MURANG'A,110,GATANGA,547,MUGUMO-INI,THAMURU PRY SCH.
21,MURANG'A,110,GATANGA,547,MUGUMO-INI,MAKONGO PRY SCH.
21,MURANG'A,110,GATANGA,547,MUGUMO-INI,MWITING'IRI PRY SCH.
21,MURANG'A,110,GATANGA,547,MUGUMO-INI,HORTICULTURAL CTR.
21,MURANG'A,110,GATANGA,547,MUGUMO-INI,MUTERIA PRY SCH.
21,MURANG'A,110,GATANGA,547,MUGUMO-INI,KIAMA PRY SCH.
21,MURANG'A,110,GATANGA,548,KIHUMBU-INI,KIUNYU PRY SCH.
21,MURANG'A,110,GATANGA,548,KIHUMBU-INI,ELIJAH KAGIRI NUR. SCH.
21,MURANG'A,110,GATANGA,548,KIHUMBU-INI,GITUAMBA PRY SCH.
21,MURANG'A,110,GATANGA,548,KIHUMBU-INI,KIAWAIHIGA NUR. SCH.
21,MURANG'A,110,GATANGA,548,KIHUMBU-INI,RUGAITA NUR. SCH.
21,MURANG'A,110,GATANGA,548,KIHUMBU-INI,WATUKU NUR. SCH.
21,MURANG'A,110,GATANGA,548,KIHUMBU-INI,NYAGA PRY SCH.
21,MURANG'A,110,GATANGA,548,KIHUMBU-INI,PAUL MBIYU PRY SCH
21,MURANG'A,110,GATANGA,548,KIHUMBU-INI,THUITA PRY SCH.
21,MURANG'A,110,GATANGA,548,KIHUMBU-INI,GITHAMBIA PRY SCH.
21,MURANG'A,110,GATANGA,548,KIHUMBU-INI,NJAINI NUR. SCH.
21,MURANG'A,110,GATANGA,548,KIHUMBU-INI,MUKARARA NUR. SCH.
21,MURANG'A,110,GATANGA,548,KIHUMBU-INI,MBARI YA RUGA PRY SCH.
21,MURANG'A,110,GATANGA,548,KIHUMBU-INI,KAHETHU NUR. SCH.
21,MURANG'A,110,GATANGA,548,KIHUMBU-INI,KIBAAKA PRY SCH.
21,MURANG'A,110,GATANGA,548,KIHUMBU-INI,KIHUMBU-INI PRY SCH
21,MURANG'A,110,GATANGA,548,KIHUMBU-INI,GATI-IGURU PRY SCH.
21,MURANG'A,110,GATANGA,549,GATANGA,KIRWARA POLYTECHNIC
21,MURANG'A,110,GATANGA,549,GATANGA,GICHUMBU PRY SCH.
21,MURANG'A,110,GATANGA,549,GATANGA,MABANDA NURSERY SCH.
21,MURANG'A,110,GATANGA,549,GATANGA,MABANDA PRY SCH.
21,MURANG'A,110,GATANGA,549,GATANGA,GATANGA PRY SCH.
21,MURANG'A,110,GATANGA,549,GATANGA,RWEGETHA PRY SCH.
21,MURANG'A,110,GATANGA,549,GATANGA,MABAE PRY SCH.
21,MURANG'A,110,GATANGA,549,GATANGA,CHOMO PRY SCH
21,MURANG'A,110,GATANGA,549,GATANGA,UMBUI NUR SCH.
21,MURANG'A,110,GATANGA,549,GATANGA,NGUNGUGU PRY SCH.
21,MURANG'A,110,GATANGA,549,GATANGA,KIRWARA PRY SCH.
21,MURANG'A,110,GATANGA,549,GATANGA,GAKOE NUR. SCH
21,MURANG'A,110,GATANGA,549,GATANGA,GATHANJI PRY SCH.
21,MURANG'A,110,GATANGA,549,GATANGA,GATHUTHU PRY SCH.
21,MURANG'A,110,GATANGA,549,GATANGA,THARE PRY SCH.
21,MURANG'A,110,GATANGA,549,GATANGA,MUREKE NUR SCH.
21,MURANG'A,110,GATANGA,549,GATANGA,GATHA-INI PRY SCH.
21,MURANG'A,110,GATANGA,550,KARIARA,IGANJO PRY SCH.
21,MURANG'A,110,GATANGA,550,KARIARA,MWAGU PRY SCH.
21,MURANG'A,110,GATANGA,550,KARIARA,KIARUTARA PRY SCH.
21,MURANG'A,110,GATANGA,550,KARIARA,GATAKA-INI PRY SCH.
21,MURANG'A,110,GATANGA,550,KARIARA,KARANGI PRY SCH.
21,MURANG'A,110,GATANGA,550,KARIARA,KAGARII PRY SCH.
21,MURANG'A,110,GATANGA,550,KARIARA,KAREGA PRY SCH.
21,MURANG'A,110,GATANGA,550,KARIARA,MBUGITI PRY SCH.
21,MURANG'A,110,GATANGA,550,KARIARA,ELIMAMBO PRY SCH.
21,MURANG'A,110,GATANGA,550,KARIARA,GATURA PRY SCH.
21,MURANG'A,110,GATANGA,550,KARIARA,GATUNGURU SEC. SCH.
21,MURANG'A,110,GATANGA,550,KARIARA,GATUNGURU PRY SCH.
21,MURANG'A,110,GATANGA,550,KARIARA,WANDUHI NUR. SCH.
21,MURANG'A,110,GATANGA,550,KARIARA,KIMANDI T.B.C
21,MURANG'A,110,GATANGA,550,KARIARA,KIMANDI PRY SCH.
21,MURANG'A,110,GATANGA,550,KARIARA,WANYAGA PRY SCH.
21,MURANG'A,110,GATANGA,550,KARIARA,KARIA-INI T.B.C
21,MURANG'A,110,GATANGA,550,KARIARA,ITHANJI T.B.C
21,MURANG'A,110,GATANGA,550,KARIARA,WANG'ANG'A T.B.C
21,MURANG'A,110,GATANGA,550,KARIARA,GITIRI PRY SCH.
21,MURANG'A,110,GATANGA,550,KARIARA,NDUNYU CHEGE CRAFT CTR.
21,MURANG'A,110,GATANGA,550,KARIARA,NDUNYU CHEGE PRY SCH.
21,MURANG'A,110,GATANGA,550,KARIARA,KAMUNYAKA KIUMU PRY SCH.
21,MURANG'A,110,GATANGA,550,KARIARA,KIANGIGE NUR. SCH.
21,MURANG'A,110,GATANGA,550,KARIARA,KANUNGA PRY SCH.
21,MURANG'A,110,GATANGA,550,KARIARA,GIACHUKI PRY SCH.
21,MURANG'A,110,GATANGA,550,KARIARA,KIGORO NUR. SCH.
21,MURANG'A,110,GATANGA,550,KARIARA,MWEA NUR. SCH.
21,MURANG'A,110,GATANGA,550,KARIARA,GITEME PRY SCH.
21,MURANG'A,110,GATANGA,550,KARIARA,NDAKA-INI PRY SCH.
22,KIAMBU,111,GATUNDU SOUTH,551,KIAMWANGI,NGENDA PRIMARY SCHOOL
22,KIAMBU,111,GATUNDU SOUTH,551,KIAMWANGI,KAREMBU NURSERY SCHOOL
22,KIAMBU,111,GATUNDU SOUTH,551,KIAMWANGI,MUTATI DISPENSARY
22,KIAMBU,111,GATUNDU SOUTH,551,KIAMWANGI,NEMBU PRIMARY SCHOOL
22,KIAMBU,111,GATUNDU SOUTH,551,KIAMWANGI,KIAMWANGI PRIMARY SCHOOL
22,KIAMBU,111,GATUNDU SOUTH,551,KIAMWANGI,MUTI MUMU NURSERY SCHOOL
22,KIAMBU,111,GATUNDU SOUTH,551,KIAMWANGI,THAARA NURSERY SCHOOL
22,KIAMBU,111,GATUNDU SOUTH,551,KIAMWANGI,NEMBU POLICE POST
22,KIAMBU,111,GATUNDU SOUTH,552,KIGANJO,MUNIO ADMINISTRATION POLICE POST
22,KIAMBU,111,GATUNDU SOUTH,552,KIGANJO,KIGANJO YOUTH POLYTECHNIQUE
22,KIAMBU,111,GATUNDU SOUTH,552,KIGANJO,IKUMA PRIMARY SCHOOL
22,KIAMBU,111,GATUNDU SOUTH,552,KIGANJO,MUHOHO PRIMARY SCHOOL
22,KIAMBU,111,GATUNDU SOUTH,552,KIGANJO,GICHERU PRIMARY SCHOOL
22,KIAMBU,111,GATUNDU SOUTH,552,KIGANJO,KIAMWORIA PRIMARY SCHOOL
22,KIAMBU,111,GATUNDU SOUTH,552,KIGANJO,UCHEKEINI PRIMARY SCHOOL
22,KIAMBU,111,GATUNDU SOUTH,552,KIGANJO,KARANGI PRIMARY SCHOOL
22,KIAMBU,111,GATUNDU SOUTH,552,KIGANJO,NDUNDU SECONDARY SCHOOL
22,KIAMBU,111,GATUNDU SOUTH,552,KIGANJO,GACHIKA PRIMARY SCHOOL
22,KIAMBU,111,GATUNDU SOUTH,552,KIGANJO,KIAWANDIGA PRIMARY SCHOOL
22,KIAMBU,111,GATUNDU SOUTH,552,KIGANJO,KANJATA NURSERY SCHOOL
22,KIAMBU,111,GATUNDU SOUTH,552,KIGANJO,KIMIRITIA NURSERY SCHOOL
22,KIAMBU,111,GATUNDU SOUTH,552,KIGANJO,GICHUKA NURSERY SCHOOL
22,KIAMBU,111,GATUNDU SOUTH,552,KIGANJO,GATHIRIGA NURSERY SCHOOL
22,KIAMBU,111,GATUNDU SOUTH,552,KIGANJO,ROI PRIMARY SCHOOL
22,KIAMBU,111,GATUNDU SOUTH,552,KIGANJO,MUMBU INI NURSERY SCHOOL
22,KIAMBU,111,GATUNDU SOUTH,552,KIGANJO,KIAMUGO PRIMARY SCHOOL
22,KIAMBU,111,GATUNDU SOUTH,552,KIGANJO,KIGANJO PRIMARY SCHOOL
22,KIAMBU,111,GATUNDU SOUTH,553,NDARUGU,KIMARURI PRIMARY SCHOOL
22,KIAMBU,111,GATUNDU SOUTH,553,NDARUGU,NDUCHI ACADEMY
22,KIAMBU,111,GATUNDU SOUTH,553,NDARUGU,KIRANGI PRIMARY SCHOOL
22,KIAMBU,111,GATUNDU SOUTH,553,NDARUGU,NDUMBI PRIMARY SCHOOL
22,KIAMBU,111,GATUNDU SOUTH,553,NDARUGU,MURURIA SECONDARY SCHOOL
22,KIAMBU,111,GATUNDU SOUTH,553,NDARUGU,KAMUTUA PRIMARY SCHOOL
22,KIAMBU,111,GATUNDU SOUTH,553,NDARUGU,KIBIRU SECONDARY SCHOOL
22,KIAMBU,111,GATUNDU SOUTH,553,NDARUGU,MBOGORO PRIMARY SCHOOL
22,KIAMBU,111,GATUNDU SOUTH,553,NDARUGU,RUBURI PRIMARY SCHOOL
22,KIAMBU,111,GATUNDU SOUTH,553,NDARUGU,KITWE PRIMARY SCHOOL
22,KIAMBU,111,GATUNDU SOUTH,553,NDARUGU,KWA-MUCHERU PRIMARY SCHOOL
22,KIAMBU,111,GATUNDU SOUTH,554,NGENDA,GIKURE PRIMARY SCHOOL
22,KIAMBU,111,GATUNDU SOUTH,554,NGENDA,HANGEGE PRIMARY SCHOOL
22,KIAMBU,111,GATUNDU SOUTH,554,NGENDA,ICHACHIRI PRIMARY SCHOOL
22,KIAMBU,111,GATUNDU SOUTH,554,NGENDA,ITURU PRIMARY SCHOOL
22,KIAMBU,111,GATUNDU SOUTH,554,NGENDA,WAMWANGI PRIMARY SCHOOL
22,KIAMBU,111,GATUNDU SOUTH,554,NGENDA,GITHARURU PRIMARY SCHOOL
22,KIAMBU,111,GATUNDU SOUTH,554,NGENDA,KIMUNYU PRIMARY SCHOOL
22,KIAMBU,111,GATUNDU SOUTH,554,NGENDA,KAHUGUINI PRIMARY SCHOOL
22,KIAMBU,111,GATUNDU SOUTH,554,NGENDA,WAMITAA NURSERY SCHOOL
22,KIAMBU,111,GATUNDU SOUTH,554,NGENDA,GITHUNGUCHU NURSERY SCHOOL
22,KIAMBU,111,GATUNDU SOUTH,554,NGENDA,GITHIORO NURSERY SCHOOL
22,KIAMBU,111,GATUNDU SOUTH,554,NGENDA,NGENDA CHIEF'S OFFICE
22,KIAMBU,111,GATUNDU SOUTH,554,NGENDA,MUHARA CATTLE DIP
22,KIAMBU,111,GATUNDU SOUTH,554,NGENDA,IHURA CATTLE DIP
22,KIAMBU,111,GATUNDU SOUTH,554,NGENDA,MUKINYI SHOPPING CENTRE
22,KIAMBU,111,GATUNDU SOUTH,554,NGENDA,GATEI CATTLE DIP
22,KIAMBU,111,GATUNDU SOUTH,554,NGENDA,KIMUNYU ASSISTANT CHIEF'S OFFICE
22,KIAMBU,111,GATUNDU SOUTH,554,NGENDA,KARIRAU NURSERY SCHOOL
22,KIAMBU,112,GATUNDU NORTH,555,GITUAMBA,NJATHA-INI PRIMARY SCHOOL
22,KIAMBU,112,GATUNDU NORTH,555,GITUAMBA,ST. DOMINIC BUCHANA PRIMARY SCHOOL
22,KIAMBU,112,GATUNDU NORTH,555,GITUAMBA,MUHINDI PRIMARY SCHOOL
22,KIAMBU,112,GATUNDU NORTH,555,GITUAMBA,NDIKO PRIMARY SCHOOL.
22,KIAMBU,112,GATUNDU NORTH,555,GITUAMBA,ST. ANNE'S MARIA-INI PRIMARY SCHOOL.
22,KIAMBU,112,GATUNDU NORTH,555,GITUAMBA,MATAARA PRIMARY SCHOOL.
22,KIAMBU,112,GATUNDU NORTH,555,GITUAMBA,GITUAMBA VOCATIONAL TRAINING CENTRE
22,KIAMBU,112,GATUNDU NORTH,555,GITUAMBA,GATUNGURU PRIMARY SCHOOL.
22,KIAMBU,112,GATUNDU NORTH,555,GITUAMBA,KIANGUNU SECONDARY SCHOOL
22,KIAMBU,112,GATUNDU NORTH,555,GITUAMBA,SOUTH KANYONI PRIMARY SCHOOL.
22,KIAMBU,112,GATUNDU NORTH,555,GITUAMBA,IGAMBA PRIMARY SCHOOL.
22,KIAMBU,112,GATUNDU NORTH,555,GITUAMBA,NGETHU PRIMARY SCHOOL.
22,KIAMBU,112,GATUNDU NORTH,555,GITUAMBA,MIUGU PRIMARY SCHOOL
22,KIAMBU,112,GATUNDU NORTH,555,GITUAMBA,MUCHAKAI PRIMARY SCHOOL.
22,KIAMBU,112,GATUNDU NORTH,555,GITUAMBA,GICHUKA NURSERY SCHOOL.
22,KIAMBU,112,GATUNDU NORTH,555,GITUAMBA,P.C.E.A NDEKEI PRIMARY SCHOOL
22,KIAMBU,112,GATUNDU NORTH,555,GITUAMBA,MURATA WA TWANA PRIMARY SCHOOL.
22,KIAMBU,112,GATUNDU NORTH,556,GITHOBOKONI,ST. GABRIEL KAHATA PRIMARY SCHOOL.
22,KIAMBU,112,GATUNDU NORTH,556,GITHOBOKONI,KIHUNJIO-INI PRIMARY SCHOOL
22,KIAMBU,112,GATUNDU NORTH,556,GITHOBOKONI,MUNYAKA HILL PRIMARY SCHOOL
22,KIAMBU,112,GATUNDU NORTH,556,GITHOBOKONI,MAKOHOKOHO PRIMARY SCHOOL.
22,KIAMBU,112,GATUNDU NORTH,556,GITHOBOKONI,GACHEGE NURSERY SCHOOL.
22,KIAMBU,112,GATUNDU NORTH,556,GITHOBOKONI,GAKOE PRIMARY SCHOOL.
22,KIAMBU,112,GATUNDU NORTH,556,GITHOBOKONI,MIIRI PRIMARY SCHOOL.
22,KIAMBU,112,GATUNDU NORTH,556,GITHOBOKONI,MAMA NGINA NURSERY SCHOOL.
22,KIAMBU,112,GATUNDU NORTH,556,GITHOBOKONI,KAMWIRIGI PRIMARY SCHOOL.
22,KIAMBU,112,GATUNDU NORTH,556,GITHOBOKONI,KAIBERE PRIMARY SCHOOL.
22,KIAMBU,112,GATUNDU NORTH,556,GITHOBOKONI,MBICHI SECONDARY SCHOOL
22,KIAMBU,112,GATUNDU NORTH,556,GITHOBOKONI,HURUMA KIENI PRIMARY SCHOOL
22,KIAMBU,112,GATUNDU NORTH,556,GITHOBOKONI,MWIMUTO PRIMARY SCHOOL
22,KIAMBU,112,GATUNDU NORTH,556,GITHOBOKONI,JAMES NJENGA PRIMARY SCHOOL
22,KIAMBU,112,GATUNDU NORTH,556,GITHOBOKONI,MUNGAI PRIMARY SCHOOL.
22,KIAMBU,112,GATUNDU NORTH,556,GITHOBOKONI,IHIGA-INI PRIMARY SCHOOL
22,KIAMBU,112,GATUNDU NORTH,556,GITHOBOKONI,KANJABI PRIMARY SCHOOL
22,KIAMBU,112,GATUNDU NORTH,557,CHANIA,NGUNA PRIMARY SCHOOL.
22,KIAMBU,112,GATUNDU NORTH,557,CHANIA,KANJUKU PRIMARY SCHOOL.
22,KIAMBU,112,GATUNDU NORTH,557,CHANIA,KAMWANGI PRIMARY SCHOOL.
22,KIAMBU,112,GATUNDU NORTH,557,CHANIA,WANDUI PRIMARY SCHOOL.
22,KIAMBU,112,GATUNDU NORTH,557,CHANIA,MUIRIGO PRIMARY SCHOOL.
22,KIAMBU,112,GATUNDU NORTH,557,CHANIA,MAKWA PRIMARY SCHOOL
22,KIAMBU,112,GATUNDU NORTH,557,CHANIA,IGEGANIA PRIMARY SCHOOL
22,KIAMBU,112,GATUNDU NORTH,558,MANG'U,NYAMATHUMBI PRIMARY SCHOOL
22,KIAMBU,112,GATUNDU NORTH,558,MANG'U,MITEERO NURSERY SCHOOL
22,KIAMBU,112,GATUNDU NORTH,558,MANG'U,NYAMANGARA PRIMARY SCHOOL.
22,KIAMBU,112,GATUNDU NORTH,558,MANG'U,P.C.E.A MUKUYU-INI PRIMARY SCHOOL.
22,KIAMBU,112,GATUNDU NORTH,558,MANG'U,MUKURWE PRIMARY SCHOOL.
22,KIAMBU,112,GATUNDU NORTH,558,MANG'U,KANG'OO NURSERY SCHOOL
22,KIAMBU,112,GATUNDU NORTH,558,MANG'U,KAWIRA PRIMARY SCHOOL
22,KIAMBU,112,GATUNDU NORTH,558,MANG'U,KARURE PRIMARY SCHOOL
22,KIAMBU,113,JUJA,559,MURERA,OAKLANDS PRIMARY SCHOOL
22,KIAMBU,113,JUJA,559,MURERA,MUTUNDU PRIMARY SCHOOL
22,KIAMBU,113,JUJA,559,MURERA,RUERA PRIMARY SCHOOL
22,KIAMBU,113,JUJA,559,MURERA,TWIGA PRIMARY SCHOOL
22,KIAMBU,113,JUJA,559,MURERA,NEW TOLL PRIMARY SCHOOL
22,KIAMBU,113,JUJA,559,MURERA,JACARANDA PRIMARY SCHOOL
22,KIAMBU,113,JUJA,559,MURERA,MUGUTHA PRIMARY SCHOOL
22,KIAMBU,113,JUJA,560,THETA,NDURURUMO PRIMARY SCHOOL
22,KIAMBU,113,JUJA,560,THETA,KUMURA PRIMARY SCHOOL
22,KIAMBU,113,JUJA,560,THETA,THETA CHIEFS CAMP
22,KIAMBU,113,JUJA,561,JUJA,KIBII PRIMARY SCHOOL
22,KIAMBU,113,JUJA,561,JUJA,MIRIMAINI PRIMARY SCHOOL
22,KIAMBU,113,JUJA,561,JUJA,DO'S OFFICE MUCHATHA
22,KIAMBU,113,JUJA,561,JUJA,JOYLAND TANK GROUND
22,KIAMBU,113,JUJA,561,JUJA,KENYATTA ROAD TANK GROUND
22,KIAMBU,113,JUJA,561,JUJA,OASIS GROUND
22,KIAMBU,113,JUJA,561,JUJA,JUJA CHIEF'S OFFICE
22,KIAMBU,113,JUJA,561,JUJA,KIAORA PRIMARY SCHOOL
22,KIAMBU,113,JUJA,561,JUJA,ASSISTANT CHIEF'S OFFICE
22,KIAMBU,113,JUJA,561,JUJA,ST.PAUL GACHORORO PRIMARY SCHOOL
22,KIAMBU,113,JUJA,561,JUJA,GACHORORO PRIMARY SCHOOL
22,KIAMBU,113,JUJA,561,JUJA,ST. MATHEWS ACK CHURCH
22,KIAMBU,113,JUJA,561,JUJA,JOMO KENYATTA D.E.B PRIMARY SCHOOL
22,KIAMBU,113,JUJA,562,WITEITHIE,NYACABA PRIMARY SCHOOL
22,KIAMBU,113,JUJA,562,WITEITHIE,KURAIHA PRIMARY SCHOOL
22,KIAMBU,113,JUJA,562,WITEITHIE,KARAMAINI PRIMARY SCHOOL
22,KIAMBU,113,JUJA,562,WITEITHIE,KARAKUTA PRIMARY SCHOOL
22,KIAMBU,113,JUJA,563,KALIMONI,JUJA FARM PRIMARY SCHOOL
22,KIAMBU,113,JUJA,563,KALIMONI,THIRIRIKA PRIMARY SCHOOL
22,KIAMBU,113,JUJA,563,KALIMONI,KIGWE PRIMARY SCHOOL
22,KIAMBU,113,JUJA,563,KALIMONI,MWERERI PRIMARY SCHOOL
22,KIAMBU,113,JUJA,563,KALIMONI,KALIMONI CHIEF'S POST
22,KIAMBU,114,THIKA TOWN,564,TOWNSHIP,THIKA TECHNICAL INSTITUTE
22,KIAMBU,114,THIKA TOWN,564,TOWNSHIP,NEW GARISSA ROAD. PRIMARY SCHOOL
22,KIAMBU,114,THIKA TOWN,564,TOWNSHIP,THIKA STADIUM
22,KIAMBU,114,THIKA TOWN,564,TOWNSHIP,KISIWA PRIMARY SCHOOL
22,KIAMBU,114,THIKA TOWN,564,TOWNSHIP,EAGAADS SOCIAL HALL
22,KIAMBU,114,THIKA TOWN,564,TOWNSHIP,MARYHILL HIGH SCHOOL
22,KIAMBU,114,THIKA TOWN,564,TOWNSHIP,KARIBARIBI PRIMARY SCHOOL
22,KIAMBU,114,THIKA TOWN,564,TOWNSHIP,NDURURUMO POLICE POST
22,KIAMBU,114,THIKA TOWN,564,TOWNSHIP,ATHENA PRIMARY SCHOOL
22,KIAMBU,114,THIKA TOWN,565,KAMENU,KAMENU PRIMARY SCHOOL
22,KIAMBU,114,THIKA TOWN,565,KAMENU,KENYATTA PRIMARY SCHOOL
22,KIAMBU,114,THIKA TOWN,565,KAMENU,THIKA BARRACKS PRIMARY SCHOOL
22,KIAMBU,114,THIKA TOWN,565,KAMENU,MOUTAIN VIEW PRIMARY SCHOOL
22,KIAMBU,114,THIKA TOWN,565,KAMENU,KIMUCHU PRIMARY SCHOOL
22,KIAMBU,114,THIKA TOWN,566,HOSPITAL,MINISTRY OF WORKS CANTEEN
22,KIAMBU,114,THIKA TOWN,566,HOSPITAL,THIKA PRIMARY SCHOOL
22,KIAMBU,114,THIKA TOWN,566,HOSPITAL,ST. PATRICK PRIMARY SCHOOL
22,KIAMBU,114,THIKA TOWN,566,HOSPITAL,JAMHURI PRIMARY SCHOOL
22,KIAMBU,114,THIKA TOWN,566,HOSPITAL,MUNICIPAL COMMUNITY HALL
22,KIAMBU,114,THIKA TOWN,566,HOSPITAL,THIKA RESCUE CENTRE
22,KIAMBU,114,THIKA TOWN,566,HOSPITAL,S.A JOYTOWN SECONDARY SCH00L
22,KIAMBU,114,THIKA TOWN,567,GATUANYAGA,GATUANYAGA VILLAGE DELMONTE
22,KIAMBU,114,THIKA TOWN,567,GATUANYAGA,KILIMAMBOGO TEACHERS TRAINING COLLEGE
22,KIAMBU,114,THIKA TOWN,567,GATUANYAGA,KOMO PRIMARY SCHOOL
22,KIAMBU,114,THIKA TOWN,567,GATUANYAGA,MAGANA PRIMARY SCHOOL
22,KIAMBU,114,THIKA TOWN,568,NGOLIBA,NGOLIBA PRIMARY SCHOOL
22,KIAMBU,114,THIKA TOWN,568,NGOLIBA,NDULA PRIMARY SCHOOL
22,KIAMBU,114,THIKA TOWN,568,NGOLIBA,KILIMAMBOGO WATER TANK
22,KIAMBU,115,RUIRU,569,GITOTHUA,TATU PRIMARY SCHOOL
22,KIAMBU,115,RUIRU,569,GITOTHUA,BTL AP POST
22,KIAMBU,115,RUIRU,569,GITOTHUA,NGEWE PRIMARY SCHOOL
22,KIAMBU,115,RUIRU,569,GITOTHUA,GITOTHUA PRIMARY SCHOOL
22,KIAMBU,115,RUIRU,569,GITOTHUA,MEMBLEY POLICE POST
22,KIAMBU,115,RUIRU,570,BIASHARA,KIHUNGURO AP POST
22,KIAMBU,115,RUIRU,570,BIASHARA,MATOPENI PRIMARY SCHOOL
22,KIAMBU,115,RUIRU,570,BIASHARA,GITHUNGURI RANCH PRIMARY SCHOOL
22,KIAMBU,115,RUIRU,570,BIASHARA,RUIRU SECONDARY SCHOOL
22,KIAMBU,115,RUIRU,570,BIASHARA,ST. GEORGES PRIMARY SCHOOL
22,KIAMBU,115,RUIRU,570,BIASHARA,RUIRU KENYA RAILWAYS HALL
22,KIAMBU,115,RUIRU,570,BIASHARA,RUIRU CDF HALL
22,KIAMBU,115,RUIRU,571,GATONGORA,GIKUMARI PRIMARY SCHOOL
22,KIAMBU,115,RUIRU,571,GATONGORA,KWIHOTA PRIMARY SCHOOL
22,KIAMBU,115,RUIRU,571,GATONGORA,GATONG ORA PRIMARY SCHOOL
22,KIAMBU,115,RUIRU,571,GATONGORA,KIRATINA PRIMARY SCHOOL
22,KIAMBU,115,RUIRU,571,GATONGORA,ACK CANON HESBORN CHURCH
22,KIAMBU,115,RUIRU,571,GATONGORA,MWALIMU FARM PRIMARY SCHOOL
22,KIAMBU,115,RUIRU,571,GATONGORA,MUTONYA DISPENSARY
22,KIAMBU,115,RUIRU,572,KAHAWA SUKARI,ACK KAHAWA SUKARI
22,KIAMBU,115,RUIRU,573,KAHAWA WENDANI,KAHAWA WENDANI PRIMARY SCHOOL
22,KIAMBU,115,RUIRU,573,KAHAWA WENDANI,KAHAWA SUKARI CHIEFS CAMP
22,KIAMBU,115,RUIRU,574,KIUU,GITHURAI KIMBO PRIMARY SCHOOL
22,KIAMBU,115,RUIRU,574,KIUU,KWANGETHE PRIMARY SCHOOL
22,KIAMBU,115,RUIRU,574,KIUU,GITHURAI MIXED SECONDARY SCHOOL
22,KIAMBU,115,RUIRU,574,KIUU,MANGUO PRIMARY SCHOOL
22,KIAMBU,115,RUIRU,575,MWIKI,MWIKI ASSISTANT CHIEF CAMP
22,KIAMBU,115,RUIRU,575,MWIKI,ST. AUGUSTINE CATHOLIC CHURCH
22,KIAMBU,115,RUIRU,575,MWIKI,MWIKI PRIMARY SCHOOL
22,KIAMBU,115,RUIRU,576,MWIHOKO,MUTUYA PRIMARY SCHOOL
22,KIAMBU,115,RUIRU,576,MWIHOKO,MWIHOKO SECONDARY SCHOOL
22,KIAMBU,116,GITHUNGURI,577,GITHUNGURI,GITHUNGURI TOWNSHIP PRIMARY SCHOOL
22,KIAMBU,116,GITHUNGURI,577,GITHUNGURI,KAHUNIRA PRIMARY SCHOOL
22,KIAMBU,116,GITHUNGURI,577,GITHUNGURI,RIAMUTE PRIMARY SCHOOL
22,KIAMBU,116,GITHUNGURI,577,GITHUNGURI,KIAIRIA PRIMARY SCHOOL
22,KIAMBU,116,GITHUNGURI,577,GITHUNGURI,A.K.MAGUGU PRIMARY SCHOOL
22,KIAMBU,116,GITHUNGURI,577,GITHUNGURI,CIIKO PRIMARY SCHOOL
22,KIAMBU,116,GITHUNGURI,577,GITHUNGURI,NGOCHI NURSERY SCHOOL
22,KIAMBU,116,GITHUNGURI,577,GITHUNGURI,GITWE GIRLS SECONDARY SCHOOL
22,KIAMBU,116,GITHUNGURI,577,GITHUNGURI,KINDIGA PRIMARY SCHOOL
22,KIAMBU,116,GITHUNGURI,577,GITHUNGURI,ST. JOSEPHS HIGH SCHOOL GITHUNGURI
22,KIAMBU,116,GITHUNGURI,578,GITHIGA,GATHANGARI PRIMARY SCHOOL
22,KIAMBU,116,GITHUNGURI,578,GITHIGA,KANYORE PRIMARY SCHOOL
22,KIAMBU,116,GITHUNGURI,578,GITHIGA,MATHANJA PRIMARY SCHOOL
22,KIAMBU,116,GITHUNGURI,578,GITHIGA,GITHIGA PRIMARY SCHOOL
22,KIAMBU,116,GITHUNGURI,578,GITHIGA,MATUGUTA PRIMARY SCHOOL
22,KIAMBU,116,GITHUNGURI,578,GITHIGA,NJENGA PRIMARY SCHOOL
22,KIAMBU,116,GITHUNGURI,578,GITHIGA,GITIHA YOUTH POLYTECHNIC WORKSHOP
22,KIAMBU,116,GITHUNGURI,578,GITHIGA,GITHIGA HIGH SCHOOL
22,KIAMBU,116,GITHUNGURI,578,GITHIGA,GATHAITHI SECONDARY SCHOOL
22,KIAMBU,116,GITHUNGURI,579,IKINU,KAMONDO PRIMARY SCHOOL
22,KIAMBU,116,GITHUNGURI,579,IKINU,IKINU PRIMARY SCHOOL
22,KIAMBU,116,GITHUNGURI,579,IKINU,NGEMWA PRIMARY SCHOOL
22,KIAMBU,116,GITHUNGURI,579,IKINU,KIAIBABU PRIMARY SCHOOL
22,KIAMBU,116,GITHUNGURI,579,IKINU,KARIA PRIMARY SCHOOL
22,KIAMBU,116,GITHUNGURI,579,IKINU,RIOKI POLYTECHNIC
22,KIAMBU,116,GITHUNGURI,579,IKINU,WILLIAM NG IRU SECONDARY SCHOOL
22,KIAMBU,116,GITHUNGURI,580,NGEWA,GIATHIEKO PRIMARY SCHOOL
22,KIAMBU,116,GITHUNGURI,580,NGEWA,MITAHATO PRIMARY SCHOOL
22,KIAMBU,116,GITHUNGURI,580,NGEWA,MUKUBU PRIMARY SCHOOL
22,KIAMBU,116,GITHUNGURI,580,NGEWA,GIAGITHU COFFEE FACTORY
22,KIAMBU,116,GITHUNGURI,580,NGEWA,NGEWA PRIMARY SCHOOL
22,KIAMBU,116,GITHUNGURI,580,NGEWA,MIGUTA PRIMARY SCHOOL
22,KIAMBU,116,GITHUNGURI,580,NGEWA,KIAMBURURU PRIMARY SCHOOL
22,KIAMBU,116,GITHUNGURI,580,NGEWA,NJUNU PRIMARY SCHOOL
22,KIAMBU,116,GITHUNGURI,581,KOMOTHAI,GITOMBO PRIMARY SCHOOL
22,KIAMBU,116,GITHUNGURI,581,KOMOTHAI,KIAWAIRIA PRIMARY SCHOOL
22,KIAMBU,116,GITHUNGURI,581,KOMOTHAI,GATHIRUINI PRIMARY SCHOOL
22,KIAMBU,116,GITHUNGURI,581,KOMOTHAI,KOMOTHAI PRIMARY SCHOOL
22,KIAMBU,116,GITHUNGURI,581,KOMOTHAI,KIAWAIGURU PRIMARY SCHOOL
22,KIAMBU,116,GITHUNGURI,581,KOMOTHAI,THUITA SOCIAL HALL
22,KIAMBU,116,GITHUNGURI,581,KOMOTHAI,KOROKORO NURSERY SCHOOL
22,KIAMBU,116,GITHUNGURI,581,KOMOTHAI,KIBICHOI PRIMARY SCHOOL
22,KIAMBU,116,GITHUNGURI,581,KOMOTHAI,KIHURIRIO PRIMARY SCHOOL
22,KIAMBU,116,GITHUNGURI,581,KOMOTHAI,NGINDURI PRIMARY SCHOOL
22,KIAMBU,116,GITHUNGURI,581,KOMOTHAI,KOMOTHAI GIRLS SECONDARY SCHOOL
22,KIAMBU,116,GITHUNGURI,581,KOMOTHAI,KIEREINI SECONDARY SCHOOL
22,KIAMBU,116,GITHUNGURI,581,KOMOTHAI,BARIKONGO COFFEE FACTORY
22,KIAMBU,117,KIAMBU,582,TING'ANG'A,TINGANGA PRI SCH
22,KIAMBU,117,KIAMBU,582,TING'ANG'A,BENSON NJAU PRI SCH
22,KIAMBU,117,KIAMBU,582,TING'ANG'A,TINGANGA MODEL PRI SCH
22,KIAMBU,117,KIAMBU,582,TING'ANG'A,KONGO PRI SCH
22,KIAMBU,117,KIAMBU,582,TING'ANG'A,ST.ANNES LIOKI
22,KIAMBU,117,KIAMBU,582,TING'ANG'A,KIU RIVER PRI SCH
22,KIAMBU,117,KIAMBU,582,TING'ANG'A,MACHIRI PRI SCH
22,KIAMBU,117,KIAMBU,582,TING'ANG'A,ANMER HEALTH CENTER
22,KIAMBU,117,KIAMBU,582,TING'ANG'A,NGAITA COFFEE FACTORY
22,KIAMBU,117,KIAMBU,583,NDUMBERI,NDUMBERI PRI SCH
22,KIAMBU,117,KIAMBU,583,NDUMBERI,NDUMBERI POLYTECHNIC
22,KIAMBU,117,KIAMBU,583,NDUMBERI,KARUNGA PRI SCH
22,KIAMBU,117,KIAMBU,583,NDUMBERI,KANGOYA PRI SCH
22,KIAMBU,117,KIAMBU,583,NDUMBERI,KANUNGA HIGH SCH
22,KIAMBU,117,KIAMBU,583,NDUMBERI,MUNGAI CHENGECHA PRI SCH
22,KIAMBU,117,KIAMBU,583,NDUMBERI,NGEGU PRI SCH
22,KIAMBU,117,KIAMBU,583,NDUMBERI,LORETO PRI SCH
22,KIAMBU,117,KIAMBU,583,NDUMBERI,NJUNU COFFEE FACTORY
22,KIAMBU,117,KIAMBU,584,RIABAI,RIABAI PRI SCH
22,KIAMBU,117,KIAMBU,584,RIABAI,CHIEF WANDIE PRI SCH
22,KIAMBU,117,KIAMBU,584,RIABAI,GICHOCHO PRI SCH
22,KIAMBU,117,KIAMBU,584,RIABAI,RIABAI COFFEE FACTORY
22,KIAMBU,117,KIAMBU,584,RIABAI,ACK KIHINGO NURS SCH
22,KIAMBU,117,KIAMBU,584,RIABAI,KIRIGITI EDUC CENTER
22,KIAMBU,117,KIAMBU,584,RIABAI,GITAMAIYU NURS SCH
22,KIAMBU,117,KIAMBU,585,TOWNSHIP,KASARINI PRI SCH
22,KIAMBU,117,KIAMBU,585,TOWNSHIP,THINDIGUA PRI SCH
22,KIAMBU,117,KIAMBU,585,TOWNSHIP,KIAMBU INST & TECH
22,KIAMBU,117,KIAMBU,585,TOWNSHIP,KIAMUMBI PRI SCH
22,KIAMBU,117,KIAMBU,585,TOWNSHIP,KIAMBU HIGH SCH
22,KIAMBU,117,KIAMBU,585,TOWNSHIP,KIAMBU MUN HALL
22,KIAMBU,117,KIAMBU,585,TOWNSHIP,KIAMBU PRI SCH
22,KIAMBU,117,KIAMBU,585,TOWNSHIP,KIAMBU MUN OFFICE
22,KIAMBU,117,KIAMBU,585,TOWNSHIP,KIAMBU C.C WORKSHOP
22,KIAMBU,117,KIAMBU,585,TOWNSHIP,MADARAKA GARDENS
22,KIAMBU,117,KIAMBU,585,TOWNSHIP,KIAMBU TOWNSHIP SEC.SCHOOL
22,KIAMBU,117,KIAMBU,585,TOWNSHIP,ST MARY ACK THINDIGUA PRI SCH
22,KIAMBU,118,KIAMBAA,586,CIANDA,NJENGA KARUME PRI SCH
22,KIAMBU,118,KIAMBAA,586,CIANDA,NGORONGO TEA FACTORY
22,KIAMBU,118,KIAMBAA,586,CIANDA,KAWAIDA PRI SCH
22,KIAMBU,118,KIAMBAA,586,CIANDA,KIBUBUTI PRI SCH
22,KIAMBU,118,KIAMBAA,586,CIANDA,KINGOTHUA PRI SCH
22,KIAMBU,118,KIAMBAA,586,CIANDA,GATONO NURS SCH
22,KIAMBU,118,KIAMBAA,586,CIANDA,KAWAIDA NURS SCH
22,KIAMBU,118,KIAMBAA,587,KARURI,KIAMBAA PRI SCH
22,KIAMBU,118,KIAMBAA,587,KARURI,KIAMBAA CHIEFS CAMP
22,KIAMBU,118,KIAMBAA,587,KARURI,KARURI HIGH SCHOOL
22,KIAMBU,118,KIAMBAA,587,KARURI,MUTHURWA PRI SCH
22,KIAMBU,118,KIAMBAA,587,KARURI,KIBATHI PRI SCH
22,KIAMBU,118,KIAMBAA,587,KARURI,THIMBIGUA PRI SCH
22,KIAMBU,118,KIAMBAA,587,KARURI,KARURI PRI SCH
22,KIAMBU,118,KIAMBAA,587,KARURI,KIMUGA ASSISTANT CHIEF OFFICE
22,KIAMBU,118,KIAMBAA,588,NDENDERU,GACHARAGE PRI SCH
22,KIAMBU,118,KIAMBAA,588,NDENDERU,RUAKA POLICE STATION
22,KIAMBU,118,KIAMBAA,588,NDENDERU,MUYA PRI SCH
22,KIAMBU,118,KIAMBAA,588,NDENDERU,NDENDERU PRI SCH
22,KIAMBU,118,KIAMBAA,588,NDENDERU,KARURA PRI SCH
22,KIAMBU,118,KIAMBAA,588,NDENDERU,WANGUNYU PRI SCH
22,KIAMBU,118,KIAMBAA,588,NDENDERU,KIHARA SEC SCH
22,KIAMBU,118,KIAMBAA,589,MUCHATHA,WAGUTHU PRI SCH
22,KIAMBU,118,KIAMBAA,589,MUCHATHA,MAYUYU PRI SCH
22,KIAMBU,118,KIAMBAA,589,MUCHATHA,MUCHATHA PRI SCH
22,KIAMBU,118,KIAMBAA,589,MUCHATHA,MUONGOIYA PRI SCH
22,KIAMBU,118,KIAMBAA,589,MUCHATHA,ACK NJORO NURS SCH
22,KIAMBU,118,KIAMBAA,589,MUCHATHA,GIICHI ASS CHIEFS OFFICE
22,KIAMBU,118,KIAMBAA,589,MUCHATHA,MUCHATHA NURS SCH
22,KIAMBU,118,KIAMBAA,590,KIHARA,GACHIE PRI SCH
22,KIAMBU,118,KIAMBAA,590,KIHARA,KAMUIRU PRI SCH
22,KIAMBU,118,KIAMBAA,590,KIHARA,LOWER KIHARA PRI SCH
22,KIAMBU,118,KIAMBAA,590,KIHARA,ST JAMES ACK RIVERROAD
22,KIAMBU,118,KIAMBAA,590,KIHARA,GACHIE OPEN AIR MKT
22,KIAMBU,119,KABETE,591,GITARU,RUNGIRI SEC.SCH
22,KIAMBU,119,KABETE,591,GITARU,NGURE PRI.SCH
22,KIAMBU,119,KABETE,591,GITARU,KANYARIRI PRI.SCH
22,KIAMBU,119,KABETE,591,GITARU,KANYARIRI SEC.SCH
22,KIAMBU,119,KABETE,591,GITARU,RUKUBI PRI.SCH
22,KIAMBU,119,KABETE,591,GITARU,CHURA PRI.SCH
22,KIAMBU,119,KABETE,591,GITARU,NDURARUA PRI.SCH
22,KIAMBU,119,KABETE,592,MUGUGA,WANGIGE PR SCH
22,KIAMBU,119,KABETE,592,MUGUGA,ST. KEVIN'S SEC SCH
22,KIAMBU,119,KABETE,592,MUGUGA,KAMONJONI PRI.SCH
22,KIAMBU,119,KABETE,592,MUGUGA,KANJERU PRI.SCH
22,KIAMBU,119,KABETE,592,MUGUGA,KAHUHO UHURU HIGH SCHOOL
22,KIAMBU,119,KABETE,592,MUGUGA,MUGUGA PRI.SCH
22,KIAMBU,119,KABETE,592,MUGUGA,MUGUGA YOUTH POLYTECHNIC
22,KIAMBU,119,KABETE,593,NYADHUNA,NYATHUNA PR.SCH
22,KIAMBU,119,KABETE,593,NYADHUNA,ST. ANDREW'S ACK CHURCH KAMORIANI
22,KIAMBU,119,KABETE,593,NYADHUNA,ST. MARY'S KAIMBA PRIMARY SCHOOL
22,KIAMBU,119,KABETE,593,NYADHUNA,KIRANGARI PRI.SCH
22,KIAMBU,119,KABETE,593,NYADHUNA,KIRANGARI HIGH SCH
22,KIAMBU,119,KABETE,593,NYADHUNA,KARURA KANYUNGU PRIMARY SCHOOL
22,KIAMBU,119,KABETE,593,NYADHUNA,KIBIKU PR.SCH
22,KIAMBU,119,KABETE,593,NYADHUNA,MAHIA-INI PR.SCH
22,KIAMBU,119,KABETE,593,NYADHUNA,GATHIGA PR.SCH
22,KIAMBU,119,KABETE,594,KABETE,MWIMUTO NUR. SCH
22,KIAMBU,119,KABETE,594,KABETE,KIBICHIKU SEC. SCH
22,KIAMBU,119,KABETE,594,KABETE,WANGIGE SUB-COUNTY HOSPITAL
22,KIAMBU,119,KABETE,594,KABETE,WANGIGE MARKET
22,KIAMBU,119,KABETE,594,KABETE,NDONGORO PR SCH
22,KIAMBU,119,KABETE,594,KABETE,KIN'GEERO PRI.SCH
22,KIAMBU,119,KABETE,594,KABETE,KABETE HIGH SCH
22,KIAMBU,119,KABETE,595,UTHIRU,UTHIRU YOUTH POLYTECHNIC
22,KIAMBU,119,KABETE,595,UTHIRU,UTHIRU PR.SCH
22,KIAMBU,119,KABETE,595,UTHIRU,UTHIRU GIRLS HIGH SCH.
22,KIAMBU,120,KIKUYU,596,KARAI,WAMBAA PRI. SCH
22,KIAMBU,120,KIKUYU,596,KARAI,RIU-NDERI NURSERY SCH
22,KIAMBU,120,KIKUYU,596,KARAI,GICHURU MEMORIAL HIGH SCH
22,KIAMBU,120,KIKUYU,596,KARAI,GIKAMBURA PR. SCH
22,KIAMBU,120,KIKUYU,596,KARAI,GICHARANI PR. SCH
22,KIAMBU,120,KIKUYU,596,KARAI,MAI-A-IHII HIGH SCH
22,KIAMBU,120,KIKUYU,596,KARAI,GITIBA PR. SCH
22,KIAMBU,120,KIKUYU,597,NACHU,KANDENG'WA PRI.SCH
22,KIAMBU,120,KIKUYU,597,NACHU,VETERINARY SOCIAL HALL
22,KIAMBU,120,KIKUYU,597,NACHU,RENGUTI HIGH SCH
22,KIAMBU,120,KIKUYU,597,NACHU,KAMANGU PR SCH
22,KIAMBU,120,KIKUYU,597,NACHU,GATUNE PRI.SCH
22,KIAMBU,120,KIKUYU,597,NACHU,NACHU PRI.SCH
22,KIAMBU,120,KIKUYU,597,NACHU,KANYIHA PR. SCH
22,KIAMBU,120,KIKUYU,597,NACHU,LUSIGETTI PR.SCH
22,KIAMBU,120,KIKUYU,597,NACHU,NJUMBI PR.SCH
22,KIAMBU,120,KIKUYU,598,SIGONA,GICHURU'S DISPENSARY
22,KIAMBU,120,KIKUYU,598,SIGONA,NDERI PRI SCH
22,KIAMBU,120,KIKUYU,598,SIGONA,NDERI SEC SCH
22,KIAMBU,120,KIKUYU,598,SIGONA,NGURIUNDITU PRI SCH
22,KIAMBU,120,KIKUYU,598,SIGONA,KANYANJARA PRI.SCH
22,KIAMBU,120,KIKUYU,598,SIGONA,NDUMA PRI.SCH
22,KIAMBU,120,KIKUYU,598,SIGONA,KERWA PRI.SCH
22,KIAMBU,120,KIKUYU,598,SIGONA,THAMANDA NUR.SCH
22,KIAMBU,120,KIKUYU,599,KIKUYU,DAGORETTI NURSERY
22,KIAMBU,120,KIKUYU,599,KIKUYU,BARANIKI NURSARY SCH
22,KIAMBU,120,KIKUYU,599,KIKUYU,PCEA THOGOTO MODEL PRIMARY SCH
22,KIAMBU,120,KIKUYU,599,KIKUYU,THIRIME PR. SCH
22,KIAMBU,120,KIKUYU,599,KIKUYU,THOGOTO YOUTH POLYTECHNIC
22,KIAMBU,120,KIKUYU,599,KIKUYU,THOGOTO PR. SCH
22,KIAMBU,120,KIKUYU,599,KIKUYU,MUSA GITAU PR.SCH
22,KIAMBU,120,KIKUYU,599,KIKUYU,UNDIRI ADULT EDUCATION CENTRE
22,KIAMBU,120,KIKUYU,599,KIKUYU,KIDFARMACO PR. SCH
22,KIAMBU,120,KIKUYU,599,KIKUYU,KIKUYU TOWNSHIP PRI. SCH.
22,KIAMBU,120,KIKUYU,600,KINOO,HGM KINOO PRI SCH
22,KIAMBU,120,KIKUYU,600,KINOO,KINOO VOCATIONAL TRAINING CENTRE
22,KIAMBU,120,KIKUYU,600,KINOO,GICHECHENI PCEA HALL
22,KIAMBU,120,KIKUYU,600,KINOO,P.C.E.A. MAMA NGINA KENYATTA PRI.SCH
22,KIAMBU,121,LIMURU,601,BIBIRIONI,ST. JOHN BOSCO PRIMARY SCHOOL
22,KIAMBU,121,LIMURU,601,BIBIRIONI,MURENGETI PRIMARY SCHOOL
22,KIAMBU,121,LIMURU,601,BIBIRIONI,NGARARIGA PRIMARY SCHOOL
22,KIAMBU,121,LIMURU,601,BIBIRIONI,KINYOGORI HIGH SCHOOL
22,KIAMBU,121,LIMURU,601,BIBIRIONI,BIBIRIONI PRIMARY SCHOOL
22,KIAMBU,121,LIMURU,601,BIBIRIONI,GITOGOTHI P.C.E.A NURSERY SCHOOL
22,KIAMBU,121,LIMURU,601,BIBIRIONI,KINYOGORI PRIMARY SCHOOL
22,KIAMBU,121,LIMURU,602,LIMURU CENTRAL,KAMIRITHU POLYTECHNIC
22,KIAMBU,121,LIMURU,602,LIMURU CENTRAL,KAMIRITHU PRIMARY SCHOOL
22,KIAMBU,121,LIMURU,602,LIMURU CENTRAL,THARUNI PRIMARY SCHOOL
22,KIAMBU,121,LIMURU,602,LIMURU CENTRAL,KAMANDURA PRIMARY SCHOOL
22,KIAMBU,121,LIMURU,602,LIMURU CENTRAL,LIMURU PRIMARY SCHOOL
22,KIAMBU,121,LIMURU,602,LIMURU CENTRAL,LIMURU MODEL PRIMARY SCHOOL
22,KIAMBU,121,LIMURU,602,LIMURU CENTRAL,RIRONI PRIMARY SCHOOL
22,KIAMBU,121,LIMURU,602,LIMURU CENTRAL,GATIMU NURSERY SCHOOL
22,KIAMBU,121,LIMURU,602,LIMURU CENTRAL,MITHIGA NURSERY SCHOOL
22,KIAMBU,121,LIMURU,602,LIMURU CENTRAL,NYORO PRIMARY SCHOOL
22,KIAMBU,121,LIMURU,602,LIMURU CENTRAL,NYATARAGI PRIMARY SCHOOL
22,KIAMBU,121,LIMURU,603,NDEIYA,GITHUNGUCU PRIMARY SCHOOL
22,KIAMBU,121,LIMURU,603,NDEIYA,TIEKUNU PRIMARY SCHOOL
22,KIAMBU,121,LIMURU,603,NDEIYA,RWAMBURI KIUGU PRIMARY SCHOOL
22,KIAMBU,121,LIMURU,603,NDEIYA,NDERU PRIMARY SCHOOL
22,KIAMBU,121,LIMURU,603,NDEIYA,KIAWANDA PRIMARY SCHOOL
22,KIAMBU,121,LIMURU,603,NDEIYA,THIGIO PRIMARY SCHOOL
22,KIAMBU,121,LIMURU,603,NDEIYA,GITUTHA PRIMARY SCHOOL
22,KIAMBU,121,LIMURU,603,NDEIYA,GATUURA PRIMARY SCHOOL
22,KIAMBU,121,LIMURU,603,NDEIYA,KIRIRI PRIMARY SCHOOL
22,KIAMBU,121,LIMURU,603,NDEIYA,MIRITHU PRIMARY SCHOOL
22,KIAMBU,121,LIMURU,603,NDEIYA,RWACUMARI PRIMARY SCHOOL
22,KIAMBU,121,LIMURU,604,LIMURU EAST,KIAWAROGA PRIMARY SCHOOL
22,KIAMBU,121,LIMURU,604,LIMURU EAST,KARIRANA TEA FACTORY SOCIAL HALL
22,KIAMBU,121,LIMURU,604,LIMURU EAST,MUTOSI NURSERY SCHOOL
22,KIAMBU,121,LIMURU,604,LIMURU EAST,A.C.K. RIARA RIDGE NURSERY SCHOOL
22,KIAMBU,121,LIMURU,604,LIMURU EAST,RWAKA PRIMARY SCHOOL
22,KIAMBU,121,LIMURU,604,LIMURU EAST,KIRATHIMO SOCIAL HALL
22,KIAMBU,121,LIMURU,604,LIMURU EAST,LIMURU GIRLS SCHOOL
22,KIAMBU,121,LIMURU,604,LIMURU EAST,ITUNGI NURSERY SCHOOL
22,KIAMBU,121,LIMURU,604,LIMURU EAST,ST MONICAH CATHOLIC CHURCH
22,KIAMBU,121,LIMURU,605,NGECHA TIGONI,MAARA PRIMARY SCHOOL
22,KIAMBU,121,LIMURU,605,NGECHA TIGONI,KABUKU PRIMARY SCHOOL
22,KIAMBU,121,LIMURU,605,NGECHA TIGONI,ST.PAUL'S PRIMARY SCHOOL
22,KIAMBU,121,LIMURU,605,NGECHA TIGONI,NYANJEGA PRIMARY SCHOOL
22,KIAMBU,121,LIMURU,605,NGECHA TIGONI,GICHURU HIGH SCHOOL
22,KIAMBU,121,LIMURU,605,NGECHA TIGONI,TIGONI PRIMARY SCHOOL
22,KIAMBU,121,LIMURU,605,NGECHA TIGONI,ACK KANTARIA SOCIAL HALL
22,KIAMBU,121,LIMURU,605,NGECHA TIGONI,MANJIRI CATHOLIC CHURCH
22,KIAMBU,122,LARI,606,KINALE,SULMAC PRIMARY SCHOOL
22,KIAMBU,122,LARI,606,KINALE,KAMAE PRIMARY SCHOOL
22,KIAMBU,122,LARI,606,KINALE,RAGIA FOREST PRIMARY SCHOOL
22,KIAMBU,122,LARI,606,KINALE,MUGIKO PRIMARY SCHOOL
22,KIAMBU,122,LARI,606,KINALE,MUTHAI-INI PRIMARY SCHOOL
22,KIAMBU,122,LARI,606,KINALE,KINALE PRIMARY SCHOOL
22,KIAMBU,122,LARI,606,KINALE,UTUGI PRIMARY SCHOOL
22,KIAMBU,122,LARI,606,KINALE,CROSSROADS PRIMARY SCHOOL
22,KIAMBU,122,LARI,606,KINALE,MIRANGI PRIMARY SCHOOL
22,KIAMBU,122,LARI,606,KINALE,KIRASHA PRIMARY SCHOOL
22,KIAMBU,122,LARI,606,KINALE,SOKO MJINGA AP POST
22,KIAMBU,122,LARI,607,KIJABE,KIJABE PRIMARY SCHOOL
22,KIAMBU,122,LARI,607,KIJABE,KING'ATUA PRIMARY SCHOOL
22,KIAMBU,122,LARI,607,KIJABE,MAGINA PRIMARY SCHOOL
22,KIAMBU,122,LARI,607,KIJABE,KAGO PRIMARY SCHOOL
22,KIAMBU,122,LARI,607,KIJABE,KIMENDE PRIMARY SCHOOL
22,KIAMBU,122,LARI,607,KIJABE,KIRIITA PYRETHRUM BOARD HALL
22,KIAMBU,122,LARI,607,KIJABE,MATATHIA PRIMARY SCHOOL
22,KIAMBU,122,LARI,607,KIJABE,MBAU-INI PRIMARY SCHOOL
22,KIAMBU,122,LARI,607,KIJABE,KAMBAA PRIMARY SCHOOL
22,KIAMBU,122,LARI,607,KIJABE,GITHOGOIYO PRIMARY SCHOOL
22,KIAMBU,122,LARI,607,KIJABE,MUKEU PRIMARY SCHOOL
22,KIAMBU,122,LARI,607,KIJABE,BATHI PRIMARY SCHOOL
22,KIAMBU,122,LARI,607,KIJABE,MUNYAKA PRIMARY SCHOOL
22,KIAMBU,122,LARI,607,KIJABE,TAKINYA COMMUNITY NURSERY SCHOOL
22,KIAMBU,122,LARI,608,NYANDUMA,GAKENGE PRIMARY SCHOOL
22,KIAMBU,122,LARI,608,NYANDUMA,NYANDUMA PRIMARY SCHOOL
22,KIAMBU,122,LARI,608,NYANDUMA,GACHOIRE GIRLS' HIGH SCHOOL
22,KIAMBU,122,LARI,608,NYANDUMA,KAGUONGOPRIMARY SCHOOL
22,KIAMBU,122,LARI,608,NYANDUMA,GATAMAIYU PRIMARY SCHOOL
22,KIAMBU,122,LARI,608,NYANDUMA,KAGWE PRIMARY SCHOOL
22,KIAMBU,122,LARI,608,NYANDUMA,KAMAHINDU PRIMARY SCHOOL
22,KIAMBU,122,LARI,608,NYANDUMA,GATAMAIYU HIGH SCHOOL
22,KIAMBU,122,LARI,608,NYANDUMA,KARENGE PRIMARY SCHOOL
22,KIAMBU,122,LARI,608,NYANDUMA,KAGWE TOWNSHIP PRIMARY SCHOOL
22,KIAMBU,122,LARI,608,NYANDUMA,ST TERESA MODEL PRIMARY SCHOOL
22,KIAMBU,122,LARI,608,NYANDUMA,CHIBONI TEA BUYING CENTER
22,KIAMBU,122,LARI,608,NYANDUMA,MUHORO PRIMARY SCHOOL
22,KIAMBU,122,LARI,609,KAMBURU,MUTHANDE PRIMARY SCHOOL
22,KIAMBU,122,LARI,609,KAMBURU,WANGWARE PRIMARY SCHOOL
22,KIAMBU,122,LARI,609,KAMBURU,MATIMBEI PRIMARY SCHOOL
22,KIAMBU,122,LARI,609,KAMBURU,KAMBURU HIGH SCHOOL
22,KIAMBU,122,LARI,609,KAMBURU,NYAMUTHANGA PRIMARY SCHOOL
22,KIAMBU,122,LARI,609,KAMBURU,GATHIMA PRIMARY SCHOOL
22,KIAMBU,122,LARI,609,KAMBURU,KIBATHITHI PRIMARY SCHOOL
22,KIAMBU,122,LARI,609,KAMBURU,IRIA-INI NURSERY
22,KIAMBU,122,LARI,610,LARI/KIRENGA,KIRENGA PRIMARY SCHOOL
22,KIAMBU,122,LARI,610,LARI/KIRENGA,ESCARPMENT PRIMARY SCHOOL
22,KIAMBU,122,LARI,610,LARI/KIRENGA,KABUNGE PRIMARY SCHOOL
22,KIAMBU,122,LARI,610,LARI/KIRENGA,GITUAMBA PRIMARY SCHOOL
22,KIAMBU,122,LARI,610,LARI/KIRENGA,LARI CO-OPERATIVE SOCIETY OFFICE
22,KIAMBU,122,LARI,610,LARI/KIRENGA,GATHAITI PRIMARY SCHOOL
22,KIAMBU,122,LARI,610,LARI/KIRENGA,GITITHIA PRIMARY SCHOOL
22,KIAMBU,122,LARI,610,LARI/KIRENGA,KIBAGARE PRIMARY SCHOOL
22,KIAMBU,122,LARI,610,LARI/KIRENGA,LARE PRIMARY SCHOOL
22,KIAMBU,122,LARI,610,LARI/KIRENGA,NYAMWERU PRIMARY SCHOOL
22,KIAMBU,122,LARI,610,LARI/KIRENGA,KWAREGI PRIMARY SCHOOL
22,KIAMBU,122,LARI,610,LARI/KIRENGA,JUVENALIS GITAU PRIMARY SCHOOL
22,KIAMBU,122,LARI,610,LARI/KIRENGA,KIRENGA GIRLS SECONDARY SCHOOL
22,KIAMBU,122,LARI,610,LARI/KIRENGA,KANYEKI-INI PRIMARY SCHOOL
23,TURKANA,123,TURKANA NORTH,611,KAERIS,NAKITOEKAKUMUON PRIMARY SCHOOL
23,TURKANA,123,TURKANA NORTH,611,KAERIS,KAERIS PRIMARY SCHOOL
23,TURKANA,123,TURKANA NORTH,611,KAERIS,NADUNGA PRIMARY SCHOOL
23,TURKANA,123,TURKANA NORTH,611,KAERIS,KANGAKIPUR PRIMARY SCHOOL
23,TURKANA,123,TURKANA NORTH,611,KAERIS,KANUKURUDIO PRIMARY SCHOOL
23,TURKANA,123,TURKANA NORTH,611,KAERIS,KAITUKO PRIMARY SCHOOL
23,TURKANA,123,TURKANA NORTH,611,KAERIS,MILIMATATU PRIMARY SCHOOL
23,TURKANA,123,TURKANA NORTH,611,KAERIS,KALOPETA WATER POINT
23,TURKANA,123,TURKANA NORTH,611,KAERIS,NAURIENDIRIA PRIMARY SCHOOL
23,TURKANA,123,TURKANA NORTH,611,KAERIS,KANGAMOJOJ PRIMARY SCHOOL
23,TURKANA,123,TURKANA NORTH,611,KAERIS,NAKALILIOT ECDE
23,TURKANA,123,TURKANA NORTH,611,KAERIS,LOKWAKEL ECDE
23,TURKANA,123,TURKANA NORTH,611,KAERIS,MATANKORIO WATERPOINT
23,TURKANA,123,TURKANA NORTH,611,KAERIS,KALODOKUME WATER POINT
23,TURKANA,123,TURKANA NORTH,611,KAERIS,LORENGO WATER POINT
23,TURKANA,123,TURKANA NORTH,612,LAKE ZONE,TODONYANG PRIMARY SCHOOL
23,TURKANA,123,TURKANA NORTH,612,LAKE ZONE,NACHUKUI PRIMARY SCHOOL
23,TURKANA,123,TURKANA NORTH,612,LAKE ZONE,LOWARENGAK PRIMARY SCHOOL
23,TURKANA,123,TURKANA NORTH,612,LAKE ZONE,NARENGEWOI PRIMARY SCHOOL
23,TURKANA,123,TURKANA NORTH,612,LAKE ZONE,NARIOKOTOME PRIMARY SCHOOL
23,TURKANA,123,TURKANA NORTH,612,LAKE ZONE,KATABOI PRIMARY SCHOOL
23,TURKANA,123,TURKANA NORTH,612,LAKE ZONE,NASECHABUIN PRIMARY SCHOOL
23,TURKANA,123,TURKANA NORTH,612,LAKE ZONE,LOMEKWI PRIMARY SCHOOL
23,TURKANA,123,TURKANA NORTH,612,LAKE ZONE,KATIKO PRIMARY SCHOOL
23,TURKANA,123,TURKANA NORTH,612,LAKE ZONE,RIOKOMOR PRIMARY SCHOOL
23,TURKANA,123,TURKANA NORTH,612,LAKE ZONE,KOKISELEI PRIMARY SCHOOL
23,TURKANA,123,TURKANA NORTH,612,LAKE ZONE,NAMOROTOT PRIMARY SCHOOL
23,TURKANA,123,TURKANA NORTH,612,LAKE ZONE,EPUR PRIMARY SCHOOL
23,TURKANA,123,TURKANA NORTH,612,LAKE ZONE,ATAPAR PRIMARY SCHOOL
23,TURKANA,123,TURKANA NORTH,612,LAKE ZONE,LAPUR BOYS SECONDARY SCHOOL
23,TURKANA,123,TURKANA NORTH,612,LAKE ZONE,ST. BAKHITA PRIMARY SCHOOL
23,TURKANA,123,TURKANA NORTH,612,LAKE ZONE,LOKITOEANGABERU PRIMARY SCHOOL
23,TURKANA,123,TURKANA NORTH,612,LAKE ZONE,PRINGAN PRIMARY SCHOOL
23,TURKANA,123,TURKANA NORTH,612,LAKE ZONE,KOBOSAN WATER POINT
23,TURKANA,123,TURKANA NORTH,612,LAKE ZONE,KANGAKI PRIMARY SCHOOL
23,TURKANA,123,TURKANA NORTH,612,LAKE ZONE,KALOSIEP WATER POINT
23,TURKANA,123,TURKANA NORTH,612,LAKE ZONE,LOKALOBOCHIO WATER POINT
23,TURKANA,123,TURKANA NORTH,612,LAKE ZONE,KAPEDOR WATER POINT
23,TURKANA,123,TURKANA NORTH,612,LAKE ZONE,NATOO WATER POINT
23,TURKANA,123,TURKANA NORTH,612,LAKE ZONE,LOALANY MOBILE
23,TURKANA,123,TURKANA NORTH,612,LAKE ZONE,AKATORONGOT PRIMARY SCHOOL
23,TURKANA,123,TURKANA NORTH,612,LAKE ZONE,KANGATUKUSIO PRIMARY SCHOOL
23,TURKANA,123,TURKANA NORTH,612,LAKE ZONE,NAYANAE-KABARAN PRIMARY SCHOOL
23,TURKANA,123,TURKANA NORTH,612,LAKE ZONE,KAEKONGO PRIMARY SCHOOL
23,TURKANA,123,TURKANA NORTH,612,LAKE ZONE,ALAGAMA WATER POINT
23,TURKANA,123,TURKANA NORTH,612,LAKE ZONE,LOSANYANAIT PRIMARY SCHOOL
23,TURKANA,123,TURKANA NORTH,613,LAPUR,LOKITAUNG PRIMARY SCHOOL
23,TURKANA,123,TURKANA NORTH,613,LAPUR,NATUKOBENYO PRIMARY SCHOOL
23,TURKANA,123,TURKANA NORTH,613,LAPUR,NAPETET PRIMARY SCHOOL
23,TURKANA,123,TURKANA NORTH,613,LAPUR,KACHODA PRIMARY SCHOOL
23,TURKANA,123,TURKANA NORTH,613,LAPUR,NATOO PRIMARY SCHOOL
23,TURKANA,123,TURKANA NORTH,613,LAPUR,KAREBUR PRIMARY SCHOOL
23,TURKANA,123,TURKANA NORTH,613,LAPUR,KOKURO PRIMARY SCHOOL
23,TURKANA,123,TURKANA NORTH,613,LAPUR,SASAME PRIMARY SCHOOL
23,TURKANA,123,TURKANA NORTH,613,LAPUR,NABULUKOK PRIMARY SCHOOL
23,TURKANA,123,TURKANA NORTH,613,LAPUR,NAPEIKAR PRIMARY SCHOOL
23,TURKANA,123,TURKANA NORTH,613,LAPUR,LIWAN PRIMARY SCHOOL
23,TURKANA,123,TURKANA NORTH,613,LAPUR,LOMANAKEJU WATER POINT
23,TURKANA,123,TURKANA NORTH,613,LAPUR,KANGIKAALA PRIMARY SCHOOL
23,TURKANA,123,TURKANA NORTH,613,LAPUR,NAGIS PRIMARY SCHOOL
23,TURKANA,123,TURKANA NORTH,613,LAPUR,LOPORUKOU WATER POINT
23,TURKANA,123,TURKANA NORTH,613,LAPUR,KANGARUKIA PRIMARY SCHOOL
23,TURKANA,123,TURKANA NORTH,613,LAPUR,EBUR KACHERIONGOR PRIMARY SCHOOL
23,TURKANA,123,TURKANA NORTH,613,LAPUR,ERUTH KAADO WATER POINT
23,TURKANA,123,TURKANA NORTH,613,LAPUR,MAISA WATER POINT
23,TURKANA,123,TURKANA NORTH,613,LAPUR,KAREENGATUNY WATER POINT
23,TURKANA,123,TURKANA NORTH,613,LAPUR,LOTORONGORUK WATER POINT
23,TURKANA,123,TURKANA NORTH,613,LAPUR,LOCHWA-ARENGAN PRIMARY SCHOOL
23,TURKANA,123,TURKANA NORTH,613,LAPUR,MANALONGORIA NURSERY POINT
23,TURKANA,123,TURKANA NORTH,613,LAPUR,LOCHOR EDOME WATER POINT
23,TURKANA,123,TURKANA NORTH,613,LAPUR,KAATONGUN PRIMARY SCHOOL
23,TURKANA,123,TURKANA NORTH,613,LAPUR,JIRIMAN PRIMARY SCHOOL
23,TURKANA,123,TURKANA NORTH,614,KAALENG/KAIKOR,LORUTH PRIMARY SCHOOL
23,TURKANA,123,TURKANA NORTH,614,KAALENG/KAIKOR,KARACH II MOBILE
23,TURKANA,123,TURKANA NORTH,614,KAALENG/KAIKOR,KOTOME MOBILE
23,TURKANA,123,TURKANA NORTH,614,KAALENG/KAIKOR,KAIKOR PRIMARY SCHOOL
23,TURKANA,123,TURKANA NORTH,614,KAALENG/KAIKOR,LOITANIT CENTRE
23,TURKANA,123,TURKANA NORTH,614,KAALENG/KAIKOR,KARUBANGOROK PRIMARY SCHOOL
23,TURKANA,123,TURKANA NORTH,614,KAALENG/KAIKOR,LOKOLIO WATER POINT
23,TURKANA,123,TURKANA NORTH,614,KAALENG/KAIKOR,NAKINOMET PRIMARY SCHOOL
23,TURKANA,123,TURKANA NORTH,614,KAALENG/KAIKOR,KAALENG PRIMARY SCHOOL
23,TURKANA,123,TURKANA NORTH,614,KAALENG/KAIKOR,KARIWORENG PRIMARY SCHOOL
23,TURKANA,123,TURKANA NORTH,614,KAALENG/KAIKOR,LOKIDONGO NURSERY SCHOOL
23,TURKANA,123,TURKANA NORTH,614,KAALENG/KAIKOR,LOKUMWAE NURSERY SCHOOL
23,TURKANA,123,TURKANA NORTH,614,KAALENG/KAIKOR,KAKELAE PRIMARY SCHOOL
23,TURKANA,123,TURKANA NORTH,614,KAALENG/KAIKOR,KAPELEWOI PRIMARY SCHOOL
23,TURKANA,123,TURKANA NORTH,614,KAALENG/KAIKOR,KAALEM PRIMARY SCHOOL
23,TURKANA,123,TURKANA NORTH,614,KAALENG/KAIKOR,KAIKOR TRADING CENTRE
23,TURKANA,123,TURKANA NORTH,614,KAALENG/KAIKOR,KOPOTIA PRIMARY SCHOOL
23,TURKANA,123,TURKANA NORTH,614,KAALENG/KAIKOR,EKICHELES PRIMARY SCHOOL
23,TURKANA,123,TURKANA NORTH,614,KAALENG/KAIKOR,LORUMOR MOBILE
23,TURKANA,123,TURKANA NORTH,614,KAALENG/KAIKOR,LOKAPELPUS WATER POINT
23,TURKANA,123,TURKANA NORTH,614,KAALENG/KAIKOR,LOKITELA-AKWAN WATER POINT
23,TURKANA,123,TURKANA NORTH,615,KIBISH,KARACH I MOBILE
23,TURKANA,123,TURKANA NORTH,615,KIBISH,LOBULONO WATER POINT
23,TURKANA,123,TURKANA NORTH,615,KIBISH,KIBISH PRIMARY SCHOOL
23,TURKANA,123,TURKANA NORTH,615,KIBISH,KEMOTHIA WATER POINT
23,TURKANA,123,TURKANA NORTH,615,KIBISH,NATAPAR WATER POINT
23,TURKANA,123,TURKANA NORTH,615,KIBISH,LOKAMARINYANG PRIMARY SCHOOL
23,TURKANA,123,TURKANA NORTH,615,KIBISH,KOYASA PRIMARY SCHOOL
23,TURKANA,123,TURKANA NORTH,615,KIBISH,KAITEDE MOBILE
23,TURKANA,123,TURKANA NORTH,615,KIBISH,NATODOMERI MOBILE
23,TURKANA,123,TURKANA NORTH,615,KIBISH,NAPAK PRIMARY SCHOOL
23,TURKANA,123,TURKANA NORTH,615,KIBISH,KIBISH TRADING CENTER
23,TURKANA,123,TURKANA NORTH,616,NAKALALE,KAKUMA BOYS SECONDARY SCHOOL
23,TURKANA,123,TURKANA NORTH,616,NAKALALE,LOSANYANAIT WATER POINT
23,TURKANA,123,TURKANA NORTH,616,NAKALALE,LOKORE PRIMARY SCHOOL
23,TURKANA,123,TURKANA NORTH,616,NAKALALE,ATAERIKA WATER POINT
23,TURKANA,123,TURKANA NORTH,616,NAKALALE,NAMEYANA PRIMARY SCHOOL
23,TURKANA,123,TURKANA NORTH,616,NAKALALE,NADUAT PRIMARY SCHOOL
23,TURKANA,123,TURKANA NORTH,616,NAKALALE,MORULINGARENGAN TRADING CENTRE
23,TURKANA,123,TURKANA NORTH,616,NAKALALE,MORUANGIBUIN PRIMARY SCHOOL
23,TURKANA,123,TURKANA NORTH,616,NAKALALE,KOBUIN WATER POINT
23,TURKANA,123,TURKANA NORTH,616,NAKALALE,LOSAJAIT PRIMARY SCHOOL
23,TURKANA,123,TURKANA NORTH,616,NAKALALE,KALOPETASE PRIMARY SCHOOL
23,TURKANA,123,TURKANA NORTH,616,NAKALALE,KAEMONGOR PRIMARY SCHOOL
23,TURKANA,123,TURKANA NORTH,616,NAKALALE,NAKILINGA WATER POINT
23,TURKANA,123,TURKANA NORTH,616,NAKALALE,NAMOR AKWAAK WATER POINT
23,TURKANA,123,TURKANA NORTH,616,NAKALALE,KAENYANGALUK PRIMARY SCHOOL
23,TURKANA,123,TURKANA NORTH,616,NAKALALE,PELEKECH PRIMARY SCHOOL
23,TURKANA,123,TURKANA NORTH,616,NAKALALE,NAKAREARENGAK PRIMARY SCHOOL
23,TURKANA,123,TURKANA NORTH,616,NAKALALE,KOMOTOKAE ECD CENTER
23,TURKANA,124,TURKANA WEST,617,KAKUMA,LORENG'O PRIMARY SCHOOL
23,TURKANA,124,TURKANA WEST,617,KAKUMA,MORUNGOLE PRIMARY SCHOOL
23,TURKANA,124,TURKANA WEST,617,KAKUMA,ABUR PRIMARY SCHOOL
23,TURKANA,124,TURKANA WEST,617,KAKUMA,KAKUMA MIXED PRIMARY SCHOOL
23,TURKANA,124,TURKANA WEST,617,KAKUMA,POKOTOM PRIMARY SCHOOL
23,TURKANA,124,TURKANA WEST,617,KAKUMA,KAKUMA FRIENDSHIP HALL
23,TURKANA,124,TURKANA WEST,617,KAKUMA,KAKUMA BARAZA PARK
23,TURKANA,124,TURKANA WEST,617,KAKUMA,LOTAK PRIMARY SCHOOL
23,TURKANA,124,TURKANA WEST,617,KAKUMA,WAPET PRIMARY SCHOOL
23,TURKANA,124,TURKANA WEST,617,KAKUMA,LOKIDING WATER POINT
23,TURKANA,124,TURKANA WEST,617,KAKUMA,LORENG PRIMARY SCHOOL
23,TURKANA,124,TURKANA WEST,617,KAKUMA,KAKUMA PEACE CENTRE
23,TURKANA,124,TURKANA WEST,617,KAKUMA,KOMUDEI PRIMARY SCHOOL
23,TURKANA,124,TURKANA WEST,617,KAKUMA,LOMUNYENPUS ECD
23,TURKANA,124,TURKANA WEST,618,LOPUR,LOPUR PRIMARY SCHOOL
23,TURKANA,124,TURKANA WEST,618,LOPUR,NAKOYO PRIMARY SCHOOL
23,TURKANA,124,TURKANA WEST,618,LOPUR,LOCHOR EDOME PRIMARY SCHOOL
23,TURKANA,124,TURKANA WEST,618,LOPUR,NAMON PRIMARY SCHOOL
23,TURKANA,124,TURKANA WEST,618,LOPUR,NADOME WATER POINT
23,TURKANA,124,TURKANA WEST,618,LOPUR,KANG'ITESIROI PRIMARY SCHOOL
23,TURKANA,124,TURKANA WEST,618,LOPUR,NG'IJAOI PRIMARY SCHOOL
23,TURKANA,124,TURKANA WEST,618,LOPUR,LODAKACH
23,TURKANA,124,TURKANA WEST,619,LETEA,LOLEMU WATER POINT
23,TURKANA,124,TURKANA WEST,619,LETEA,LORENG TRADING CENTRE
23,TURKANA,124,TURKANA WEST,619,LETEA,TULABALANY PRIMARY SCHOOL
23,TURKANA,124,TURKANA WEST,619,LETEA,MUSUG PRIMARY SCHOOL
23,TURKANA,124,TURKANA WEST,619,LETEA,LETEA PRIMARY SCHOOL
23,TURKANA,124,TURKANA WEST,619,LETEA,LORITIT PRIMARY SCHOOL
23,TURKANA,124,TURKANA WEST,619,LETEA,KATELEMOT WATER POINT
23,TURKANA,124,TURKANA WEST,619,LETEA,NAMORUKIRIO K TRADING CENTRE
23,TURKANA,124,TURKANA WEST,619,LETEA,LOKIPOTO PRIMARY SCHOOL
23,TURKANA,124,TURKANA WEST,619,LETEA,ABUNE ECDE
23,TURKANA,124,TURKANA WEST,619,LETEA,KAIBOKOLEM MOBILE
23,TURKANA,124,TURKANA WEST,619,LETEA,KAYOTOBERU MOBILE
23,TURKANA,124,TURKANA WEST,619,LETEA,NARONGOLE MOBILE
23,TURKANA,124,TURKANA WEST,619,LETEA,LOITO MOBILE
23,TURKANA,124,TURKANA WEST,619,LETEA,NAWOTOM NURSERY SCHOOL
23,TURKANA,124,TURKANA WEST,619,LETEA,ESANYANAIT ECDE
23,TURKANA,124,TURKANA WEST,619,LETEA,KAMEYAN DISPENSARY
23,TURKANA,124,TURKANA WEST,620,SONGOT,LORAU WATER POINT
23,TURKANA,124,TURKANA WEST,620,SONGOT,NASINYONO ECDE
23,TURKANA,124,TURKANA WEST,620,SONGOT,ATIR ECDE
23,TURKANA,124,TURKANA WEST,620,SONGOT,SAINT MARK SONGOT PRIMARY SCHOOL
23,TURKANA,124,TURKANA WEST,620,SONGOT,TEREMKUS PRIMARY
23,TURKANA,124,TURKANA WEST,620,SONGOT,LOKUDULE PRIMARY SCHOOL
23,TURKANA,124,TURKANA WEST,620,SONGOT,EMILAIT PRIMARY SCHOOL
23,TURKANA,124,TURKANA WEST,620,SONGOT,LOMIDAT PRIMARY SCHOOL
23,TURKANA,124,TURKANA WEST,620,SONGOT,LOKANGAE PRIMARY SCHOOL
23,TURKANA,124,TURKANA WEST,620,SONGOT,NAREMETO ECDE
23,TURKANA,124,TURKANA WEST,620,SONGOT,NAKURURUM PRIMARY SCHOOL
23,TURKANA,124,TURKANA WEST,620,SONGOT,NANYANG'AKIPI ECDE
23,TURKANA,124,TURKANA WEST,620,SONGOT,LOTIENG MOBILE
23,TURKANA,124,TURKANA WEST,621,KALOBEYEI,KALOBEYEI PRIMARY SCHOOL
23,TURKANA,124,TURKANA WEST,621,KALOBEYEI,OROPOI PRIMARY SCHOOL
23,TURKANA,124,TURKANA WEST,621,KALOBEYEI,NATIIRA PRIMARY SCHOOL
23,TURKANA,124,TURKANA WEST,621,KALOBEYEI,NALAPATUI TRADING CENTRE
23,TURKANA,124,TURKANA WEST,621,KALOBEYEI,LOKWAMOR NURSERY SCHOOL
23,TURKANA,124,TURKANA WEST,621,KALOBEYEI,LONYUDUK PRIMARY SCHOOL
23,TURKANA,124,TURKANA WEST,621,KALOBEYEI,NAPOROTO PRIMARY SCHOOL
23,TURKANA,124,TURKANA WEST,621,KALOBEYEI,NADIDINGET PRIMARY SCHOOL
23,TURKANA,124,TURKANA WEST,621,KALOBEYEI,LOKUANYIA PRIMARY SCHOOL
23,TURKANA,124,TURKANA WEST,621,KALOBEYEI,NAKILEKIPUS WATER POINT
23,TURKANA,124,TURKANA WEST,621,KALOBEYEI,ABAAT ECDE
23,TURKANA,124,TURKANA WEST,621,KALOBEYEI,NAWOUNTOS PRIMARY SCHOOL
23,TURKANA,124,TURKANA WEST,621,KALOBEYEI,ESIKIRAIT ECDE
23,TURKANA,124,TURKANA WEST,621,KALOBEYEI,NATUKOBENYO MOBILE
23,TURKANA,124,TURKANA WEST,621,KALOBEYEI,LOCHILETA WATER POINT
23,TURKANA,124,TURKANA WEST,621,KALOBEYEI,KANGURA ECDE
23,TURKANA,124,TURKANA WEST,622,LOKICHOGGIO,NADAPAL WATER POINT
23,TURKANA,124,TURKANA WEST,622,LOKICHOGGIO,LOKICHOGGIO AIC GIRLS PRIMARY SCHOOL
23,TURKANA,124,TURKANA WEST,622,LOKICHOGGIO,LOKICHOGGIO STADIUM
23,TURKANA,124,TURKANA WEST,622,LOKICHOGGIO,LOKARIWON MOBILE
23,TURKANA,124,TURKANA WEST,622,LOKICHOGGIO,LOTETELEIT MOBILE
23,TURKANA,124,TURKANA WEST,622,LOKICHOGGIO,LOREMIT MOBILE
23,TURKANA,124,TURKANA WEST,622,LOKICHOGGIO,NABANGAKENY PRIMARY SCHOOL
23,TURKANA,124,TURKANA WEST,622,LOKICHOGGIO,TURKANA WOMEN GROUP PREMISES
23,TURKANA,124,TURKANA WEST,622,LOKICHOGGIO,NATUMAMONG WATER POINT
23,TURKANA,124,TURKANA WEST,622,LOKICHOGGIO,NAYANAE EGILAE MOBILE
23,TURKANA,124,TURKANA WEST,623,NANAAM,LOTIKIPI WATER POINT
23,TURKANA,124,TURKANA WEST,623,NANAAM,NANAAM PRIMARY SCHOOL
23,TURKANA,124,TURKANA WEST,623,NANAAM,LOMEYAN MOBILE
23,TURKANA,124,TURKANA WEST,623,NANAAM,LOPIDING PRIMARY SCHOOL
23,TURKANA,124,TURKANA WEST,623,NANAAM,KAESELEM MOBILE
23,TURKANA,124,TURKANA WEST,623,NANAAM,NATAPARIN MOBILE
23,TURKANA,124,TURKANA WEST,623,NANAAM,EKIPOR MOBILE
23,TURKANA,124,TURKANA WEST,623,NANAAM,NAPOPONGOIT PRIMARY SCHOOL
23,TURKANA,124,TURKANA WEST,623,NANAAM,SAINT MATHEW NADOME PRIMARY SCHOOL
23,TURKANA,124,TURKANA WEST,623,NANAAM,EEDOT MOBILE
23,TURKANA,124,TURKANA WEST,623,NANAAM,LOKWEE WATER POINT
23,TURKANA,124,TURKANA WEST,623,NANAAM,NALAMACHA PRIMARY SCHOOL
23,TURKANA,125,TURKANA CENTRAL,624,KERIO DELTA,NG'IMURIAE PRIMARY SCHOOL
23,TURKANA,125,TURKANA CENTRAL,624,KERIO DELTA,NAKWAPERIT PRIMARY SCHOOL
23,TURKANA,125,TURKANA CENTRAL,624,KERIO DELTA,KAKIMAT NURSERY SCHOOL
23,TURKANA,125,TURKANA CENTRAL,624,KERIO DELTA,NANGITONY NURSERY SCHOOL
23,TURKANA,125,TURKANA CENTRAL,624,KERIO DELTA,NANGOLEKURUK NURSERY SCHOOL
23,TURKANA,125,TURKANA CENTRAL,624,KERIO DELTA,MERIER WATER POINT
23,TURKANA,125,TURKANA CENTRAL,624,KERIO DELTA,ACHUKUT WATER POINT
23,TURKANA,125,TURKANA CENTRAL,624,KERIO DELTA,LODOKET-ENGOL NURSERY SCHOOL
23,TURKANA,125,TURKANA CENTRAL,624,KERIO DELTA,LORE-AMATET NURSERY SCHOOL
23,TURKANA,125,TURKANA CENTRAL,624,KERIO DELTA,NAKECHICHOK NURSERY SCHOOL
23,TURKANA,125,TURKANA CENTRAL,624,KERIO DELTA,LOMUNYEN-KIRION NURSERY SCHOOL
23,TURKANA,125,TURKANA CENTRAL,624,KERIO DELTA,NAKALALE WATER POINT
23,TURKANA,125,TURKANA CENTRAL,624,KERIO DELTA,NAWOITORONG NURSERY SCHOOL
23,TURKANA,125,TURKANA CENTRAL,624,KERIO DELTA,LOUWAE PRIMARY SCHOOL
23,TURKANA,125,TURKANA CENTRAL,624,KERIO DELTA,MUGUR WATER POINT
23,TURKANA,125,TURKANA CENTRAL,624,KERIO DELTA,LOKWAR-ANG'IKALESO NURSERY SCHOOL
23,TURKANA,125,TURKANA CENTRAL,624,KERIO DELTA,KAMEKWI NURSERY SCHOOL
23,TURKANA,125,TURKANA CENTRAL,624,KERIO DELTA,KAIKOL NURSERY SCHOOL
23,TURKANA,125,TURKANA CENTRAL,624,KERIO DELTA,NAKUDET WATER POINT
23,TURKANA,125,TURKANA CENTRAL,624,KERIO DELTA,NAMAIDE PRIMARY SCHOOL
23,TURKANA,125,TURKANA CENTRAL,624,KERIO DELTA,LOCHOR EDOME NURSERY SCHOOL
23,TURKANA,125,TURKANA CENTRAL,624,KERIO DELTA,NANG'OLPUS PRIMARY SCHOOL
23,TURKANA,125,TURKANA CENTRAL,624,KERIO DELTA,AKATORONGOT NURSERY SCHOOL
23,TURKANA,125,TURKANA CENTRAL,624,KERIO DELTA,LOTUKUMO PRIMARY SCHOOL
23,TURKANA,125,TURKANA CENTRAL,624,KERIO DELTA,NG'ATAPARIN NURSERY SCHOOL
23,TURKANA,125,TURKANA CENTRAL,624,KERIO DELTA,EKWAR NURSERY SCHOOL
23,TURKANA,125,TURKANA CENTRAL,624,KERIO DELTA,KERIO PRIMARY SCHOOL
23,TURKANA,125,TURKANA CENTRAL,624,KERIO DELTA,NADOTO PRIMARY SCHOOL
23,TURKANA,125,TURKANA CENTRAL,624,KERIO DELTA,NAKURIO TRADING CENTRE
23,TURKANA,125,TURKANA CENTRAL,624,KERIO DELTA,KANGIRISAE PRIMARY SCHOOL
23,TURKANA,125,TURKANA CENTRAL,624,KERIO DELTA,NAKORET TRADING CENTRE
23,TURKANA,125,TURKANA CENTRAL,624,KERIO DELTA,ELELEA PRIMARY SCHOOL
23,TURKANA,125,TURKANA CENTRAL,624,KERIO DELTA,LORENGELUP PRIMARY SCHOOL
23,TURKANA,125,TURKANA CENTRAL,624,KERIO DELTA,NANYANGAKIPI PRIMARY SCHOOL
23,TURKANA,125,TURKANA CENTRAL,624,KERIO DELTA,NANGORCHOTO PRIMARY SCHOOL
23,TURKANA,125,TURKANA CENTRAL,624,KERIO DELTA,NABUSKAAL PRIMARY SCHOOL
23,TURKANA,125,TURKANA CENTRAL,624,KERIO DELTA,KAIRIAMA WATER POINT
23,TURKANA,125,TURKANA CENTRAL,624,KERIO DELTA,NAKWAMEKWI PRIMARY SCHOOL
23,TURKANA,125,TURKANA CENTRAL,624,KERIO DELTA,NAKABOSAN WATER POINT
23,TURKANA,125,TURKANA CENTRAL,624,KERIO DELTA,KANYUDA WATER POINT
23,TURKANA,125,TURKANA CENTRAL,625,KANG'ATOTHA,NAMUKUSE PRIMARY SCHOOL
23,TURKANA,125,TURKANA CENTRAL,625,KANG'ATOTHA,LOYORO PRIMARY SCHOOL
23,TURKANA,125,TURKANA CENTRAL,625,KANG'ATOTHA,LONG'ECH PRIMARY SCHOOL
23,TURKANA,125,TURKANA CENTRAL,625,KANG'ATOTHA,LOCHOR-AIKENY PRIMARY SCHOOL
23,TURKANA,125,TURKANA CENTRAL,625,KANG'ATOTHA,ILLE PRIMARY SCHOOL
23,TURKANA,125,TURKANA CENTRAL,625,KANG'ATOTHA,KANG'ATOTHA PRIMARY SCHOOL
23,TURKANA,125,TURKANA CENTRAL,625,KANG'ATOTHA,NAOROS TRADING CENTRE
23,TURKANA,125,TURKANA CENTRAL,625,KANG'ATOTHA,AKATUMAN TRADING CENTRE
23,TURKANA,125,TURKANA CENTRAL,625,KANG'ATOTHA,LOMOPUS PRIMARY SCHOOL
23,TURKANA,125,TURKANA CENTRAL,625,KANG'ATOTHA,KANG'AGETEI TRADING CENTRE
23,TURKANA,125,TURKANA CENTRAL,625,KANG'ATOTHA,LOKIPE NURSERY SCHOOL
23,TURKANA,125,TURKANA CENTRAL,625,KANG'ATOTHA,WADITE NURSERY SCHOOL
23,TURKANA,125,TURKANA CENTRAL,625,KANG'ATOTHA,NAYANAE-EKALALE NURSERY SCHOOL
23,TURKANA,125,TURKANA CENTRAL,625,KANG'ATOTHA,NASURA NURSERY SCHOOL
23,TURKANA,125,TURKANA CENTRAL,625,KANG'ATOTHA,LOBOLO PRIMARY SCHOOL
23,TURKANA,125,TURKANA CENTRAL,625,KANG'ATOTHA,WADACH PRIMARY SCHOOL
23,TURKANA,125,TURKANA CENTRAL,625,KANG'ATOTHA,NAIPA PRIMARY SCHOOL
23,TURKANA,125,TURKANA CENTRAL,625,KANG'ATOTHA,KATULA PRIMARY SCHOOL
23,TURKANA,125,TURKANA CENTRAL,625,KANG'ATOTHA,NATAGILAE PRIMARY SCHOOL
23,TURKANA,125,TURKANA CENTRAL,625,KANG'ATOTHA,NATIIR PRIMARY SCHOOL
23,TURKANA,125,TURKANA CENTRAL,625,KANG'ATOTHA,LOTIIRA PRIMARY SCHOOL
23,TURKANA,125,TURKANA CENTRAL,625,KANG'ATOTHA,NASEKON PRIMARY SCHOOL
23,TURKANA,125,TURKANA CENTRAL,625,KANG'ATOTHA,NABULON NURSERY SCHOOL
23,TURKANA,125,TURKANA CENTRAL,625,KANG'ATOTHA,LOKIPETOT NURSERY SCHOOL
23,TURKANA,125,TURKANA CENTRAL,625,KANG'ATOTHA,NAPEGET PRIMARY SCHOOL
23,TURKANA,125,TURKANA CENTRAL,625,KANG'ATOTHA,NAKADUKUI ECD CENTRE
23,TURKANA,125,TURKANA CENTRAL,625,KANG'ATOTHA,NARENGO PRIMARY SCHOOL
23,TURKANA,125,TURKANA CENTRAL,625,KANG'ATOTHA,NAIPA WATER POINT
23,TURKANA,125,TURKANA CENTRAL,625,KANG'ATOTHA,KADAKAIKENY ECD CENTRE
23,TURKANA,125,TURKANA CENTRAL,626,KALOKOL,NAMADAK PRIMARY SCHOOL
23,TURKANA,125,TURKANA CENTRAL,626,KALOKOL,NABWEL-EKOROT PRIMARY SCHOOL
23,TURKANA,125,TURKANA CENTRAL,626,KALOKOL,KALOKOL PRIMARY SCHOOL
23,TURKANA,125,TURKANA CENTRAL,626,KALOKOL,NATOLE PRIMARY SCHOOL
23,TURKANA,125,TURKANA CENTRAL,626,KALOKOL,KALOKOL GIRLS PRIMARY SCHOOL
23,TURKANA,125,TURKANA CENTRAL,626,KALOKOL,LOCHUGA PRIMARY SCHOOL
23,TURKANA,125,TURKANA CENTRAL,626,KALOKOL,NAKIRIA PRIMARY SCHOOL
23,TURKANA,125,TURKANA CENTRAL,626,KALOKOL,LOPANGAE PRIMARY SCHOOL
23,TURKANA,125,TURKANA CENTRAL,626,KALOKOL,KAPUA PRIMARY SCHOOL
23,TURKANA,125,TURKANA CENTRAL,626,KALOKOL,KALOTUM PRIMARY SCHOOL
23,TURKANA,125,TURKANA CENTRAL,626,KALOKOL,MORUONGOR NURSERY SCHOOL
23,TURKANA,125,TURKANA CENTRAL,626,KALOKOL,KANUGUMERI MOBILE
23,TURKANA,125,TURKANA CENTRAL,626,KALOKOL,LOKATIKON WATER POINT
23,TURKANA,125,TURKANA CENTRAL,626,KALOKOL,NAKINGOL TRADING CENTRE
23,TURKANA,125,TURKANA CENTRAL,626,KALOKOL,NARUKOPO TRADING CENTRE
23,TURKANA,125,TURKANA CENTRAL,626,KALOKOL,NASURUT TRADING CENTRE
23,TURKANA,125,TURKANA CENTRAL,626,KALOKOL,LOPONGO WATER POINT
23,TURKANA,125,TURKANA CENTRAL,626,KALOKOL,LOROO NURSERY SCHOOL
23,TURKANA,125,TURKANA CENTRAL,626,KALOKOL,MAENDELEO NURSERY SCHOOL
23,TURKANA,125,TURKANA CENTRAL,626,KALOKOL,FAITH HOMES PRIMARY SCHOOL
23,TURKANA,125,TURKANA CENTRAL,626,KALOKOL,NAKWAMOMWA NURSERY SCHOOL
23,TURKANA,125,TURKANA CENTRAL,626,KALOKOL,KAPOKOR PRIMARY SCHOOL
23,TURKANA,125,TURKANA CENTRAL,627,LODWAR TOWNSHIP,LODWAR GIRLS PRIMARY SCHOOL
23,TURKANA,125,TURKANA CENTRAL,627,LODWAR TOWNSHIP,LODWAR MIXED PRIMARY SCHOOL
23,TURKANA,125,TURKANA CENTRAL,627,LODWAR TOWNSHIP,SAINT MARY'S PRIMARY SCHOOL
23,TURKANA,125,TURKANA CENTRAL,627,LODWAR TOWNSHIP,KAWALASE PRIMARY SCHOOL
23,TURKANA,125,TURKANA CENTRAL,627,LODWAR TOWNSHIP,HANDCRAFT HALL
23,TURKANA,125,TURKANA CENTRAL,627,LODWAR TOWNSHIP,LOYO PRIMARY SCHOOL
23,TURKANA,125,TURKANA CENTRAL,627,LODWAR TOWNSHIP,CHOK CHOK NURSERY SCHOOL
23,TURKANA,125,TURKANA CENTRAL,627,LODWAR TOWNSHIP,NAYANAE-ANGIKALALIO NURSERY SCHOOL
23,TURKANA,125,TURKANA CENTRAL,627,LODWAR TOWNSHIP,MONTI PRIMARY SCHOOL
23,TURKANA,125,TURKANA CENTRAL,627,LODWAR TOWNSHIP,KAKWANYANG PRIMARY SCHOOL
23,TURKANA,125,TURKANA CENTRAL,627,LODWAR TOWNSHIP,NATAPAR KAKONO PRIMARY SCHOOL
23,TURKANA,125,TURKANA CENTRAL,627,LODWAR TOWNSHIP,NAREGAE NURSERY SCHOOL
23,TURKANA,125,TURKANA CENTRAL,627,LODWAR TOWNSHIP,LORE NURSERY SCHOOL
23,TURKANA,125,TURKANA CENTRAL,627,LODWAR TOWNSHIP,NGASAGA TRADING CENTRE
23,TURKANA,125,TURKANA CENTRAL,627,LODWAR TOWNSHIP,NAKORIONG'ORA ECD CENTRE
23,TURKANA,125,TURKANA CENTRAL,627,LODWAR TOWNSHIP,KAATEGERIONG'OR PRIMARY SCHOOL.
23,TURKANA,125,TURKANA CENTRAL,627,LODWAR TOWNSHIP,BISHOP MAHON PRIMARY SCHOOL
23,TURKANA,125,TURKANA CENTRAL,627,LODWAR TOWNSHIP,NADIRIKONYEN TRADING CENTRE
23,TURKANA,125,TURKANA CENTRAL,627,LODWAR TOWNSHIP,LODWAR PRISON
23,TURKANA,125,TURKANA CENTRAL,627,LODWAR TOWNSHIP,NABWEL PUS PRIMARY SCHOOL
23,TURKANA,125,TURKANA CENTRAL,627,LODWAR TOWNSHIP,ALFRED POWRY PRIMARY SCHOOL
23,TURKANA,125,TURKANA CENTRAL,628,KANAMKEMER,LOTUREREI PRIMARY SCHOOL
23,TURKANA,125,TURKANA CENTRAL,628,KANAMKEMER,KAKEMERA PRIMARY SCHOOL
23,TURKANA,125,TURKANA CENTRAL,628,KANAMKEMER,NAPETAO NURSERY SCHOOL
23,TURKANA,125,TURKANA CENTRAL,628,KANAMKEMER,KANAMKEMER PRIMARY SCHOOL
23,TURKANA,125,TURKANA CENTRAL,628,KANAMKEMER,NAPUU PRIMARY SCHOOL
23,TURKANA,125,TURKANA CENTRAL,628,KANAMKEMER,NAOTIN PRIMARY SCHOOL
23,TURKANA,125,TURKANA CENTRAL,628,KANAMKEMER,LOLUPE PRIMARY SCHOOL
23,TURKANA,125,TURKANA CENTRAL,628,KANAMKEMER,CANAN PRIMARY SCHOOL
23,TURKANA,125,TURKANA CENTRAL,628,KANAMKEMER,OUTREACH NURSERY SCHOOL
23,TURKANA,125,TURKANA CENTRAL,628,KANAMKEMER,NAYUU NURSERY SCHOOL
23,TURKANA,125,TURKANA CENTRAL,628,KANAMKEMER,NABULON GIRLS PRIMARY SCHOOL
23,TURKANA,125,TURKANA CENTRAL,628,KANAMKEMER,NADIPOE MOBILE
23,TURKANA,126,LOIMA,629,KOTARUK/LOBEI,LOBEI PRIMARY SCHOOL
23,TURKANA,126,LOIMA,629,KOTARUK/LOBEI,KALEMUNYANG PRIMARYSCHOOL
23,TURKANA,126,LOIMA,629,KOTARUK/LOBEI,KABULOKOR PRIMARY SCHOOL
23,TURKANA,126,LOIMA,629,KOTARUK/LOBEI,KOTARUK PRIMARY SCHOOL
23,TURKANA,126,LOIMA,629,KOTARUK/LOBEI,NAREMIT PRIMARY SCHOOL
23,TURKANA,126,LOIMA,629,KOTARUK/LOBEI,LOKIPETOT ARENGAN TRADING CENTRE
23,TURKANA,126,LOIMA,629,KOTARUK/LOBEI,SASAK ECHOKE PRIMARY SCHOOL
23,TURKANA,126,LOIMA,629,KOTARUK/LOBEI,ALAB LAB MOBILE
23,TURKANA,126,LOIMA,629,KOTARUK/LOBEI,LOPIDING-ANGICHOK CENTRE
23,TURKANA,126,LOIMA,629,KOTARUK/LOBEI,KAKALEL PRIMARY SCHOOL
23,TURKANA,126,LOIMA,629,KOTARUK/LOBEI,KANGALITA PRIMARY SCHOOL
23,TURKANA,126,LOIMA,629,KOTARUK/LOBEI,LOKIPETOT ARENG'AN WATER POINT
23,TURKANA,126,LOIMA,629,KOTARUK/LOBEI,MORUONGOR WATER POINT
23,TURKANA,126,LOIMA,629,KOTARUK/LOBEI,ULUKUSE MOBILE
23,TURKANA,126,LOIMA,629,KOTARUK/LOBEI,LOMILO PRIMARY SCHOOL
23,TURKANA,126,LOIMA,629,KOTARUK/LOBEI,KOMERA NURSERY SCHOOL
23,TURKANA,126,LOIMA,629,KOTARUK/LOBEI,KOONO PRIMARY SCHOOL
23,TURKANA,126,LOIMA,629,KOTARUK/LOBEI,KOTELA PRIMARY SCHOOL
23,TURKANA,126,LOIMA,629,KOTARUK/LOBEI,ABUR NURSERY SCHOOL
23,TURKANA,126,LOIMA,629,KOTARUK/LOBEI,KAEMASE ECD
23,TURKANA,126,LOIMA,629,KOTARUK/LOBEI,NAKUJA-EKALALE ECD
23,TURKANA,126,LOIMA,629,KOTARUK/LOBEI,NATWEL PRIMARY SCHOOL
23,TURKANA,126,LOIMA,629,KOTARUK/LOBEI,SASAK-ECHOKE ECD
23,TURKANA,126,LOIMA,629,KOTARUK/LOBEI,KAKILALA-KANGOLE EDC
23,TURKANA,126,LOIMA,629,KOTARUK/LOBEI,KANG'OLE PRIMARY SCHOOL
23,TURKANA,126,LOIMA,629,KOTARUK/LOBEI,MALLAH PRIMARY SCHOOL
23,TURKANA,126,LOIMA,629,KOTARUK/LOBEI,KAAPESE ECD
23,TURKANA,126,LOIMA,629,KOTARUK/LOBEI,LOCHOR-ELIM PRIMARY SCHOOL
23,TURKANA,126,LOIMA,629,KOTARUK/LOBEI,NAWAMOR ECD
23,TURKANA,126,LOIMA,630,TURKWEL,NAPELILIM PRIMARY SCHOOL
23,TURKANA,126,LOIMA,630,TURKWEL,NASIGER PRIMARY SCHOOL
23,TURKANA,126,LOIMA,630,TURKWEL,LOMIL PRIMARY SCHOOL
23,TURKANA,126,LOIMA,630,TURKWEL,KALODEKE NURSERY SCHOOL
23,TURKANA,126,LOIMA,630,TURKWEL,KAITESE PRIMARY SCHOOL
23,TURKANA,126,LOIMA,630,TURKWEL,NADAPAL PRIMARY SCHOOL
23,TURKANA,126,LOIMA,630,TURKWEL,LOKOYO PRIMARY SCHOOL
23,TURKANA,126,LOIMA,630,TURKWEL,KAAPUS PRIMARY SCHOOL
23,TURKANA,126,LOIMA,630,TURKWEL,NAKABARAN PRIMARY SCHOOL
23,TURKANA,126,LOIMA,630,TURKWEL,LORUGUM PRIMARY SCHOOL
23,TURKANA,126,LOIMA,630,TURKWEL,TURKWEL PRIMARY SCHOOL
23,TURKANA,126,LOIMA,630,TURKWEL,NAKAMANE PRIMARY SCHOOL
23,TURKANA,126,LOIMA,630,TURKWEL,NAKITOE KIRION PRIMARY SCHOOL
23,TURKANA,126,LOIMA,630,TURKWEL,NAMEYANA TRADING CENTRE
23,TURKANA,126,LOIMA,630,TURKWEL,KODOPA PRIMARY SCHOOL
23,TURKANA,126,LOIMA,630,TURKWEL,NAKWAMUNYEN PRIMARY SCHOOL
23,TURKANA,126,LOIMA,630,TURKWEL,KOSPIR PRIMARY SCHOOL
23,TURKANA,126,LOIMA,630,TURKWEL,KALOMEGUR PRIMARY SCHOOL
23,TURKANA,126,LOIMA,630,TURKWEL,KACHEIMERI PRIMARY SCHOOL
23,TURKANA,126,LOIMA,630,TURKWEL,NAKUTAN PRIMARY SCHOOL
23,TURKANA,126,LOIMA,630,TURKWEL,NABUIN PRIMARY SCHOOL
23,TURKANA,126,LOIMA,630,TURKWEL,LOPUR WATER POINT
23,TURKANA,126,LOIMA,630,TURKWEL,NACHURO WATER POINT
23,TURKANA,126,LOIMA,630,TURKWEL,LORENGE SINYEN
23,TURKANA,126,LOIMA,630,TURKWEL,NAKATIYAN PRIMARY SCHOOL
23,TURKANA,126,LOIMA,630,TURKWEL,LOMWARGETE NURSERY SCHOOL
23,TURKANA,126,LOIMA,630,TURKWEL,TIYA PRIMARY SCHOOL
23,TURKANA,126,LOIMA,630,TURKWEL,NAAGIS PRIMARY SCHOOL
23,TURKANA,126,LOIMA,630,TURKWEL,KASONGOLETOM PRIMARY SCHOOL
23,TURKANA,126,LOIMA,630,TURKWEL,KANGATARUK WATER POINT
23,TURKANA,126,LOIMA,630,TURKWEL,LOLEMGETE PRIMARY SCHOOL
23,TURKANA,126,LOIMA,630,TURKWEL,LOKATUL NURSERY SCHOOL
23,TURKANA,126,LOIMA,630,TURKWEL,KALOBOI PRIMARY SCHOOL
23,TURKANA,126,LOIMA,630,TURKWEL,NANGERENY PRIMARY SCHOOL
23,TURKANA,126,LOIMA,630,TURKWEL,KAEKOROENGOROK NURSERY SCHOOL
23,TURKANA,126,LOIMA,630,TURKWEL,LOROO PRIMARY SCHOOL
23,TURKANA,126,LOIMA,630,TURKWEL,KALOKUTANYANG MOBILE
23,TURKANA,126,LOIMA,630,TURKWEL,MORUESE PRIMARY SCHOOL
23,TURKANA,126,LOIMA,630,TURKWEL,LOCHOR ESEKON NUR.SCH
23,TURKANA,126,LOIMA,630,TURKWEL,KONYIPAD NURSERY SCHOOL
23,TURKANA,126,LOIMA,630,TURKWEL,NATUNTUN NURSERY SCHOOL
23,TURKANA,126,LOIMA,630,TURKWEL,NATIRAE NURSERY SCHOOL
23,TURKANA,126,LOIMA,630,TURKWEL,KANGIMERIYEK STORE CENTRE
23,TURKANA,126,LOIMA,630,TURKWEL,LOTAGOR WATER POINT
23,TURKANA,126,LOIMA,630,TURKWEL,NATIONOKAR NURSERY SCHOOL
23,TURKANA,126,LOIMA,630,TURKWEL,KANYANGAPUS WATER POINT
23,TURKANA,126,LOIMA,630,TURKWEL,KALOPURIA NURSERY SCHOOL
23,TURKANA,126,LOIMA,630,TURKWEL,KATUKURI NURSERY SCHOOL
23,TURKANA,126,LOIMA,630,TURKWEL,LOKORIKIPI NURSERY SCHOOL
23,TURKANA,126,LOIMA,630,TURKWEL,NAUREN PUU PRIMARY SCHOOL
23,TURKANA,126,LOIMA,630,TURKWEL,LOPEDUR
23,TURKANA,126,LOIMA,630,TURKWEL,KOCHUCH ECD
23,TURKANA,126,LOIMA,630,TURKWEL,NAKERKEREI ECD
23,TURKANA,126,LOIMA,630,TURKWEL,NAMAGIRAT ECD
23,TURKANA,126,LOIMA,630,TURKWEL,KATUKURI ECD
23,TURKANA,126,LOIMA,630,TURKWEL,NAWOYAWOI PRIMARY
23,TURKANA,126,LOIMA,630,TURKWEL,NARIWOKITOE-WATER POINT
23,TURKANA,126,LOIMA,630,TURKWEL,NAKEJU-AKAAL WATER POINT
23,TURKANA,126,LOIMA,630,TURKWEL,NAPEIDUKAN TRADING CENTER
23,TURKANA,126,LOIMA,630,TURKWEL,KABANG'ANG' WATER POINT
23,TURKANA,126,LOIMA,630,TURKWEL,LOKOPU WATER POINT
23,TURKANA,126,LOIMA,630,TURKWEL,LODOKET-EKING'OL NURSERY
23,TURKANA,126,LOIMA,631,LOIMA,NAMORUPUTH PRIMARY SCHOOL
23,TURKANA,126,LOIMA,631,LOIMA,LOCHOR-EKUYEN PRIMARY SCHOOL
23,TURKANA,126,LOIMA,631,LOIMA,PUCH WATER POINT
23,TURKANA,126,LOIMA,631,LOIMA,LOKWATUBA PRIMARY SCHOOL
23,TURKANA,126,LOIMA,631,LOIMA,NAMORUPUTH TRADING CENTRE
23,TURKANA,126,LOIMA,631,LOIMA,LOCHWA ILLEMA SPRING
23,TURKANA,126,LOIMA,631,LOIMA,LOCHOR-EMEYAN PRIMARY SCHOOL
23,TURKANA,126,LOIMA,631,LOIMA,NAKORIMUNYEN PRIMARY SCHOOL
23,TURKANA,126,LOIMA,631,LOIMA,KALELEKOL WATER POINT
23,TURKANA,126,LOIMA,631,LOIMA,PUCH/NAURENDUDUNG
23,TURKANA,126,LOIMA,631,LOIMA,LOMUKUSEI ECD
23,TURKANA,126,LOIMA,631,LOIMA,LOBOLE ECD
23,TURKANA,126,LOIMA,632,LOKIRIAMA/LORENGIPPI,LOKIRIAMA TRADING CENTRE
23,TURKANA,126,LOIMA,632,LOKIRIAMA/LORENGIPPI,ATA-ALOKAMUSIO PRIMARY SCHOOL
23,TURKANA,126,LOIMA,632,LOKIRIAMA/LORENGIPPI,LOKIRIAMA PRIMARY SCHOOL
23,TURKANA,126,LOIMA,632,LOKIRIAMA/LORENGIPPI,LORENGIPPI PRIMARY SCHOOL
23,TURKANA,126,LOIMA,632,LOKIRIAMA/LORENGIPPI,LOYA PRIMARY SCHOOL
23,TURKANA,126,LOIMA,632,LOKIRIAMA/LORENGIPPI,LODWAT WATER POINT
23,TURKANA,126,LOIMA,632,LOKIRIAMA/LORENGIPPI,NAKURIO NURSERY SCHOOL
23,TURKANA,126,LOIMA,632,LOKIRIAMA/LORENGIPPI,LOCHOR-ALOMALA PRIMARY SCHOOL
23,TURKANA,126,LOIMA,632,LOKIRIAMA/LORENGIPPI,KAEMANIK WATER POINT
23,TURKANA,126,LOIMA,632,LOKIRIAMA/LORENGIPPI,URUM PRIMARY SCHOOL
23,TURKANA,126,LOIMA,632,LOKIRIAMA/LORENGIPPI,KAPESE WATER POINT
23,TURKANA,126,LOIMA,632,LOKIRIAMA/LORENGIPPI,TAMANAK PRIMARY SCHOOL
23,TURKANA,126,LOIMA,632,LOKIRIAMA/LORENGIPPI,KEKOROE AKWAAN WATER POINT
23,TURKANA,126,LOIMA,632,LOKIRIAMA/LORENGIPPI,KANGIPEI MOBILE
23,TURKANA,126,LOIMA,632,LOKIRIAMA/LORENGIPPI,NAKWAPUA CENTRE
23,TURKANA,126,LOIMA,632,LOKIRIAMA/LORENGIPPI,NAMONI ANGIKALA CENTRE
23,TURKANA,126,LOIMA,632,LOKIRIAMA/LORENGIPPI,LORENGIPPI TRADING CENTRE
23,TURKANA,126,LOIMA,632,LOKIRIAMA/LORENGIPPI,LOKIRIAMET WATER POINT
23,TURKANA,126,LOIMA,632,LOKIRIAMA/LORENGIPPI,NAOYAPONG TRADING CENTRE
23,TURKANA,126,LOIMA,632,LOKIRIAMA/LORENGIPPI,NATELO NURSERY SCHOOL
23,TURKANA,126,LOIMA,632,LOKIRIAMA/LORENGIPPI,LOCHOR-EKIRU WATER POINT
23,TURKANA,126,LOIMA,632,LOKIRIAMA/LORENGIPPI,KEKOROE AKWAAN MOBILE
23,TURKANA,126,LOIMA,632,LOKIRIAMA/LORENGIPPI,NAMORU-ARENG'AN CENTER
23,TURKANA,126,LOIMA,632,LOKIRIAMA/LORENGIPPI,URUM TRADING CENTER
23,TURKANA,126,LOIMA,632,LOKIRIAMA/LORENGIPPI,MORUITA MOBILE
23,TURKANA,126,LOIMA,632,LOKIRIAMA/LORENGIPPI,LOCHOR-ANG'IKALALIO MOBILE
23,TURKANA,127,TURKANA SOUTH,633,KAPUTIR,KAPUTIR PRIMARY SCHOOL.
23,TURKANA,127,TURKANA SOUTH,633,KAPUTIR,JULUK PRIMARY SCHOOL.
23,TURKANA,127,TURKANA SOUTH,633,KAPUTIR,KAPELIBOK PRIMARY SCHOOL.
23,TURKANA,127,TURKANA SOUTH,633,KAPUTIR,KAPELIBOK TRADING CENTER.
23,TURKANA,127,TURKANA SOUTH,633,KAPUTIR,LOKWAR PRIMARY SCHOOL
23,TURKANA,127,TURKANA SOUTH,633,KAPUTIR,LOMERIMUDANG PRIMARY SCHOOL.
23,TURKANA,127,TURKANA SOUTH,633,KAPUTIR,LOMOKOMOL PRIMARY SCHOOL
23,TURKANA,127,TURKANA SOUTH,633,KAPUTIR,LOROGON PRIMARY SCHOOL
23,TURKANA,127,TURKANA SOUTH,633,KAPUTIR,NACHOKE PRIMARY SCHOOL
23,TURKANA,127,TURKANA SOUTH,633,KAPUTIR,NAKUSE PRIMARY SCHOOL.
23,TURKANA,127,TURKANA SOUTH,633,KAPUTIR,NAKWAMORU PRIMARY SCHOOL.
23,TURKANA,127,TURKANA SOUTH,633,KAPUTIR,NARIWOMORU MOBILE.
23,TURKANA,127,TURKANA SOUTH,633,KAPUTIR,NAWOYAREGAE PRIMARY SCHOOL.
23,TURKANA,127,TURKANA SOUTH,633,KAPUTIR,KOGITO PRIMARY SCHOOL
23,TURKANA,127,TURKANA SOUTH,633,KAPUTIR,NAWOITORONG PRIMARY SCHOOL
23,TURKANA,127,TURKANA SOUTH,633,KAPUTIR,KAKOEL PRIMARY SCHOOL
23,TURKANA,127,TURKANA SOUTH,634,KATILU,ANGARABAT INTERGRATED PRIMARY SCHOOL.
23,TURKANA,127,TURKANA SOUTH,634,KATILU,KAEKUNYUK PRIMARY SCHOOL.
23,TURKANA,127,TURKANA SOUTH,634,KATILU,KAGITANKORI PRIMARY SCHOOL
23,TURKANA,127,TURKANA SOUTH,634,KATILU,KALEMUNGOROK PRIMARY SCHOOL.
23,TURKANA,127,TURKANA SOUTH,634,KATILU,KALOKODA PRIMARY SCHOOL
23,TURKANA,127,TURKANA SOUTH,634,KATILU,KANAODON PRIMARY SCHOOL
23,TURKANA,127,TURKANA SOUTH,634,KATILU,KANGAKIMAK PRIMARY SCHOOL
23,TURKANA,127,TURKANA SOUTH,634,KATILU,KANGIREGA PRIMARY SCHOOL
23,TURKANA,127,TURKANA SOUTH,634,KATILU,KATILU PRIMARY SCHOOL.
23,TURKANA,127,TURKANA SOUTH,634,KATILU,KORINYANG PRIMARY SCHOOL.
23,TURKANA,127,TURKANA SOUTH,634,KATILU,LOITANIT WATER POINT.
23,TURKANA,127,TURKANA SOUTH,634,KATILU,LOKAPEL PRIMARY SCHOOL.
23,TURKANA,127,TURKANA SOUTH,634,KATILU,LOKOROPOS PRIMARY SCHOOL
23,TURKANA,127,TURKANA SOUTH,634,KATILU,LOMONYANG PRIMARY SCHOOL
23,TURKANA,127,TURKANA SOUTH,634,KATILU,NABEYE PRIMARY SCHOOL
23,TURKANA,127,TURKANA SOUTH,634,KATILU,NAKABOSAN PRIMARY SCHOOL.
23,TURKANA,127,TURKANA SOUTH,634,KATILU,NAKATWAN WATER POINT
23,TURKANA,127,TURKANA SOUTH,634,KATILU,NAMAKAT PRIMARY SCHOOL
23,TURKANA,127,TURKANA SOUTH,634,KATILU,NARO PRIMARY SCHOOL.
23,TURKANA,127,TURKANA SOUTH,634,KATILU,NYANGAITA PRIMARY SCHOOL.
23,TURKANA,127,TURKANA SOUTH,634,KATILU,SIMAILELE PRIMARY SCHOOL
23,TURKANA,127,TURKANA SOUTH,634,KATILU,EKOROPUS PRIMARY SCHOOL
23,TURKANA,127,TURKANA SOUTH,634,KATILU,KAEKAMUTO ECDE
23,TURKANA,127,TURKANA SOUTH,634,KATILU,NAPUSIMUNYEN PRIMARY SCHOOL
23,TURKANA,127,TURKANA SOUTH,634,KATILU,IKORE ECDE
23,TURKANA,127,TURKANA SOUTH,634,KATILU,NAKUJA EKALALE PRIMARY SCHOOL
23,TURKANA,127,TURKANA SOUTH,634,KATILU,NAWOPETO PRIMARY SCHOOL
23,TURKANA,127,TURKANA SOUTH,635,LOBOKAT,KAINUK TRADING CENTER.
23,TURKANA,127,TURKANA SOUTH,635,LOBOKAT,KAINUK PRIMARY SCHOOL.
23,TURKANA,127,TURKANA SOUTH,635,LOBOKAT,KAKONGU PRIMARY SCHOOL
23,TURKANA,127,TURKANA SOUTH,635,LOBOKAT,KOPUTIRO PRIMARY SCHOOL.
23,TURKANA,127,TURKANA SOUTH,635,LOBOKAT,LOYAPAT PRIMARY SCHOOL.
23,TURKANA,127,TURKANA SOUTH,635,LOBOKAT,ST.MARY ECDE KAKONGU
23,TURKANA,127,TURKANA SOUTH,635,LOBOKAT,PHILADELIPHIA PRIMARY SCHOOL-KAINUK
23,TURKANA,127,TURKANA SOUTH,635,LOBOKAT,RCEA PRIMARY SCHOOL-KAKONGU
23,TURKANA,127,TURKANA SOUTH,635,LOBOKAT,ALIDAKOOK-KAINUK
23,TURKANA,127,TURKANA SOUTH,636,KALAPATA,CHIBILET PRIMARY SCHOOL.
23,TURKANA,127,TURKANA SOUTH,636,KALAPATA,CHOK-CHOK PRIMARY SCHOOL.
23,TURKANA,127,TURKANA SOUTH,636,KALAPATA,KAESAMALIT NURSERY SCHOOL.
23,TURKANA,127,TURKANA SOUTH,636,KALAPATA,KAKALEL PRIMARY SCHOOL.
23,TURKANA,127,TURKANA SOUTH,636,KALAPATA,KALAPATA PRIMARY SCHOOL.
23,TURKANA,127,TURKANA SOUTH,636,KALAPATA,KALOCHAN PRIMARY SCHOOL.
23,TURKANA,127,TURKANA SOUTH,636,KALAPATA,KANGAKIPUR PRIMARY SCHOOL.
23,TURKANA,127,TURKANA SOUTH,636,KALAPATA,KATIIR PRIMARY SCHOOL.
23,TURKANA,127,TURKANA SOUTH,636,KALAPATA,KATIOKO PRIMARY SCHOOL
23,TURKANA,127,TURKANA SOUTH,636,KALAPATA,KOTORO PRIMARY SCHOOL.
23,TURKANA,127,TURKANA SOUTH,636,KALAPATA,LOMELEKU PRIMARY SCHOOL
23,TURKANA,127,TURKANA SOUTH,636,KALAPATA,LOUPWALA PRIMARY SCHOOL.
23,TURKANA,127,TURKANA SOUTH,636,KALAPATA,NAKAALEI PRIMARY SCHOOL.
23,TURKANA,127,TURKANA SOUTH,636,KALAPATA,NALEMKAIS PRIMARY SCHOOL.
23,TURKANA,127,TURKANA SOUTH,636,KALAPATA,NARIAMAWOI PRIMARY SCHOOL
23,TURKANA,127,TURKANA SOUTH,636,KALAPATA,NALEMKAIS NURSERY SCHOOL
23,TURKANA,127,TURKANA SOUTH,636,KALAPATA,NAGURO ECDE
23,TURKANA,127,TURKANA SOUTH,636,KALAPATA,AKURICHANAIT ECDE
23,TURKANA,127,TURKANA SOUTH,636,KALAPATA,KANGAKIPUR RCEA
23,TURKANA,127,TURKANA SOUTH,636,KALAPATA,KAIMEGUR PRIMARY SCHOOL
23,TURKANA,127,TURKANA SOUTH,636,KALAPATA,KAILES KAG CHURCH
23,TURKANA,127,TURKANA SOUTH,637,LOKICHAR,EDOS PRIMARY SCHOOL.
23,TURKANA,127,TURKANA SOUTH,637,LOKICHAR,KACHIBILIL MOBILE.
23,TURKANA,127,TURKANA SOUTH,637,LOKICHAR,KAENGOLERENG PRIMARY SCHOOL.
23,TURKANA,127,TURKANA SOUTH,637,LOKICHAR,KAICHUPALUK PRIMARY SCHOOL
23,TURKANA,127,TURKANA SOUTH,637,LOKICHAR,KAIPOKOOK PRIMARY SCHOOL
23,TURKANA,127,TURKANA SOUTH,637,LOKICHAR,KAKALEL WATER POINT.
23,TURKANA,127,TURKANA SOUTH,637,LOKICHAR,KAKALI PRIMARY SCHOOL
23,TURKANA,127,TURKANA SOUTH,637,LOKICHAR,KAMARESE PRIMARY SCHOOL.
23,TURKANA,127,TURKANA SOUTH,637,LOKICHAR,KAPESE PRIMARY SCHOOL.
23,TURKANA,127,TURKANA SOUTH,637,LOKICHAR,KAROGE PRIMARY SCHOOL.
23,TURKANA,127,TURKANA SOUTH,637,LOKICHAR,KASUROI PRIMARY SCHOOL.
23,TURKANA,127,TURKANA SOUTH,637,LOKICHAR,KAEKOROEAKWAN MOBILE.
23,TURKANA,127,TURKANA SOUTH,637,LOKICHAR,KEKORISOGOL PRIMARY SCHOOL.
23,TURKANA,127,TURKANA SOUTH,637,LOKICHAR,KIMABUR PRIMARY SCHOOL.
23,TURKANA,127,TURKANA SOUTH,637,LOKICHAR,LOCHOREMOIT PRIMARY SCHOOL.
23,TURKANA,127,TURKANA SOUTH,637,LOKICHAR,LOCHWAA-KWAN PRIMARY SCHOOL.
23,TURKANA,127,TURKANA SOUTH,637,LOKICHAR,LOCHWANG'IKAMATAK PRIMARY SCHOOL.
23,TURKANA,127,TURKANA SOUTH,637,LOKICHAR,LOKABURU PRIMARY SCHOOL.
23,TURKANA,127,TURKANA SOUTH,637,LOKICHAR,LOKICHAR GIRLS PRIMARY SCHOOL.
23,TURKANA,127,TURKANA SOUTH,637,LOKICHAR,LOKICHAR MIXED PRIMARY SCHOOL.
23,TURKANA,127,TURKANA SOUTH,637,LOKICHAR,MORU- ALLIGOI PAG CHURCH- LOCHWAA
23,TURKANA,127,TURKANA SOUTH,637,LOKICHAR,NAGETEI PRIMARY SCHOOL.
23,TURKANA,127,TURKANA SOUTH,637,LOKICHAR,NAKIMAK PRIMARY SCHOOL.
23,TURKANA,127,TURKANA SOUTH,637,LOKICHAR,NAKUJA-AMOSING WATER POINT
23,TURKANA,127,TURKANA SOUTH,637,LOKICHAR,NALEMUSEKON PRIMARY SCHOOL.
23,TURKANA,127,TURKANA SOUTH,637,LOKICHAR,NAMANTALEM PRIMARY SCHOOL.
23,TURKANA,127,TURKANA SOUTH,637,LOKICHAR,NAPUSIMORU PRIMARY SCHOOL.
23,TURKANA,127,TURKANA SOUTH,637,LOKICHAR,NARENG'EMUNYEN PRIMARY SCHOOL.
23,TURKANA,127,TURKANA SOUTH,637,LOKICHAR,NATORUBEI MOBILE.
23,TURKANA,127,TURKANA SOUTH,637,LOKICHAR,NAWOIYALIM MOBILE.
23,TURKANA,127,TURKANA SOUTH,637,LOKICHAR,NGAKITOKONOK WATER POINT
23,TURKANA,127,TURKANA SOUTH,637,LOKICHAR,NAKIPI PRIMARY SCHOOL.
23,TURKANA,127,TURKANA SOUTH,637,LOKICHAR,R.C.E.A. SETT. NURSERY SCHOOL.
23,TURKANA,127,TURKANA SOUTH,637,LOKICHAR,SOPEL PRIMARY SCHOOL.
23,TURKANA,127,TURKANA SOUTH,637,LOKICHAR,MORULINGAKIRION PAG CHURCH -LOCHWAA
23,TURKANA,127,TURKANA SOUTH,637,LOKICHAR,LOTONGUNA PRIMARY SCHOOL
23,TURKANA,127,TURKANA SOUTH,637,LOKICHAR,KANASUWAT WATER POINT
23,TURKANA,127,TURKANA SOUTH,637,LOKICHAR,KADONGOLO PRIMARY SCHOOL
23,TURKANA,127,TURKANA SOUTH,637,LOKICHAR,KEDOME PRIMARY SCHOOL
23,TURKANA,127,TURKANA SOUTH,637,LOKICHAR,LOMOKAMAR PRIMARY SCHOOL
23,TURKANA,127,TURKANA SOUTH,637,LOKICHAR,NGIMEYANA PRIMARY SCHOOL
23,TURKANA,127,TURKANA SOUTH,637,LOKICHAR,LOWOIDAPAI PRIMARY SCHOOL
23,TURKANA,127,TURKANA SOUTH,637,LOKICHAR,LOKITOLIWO PRIMARY SCHOOL
23,TURKANA,128,TURKANA EAST,638,KAPEDO/NAPEITOM,AGULE-ATIOKO MOBILE.
23,TURKANA,128,TURKANA EAST,638,KAPEDO/NAPEITOM,ARUMRUM APALIMA MOBILE.
23,TURKANA,128,TURKANA EAST,638,KAPEDO/NAPEITOM,EKIPOR MOBILE.
23,TURKANA,128,TURKANA EAST,638,KAPEDO/NAPEITOM,ERUS WATER POINT.
23,TURKANA,128,TURKANA EAST,638,KAPEDO/NAPEITOM,KACHILA WATER POINT.
23,TURKANA,128,TURKANA EAST,638,KAPEDO/NAPEITOM,KAMUGE MOBILE.
23,TURKANA,128,TURKANA EAST,638,KAPEDO/NAPEITOM,KAMUGE PRIMARY SCHOOL.
23,TURKANA,128,TURKANA EAST,638,KAPEDO/NAPEITOM,KAMUGE TRADING CENTER.
23,TURKANA,128,TURKANA EAST,638,KAPEDO/NAPEITOM,KANGOLIO MOBILE.
23,TURKANA,128,TURKANA EAST,638,KAPEDO/NAPEITOM,KAPEDO GIRLS PRIMARY SCHOOL.
23,TURKANA,128,TURKANA EAST,638,KAPEDO/NAPEITOM,KAPEDO PRIMARY SCHOOL.
23,TURKANA,128,TURKANA EAST,638,KAPEDO/NAPEITOM,KARIAMANGIRO WATER POINT.
23,TURKANA,128,TURKANA EAST,638,KAPEDO/NAPEITOM,KASIMANANG WATER POINT.
23,TURKANA,128,TURKANA EAST,638,KAPEDO/NAPEITOM,KASINYEN WATER POINT.
23,TURKANA,128,TURKANA EAST,638,KAPEDO/NAPEITOM,KATIIR WATER POINT.
23,TURKANA,128,TURKANA EAST,638,KAPEDO/NAPEITOM,KOKURE WATER POINT.
23,TURKANA,128,TURKANA EAST,638,KAPEDO/NAPEITOM,LOKIDONGITO MOBILE.
23,TURKANA,128,TURKANA EAST,638,KAPEDO/NAPEITOM,LOMARO WATER POINT.
23,TURKANA,128,TURKANA EAST,638,KAPEDO/NAPEITOM,LOMELO PRIMARY SCHOOL.
23,TURKANA,128,TURKANA EAST,638,KAPEDO/NAPEITOM,LOMELO WATER POINT.
23,TURKANA,128,TURKANA EAST,638,KAPEDO/NAPEITOM,LORENG WATER POINT.
23,TURKANA,128,TURKANA EAST,638,KAPEDO/NAPEITOM,NADOME MOBILE.
23,TURKANA,128,TURKANA EAST,638,KAPEDO/NAPEITOM,NADOME TRADING CENTER.
23,TURKANA,128,TURKANA EAST,638,KAPEDO/NAPEITOM,NAKWAMEKWI MOBILE.
23,TURKANA,128,TURKANA EAST,638,KAPEDO/NAPEITOM,NAPEITOM MOBILE.
23,TURKANA,128,TURKANA EAST,638,KAPEDO/NAPEITOM,NAPEITOM PRIMARY SCHOOL.
23,TURKANA,128,TURKANA EAST,638,KAPEDO/NAPEITOM,NG'AUKON WATER POINT.
23,TURKANA,128,TURKANA EAST,638,KAPEDO/NAPEITOM,NG'ILUKIA MOBILE.
23,TURKANA,128,TURKANA EAST,638,KAPEDO/NAPEITOM,SILALE PRIMARY SCHOOL.
23,TURKANA,128,TURKANA EAST,638,KAPEDO/NAPEITOM,KAMOSING WATER POINT.
23,TURKANA,128,TURKANA EAST,638,KAPEDO/NAPEITOM,KAKITOE WATER POINT.
23,TURKANA,128,TURKANA EAST,638,KAPEDO/NAPEITOM,KASOROGOL WATER POINT.
23,TURKANA,128,TURKANA EAST,638,KAPEDO/NAPEITOM,NGILUKIA TRADING CENTRE
23,TURKANA,128,TURKANA EAST,638,KAPEDO/NAPEITOM,KAKITEITEI TRADING CENTRE
23,TURKANA,128,TURKANA EAST,639,KATILIA,ECHOKE PRIMARY SCHOOL.
23,TURKANA,128,TURKANA EAST,639,KATILIA,ELELEA PRIMARY SCHOOL.
23,TURKANA,128,TURKANA EAST,639,KATILIA,KAIBOLE PRIMARY SCHOOL.
23,TURKANA,128,TURKANA EAST,639,KATILIA,KATILIA AIC SECONDARY SCHOOL.
23,TURKANA,128,TURKANA EAST,639,KATILIA,KATILIA TRADING CENTER.
23,TURKANA,128,TURKANA EAST,639,KATILIA,KEMOMERI NURSERY SCHOOL.
23,TURKANA,128,TURKANA EAST,639,KATILIA,KIDEWA PRIMARY SCHOOL.
23,TURKANA,128,TURKANA EAST,639,KATILIA,LOKORKOR PRIMARY SCHOOL.
23,TURKANA,128,TURKANA EAST,639,KATILIA,LOMUNYENAKWAN PRIMARY SCHOOL.
23,TURKANA,128,TURKANA EAST,639,KATILIA,LOPEDURU PRIMARY SCHOOL.
23,TURKANA,128,TURKANA EAST,639,KATILIA,NAKOTONGWA PRIMARY SCHOOL.
23,TURKANA,128,TURKANA EAST,639,KATILIA,NAMALITENY PRIMARY SCHOOL.
23,TURKANA,128,TURKANA EAST,639,KATILIA,NAUKOTLEM PRIMARY SCHOOL.
23,TURKANA,128,TURKANA EAST,639,KATILIA,NGIKENGOI NURSERY SCHOOL.
23,TURKANA,128,TURKANA EAST,639,KATILIA,PARGATI MOBILE.
23,TURKANA,128,TURKANA EAST,639,KATILIA,KANG'ISAJA NURSERY SCHOOL.
23,TURKANA,128,TURKANA EAST,639,KATILIA,RIET KATILIA MOBILE.
23,TURKANA,128,TURKANA EAST,639,KATILIA,KATILIA GIRLS SEC SCHOOL
23,TURKANA,128,TURKANA EAST,639,KATILIA,LOKABURU ECDE
23,TURKANA,128,TURKANA EAST,639,KATILIA,NGIKENGOI MOBILE
23,TURKANA,128,TURKANA EAST,639,KATILIA,KANAKIPE R.C.E.A
23,TURKANA,128,TURKANA EAST,640,LOKORI/KOCHODIN,ARUMRUM-ALOCHODAE MOBILE.
23,TURKANA,128,TURKANA EAST,640,LOKORI/KOCHODIN,KAARUKO PRIMARY SCHOOL.
23,TURKANA,128,TURKANA EAST,640,LOKORI/KOCHODIN,KADAM PRIMARY SCHOOL.
23,TURKANA,128,TURKANA EAST,640,LOKORI/KOCHODIN,KAKULIT MOBILE.
23,TURKANA,128,TURKANA EAST,640,LOKORI/KOCHODIN,KANG'ITIT PRIMARY SCHOOL.
23,TURKANA,128,TURKANA EAST,640,LOKORI/KOCHODIN,LOCHAKULA MOBILE.
23,TURKANA,128,TURKANA EAST,640,LOKORI/KOCHODIN,LOKICHADA PRIMARY SCHOOL.
23,TURKANA,128,TURKANA EAST,640,LOKORI/KOCHODIN,LOKORI PRIMARY SCHOOL.
23,TURKANA,128,TURKANA EAST,640,LOKORI/KOCHODIN,LOKWAMOSING PRIMARY SCHOOL.
23,TURKANA,128,TURKANA EAST,640,LOKORI/KOCHODIN,LOKWII PRIMARY SCHOOL.
23,TURKANA,128,TURKANA EAST,640,LOKORI/KOCHODIN,LOPII PRIMARY SCHOOL.
23,TURKANA,128,TURKANA EAST,640,LOKORI/KOCHODIN,LOTUBAE PRIMARY SCHOOL.
23,TURKANA,128,TURKANA EAST,640,LOKORI/KOCHODIN,MORULEM TRADING CENTRE.
23,TURKANA,128,TURKANA EAST,640,LOKORI/KOCHODIN,NAKUKULAS PRIMARY SCHOOL.
23,TURKANA,128,TURKANA EAST,640,LOKORI/KOCHODIN,NAKWASINYEN PRIMARY SCHOOL.
23,TURKANA,128,TURKANA EAST,640,LOKORI/KOCHODIN,NAPETAO WATER POINT.
23,TURKANA,128,TURKANA EAST,640,LOKORI/KOCHODIN,RIET LOKORI MOBILE.
23,TURKANA,128,TURKANA EAST,640,LOKORI/KOCHODIN,KALOPOROR MOBILE.
23,TURKANA,128,TURKANA EAST,640,LOKORI/KOCHODIN,LOKOSIMEKORI MOBILE.
23,TURKANA,128,TURKANA EAST,640,LOKORI/KOCHODIN,NAKORINYA ECD
23,TURKANA,128,TURKANA EAST,640,LOKORI/KOCHODIN,EMANMAN PRIMARY SCHOOL
23,TURKANA,128,TURKANA EAST,640,LOKORI/KOCHODIN,YOUNG YU PRIMARY SCHOOL
23,TURKANA,128,TURKANA EAST,640,LOKORI/KOCHODIN,NAOYAKIPOR PRIMARY SCHOOL
23,TURKANA,128,TURKANA EAST,640,LOKORI/KOCHODIN,KATAMANAK PRIMARY SCHOOL
23,TURKANA,128,TURKANA EAST,640,LOKORI/KOCHODIN,LOKOSIM EKORI PRIMARY SCHOOL
23,TURKANA,128,TURKANA EAST,640,LOKORI/KOCHODIN,NGIILIMO AIKEMER PRIMARY SCHOOL
23,TURKANA,128,TURKANA EAST,640,LOKORI/KOCHODIN,LOKORI GIRLS PRIMARY SCHOOL
23,TURKANA,128,TURKANA EAST,640,LOKORI/KOCHODIN,LOTIMAAN PRIMARIMARY SCHOOL
23,TURKANA,128,TURKANA EAST,640,LOKORI/KOCHODIN,KALOUCHELEM ECDE
23,TURKANA,128,TURKANA EAST,640,LOKORI/KOCHODIN,MARULEUM PRIMARY SCHOOL
23,TURKANA,128,TURKANA EAST,640,LOKORI/KOCHODIN,LOKAARAN MOBILE
23,TURKANA,128,TURKANA EAST,640,LOKORI/KOCHODIN,KACHALANGA MOBILE
24,WEST POKOT,129,KAPENGURIA,641,RIWO,MISKWONY PRIMARY SCHOOL
24,WEST POKOT,129,KAPENGURIA,641,RIWO,NATIRIRAR NURSERY SCHOOL
24,WEST POKOT,129,KAPENGURIA,641,RIWO,KOKET NURSERY SCHOOL
24,WEST POKOT,129,KAPENGURIA,641,RIWO,LOKNA PRIMARY SCHOOL
24,WEST POKOT,129,KAPENGURIA,641,RIWO,KAPRUWOK PRIMARY SCHOOL
24,WEST POKOT,129,KAPENGURIA,641,RIWO,SAWAYAN PRIMARY SCHOOL
24,WEST POKOT,129,KAPENGURIA,641,RIWO,KOITOKUM PRIMARY SCHOOL
24,WEST POKOT,129,KAPENGURIA,641,RIWO,CHEMAKEU PRIMARY SCHOOL
24,WEST POKOT,129,KAPENGURIA,641,RIWO,LOKATUKOI NURSERY SCHOOL
24,WEST POKOT,129,KAPENGURIA,641,RIWO,KOLIA NURSERY SCHOOL
24,WEST POKOT,129,KAPENGURIA,641,RIWO,LOKILOCHOI PRIMARY SCHOOL
24,WEST POKOT,129,KAPENGURIA,641,RIWO,KALEMUNYANG PRIMARY SCHOOL
24,WEST POKOT,129,KAPENGURIA,641,RIWO,KOPEMOI PRIMARY SCHOOL
24,WEST POKOT,129,KAPENGURIA,641,RIWO,YWOTWO NURSERY SCHOOL
24,WEST POKOT,129,KAPENGURIA,641,RIWO,KRURU NURSERY SCHOOL
24,WEST POKOT,129,KAPENGURIA,641,RIWO,SIMATWA PRIMARY SCHOOL
24,WEST POKOT,129,KAPENGURIA,641,RIWO,AKIRIAMET NURSERY SCHOOL
24,WEST POKOT,129,KAPENGURIA,641,RIWO,KONGELAI PRIMARY SCHOOL
24,WEST POKOT,129,KAPENGURIA,641,RIWO,NAKTOPAR PRIMARY SCHOOL
24,WEST POKOT,129,KAPENGURIA,641,RIWO,LIMANGOLE WATER POINT
24,WEST POKOT,129,KAPENGURIA,641,RIWO,POOLE PRIMARY SCHOOL
24,WEST POKOT,129,KAPENGURIA,641,RIWO,SIMATON NURSERY SCHOOL
24,WEST POKOT,129,KAPENGURIA,641,RIWO,MERIYESE PRE PRIMARY SCHOOL
24,WEST POKOT,129,KAPENGURIA,641,RIWO,AMINITO NURSERY SCHOOL
24,WEST POKOT,129,KAPENGURIA,641,RIWO,KITELAKAPEL PRIMARY SCHOOL
24,WEST POKOT,129,KAPENGURIA,641,RIWO,LOKITEDEL NURSERY SCHOOL
24,WEST POKOT,129,KAPENGURIA,641,RIWO,LODUPUP PRIMARY SCHOOL
24,WEST POKOT,129,KAPENGURIA,641,RIWO,LOKUYII PRIMARY SCHOOL
24,WEST POKOT,129,KAPENGURIA,641,RIWO,ADURKOIT PRIMARY SCHOOL
24,WEST POKOT,129,KAPENGURIA,641,RIWO,CHEPKEMEI PRIMARY SCHOOL
24,WEST POKOT,129,KAPENGURIA,641,RIWO,KAPTARIN PRIMARY SCHOOL
24,WEST POKOT,129,KAPENGURIA,641,RIWO,KRESWO PRIMARY SCHOOL
24,WEST POKOT,129,KAPENGURIA,641,RIWO,NAKWANGAMORU PRIMARY SCHOOL
24,WEST POKOT,129,KAPENGURIA,641,RIWO,KAKORURON PRIMARY SCHOOL
24,WEST POKOT,129,KAPENGURIA,641,RIWO,CHESAWACH PRE PRIMARY SCHOOL
24,WEST POKOT,129,KAPENGURIA,641,RIWO,SEREWO PRIMARY SCHOOL
24,WEST POKOT,129,KAPENGURIA,641,RIWO,ADADO PRIMARY SCHOOL
24,WEST POKOT,129,KAPENGURIA,641,RIWO,KUTUNG POKUNYANGA PRY SCH
24,WEST POKOT,129,KAPENGURIA,641,RIWO,CHEPKRAM PRIMARY SCHOOL
24,WEST POKOT,129,KAPENGURIA,641,RIWO,MTEMBUR PRIMARY SCHOOL
24,WEST POKOT,129,KAPENGURIA,641,RIWO,PKOPOCH PRE PRIMARY SCHOOL
24,WEST POKOT,129,KAPENGURIA,641,RIWO,KODENGEL PRIMARY SCHOOL
24,WEST POKOT,129,KAPENGURIA,641,RIWO,KARENGER SECONDARY SCHOOL
24,WEST POKOT,129,KAPENGURIA,641,RIWO,LOTUNALE PRIMARY SCHOOL
24,WEST POKOT,129,KAPENGURIA,641,RIWO,LOLOTWO PRIMARY SCHOOL
24,WEST POKOT,129,KAPENGURIA,641,RIWO,KANYARKWAT PRIMARY SCHOOL
24,WEST POKOT,129,KAPENGURIA,641,RIWO,LOMANGIRO PRIMARY SCHOOL
24,WEST POKOT,129,KAPENGURIA,641,RIWO,KATIKOMOR PRIMARY SCHOOL
24,WEST POKOT,129,KAPENGURIA,641,RIWO,NAPAWOI PRE PRIMARY SCHOOL
24,WEST POKOT,129,KAPENGURIA,641,RIWO,EMPOASIS PRIMARY SCHOOL
24,WEST POKOT,129,KAPENGURIA,641,RIWO,PRINDA PRIMARY SCHOOL
24,WEST POKOT,129,KAPENGURIA,641,RIWO,KONCHIL PRIMARY SCHOOL
24,WEST POKOT,129,KAPENGURIA,641,RIWO,PRUOK PRIMARY SCHOOL
24,WEST POKOT,129,KAPENGURIA,641,RIWO,KACHAMBILWA ECDE CENTRE
24,WEST POKOT,129,KAPENGURIA,641,RIWO,SEKWANG ECDE CENTRE
24,WEST POKOT,129,KAPENGURIA,641,RIWO,HABARI NJEMA ECDE
24,WEST POKOT,129,KAPENGURIA,641,RIWO,AKERPOYESO PRIMARY SCHOOL
24,WEST POKOT,129,KAPENGURIA,641,RIWO,ATACHA PRIMARY SCHOOL
24,WEST POKOT,129,KAPENGURIA,641,RIWO,PRINDA ECDE CENTRE
24,WEST POKOT,129,KAPENGURIA,641,RIWO,LOKONYIN ECDE CENTRE
24,WEST POKOT,129,KAPENGURIA,641,RIWO,CHEMOIKUT ECDE CENTRE
24,WEST POKOT,129,KAPENGURIA,641,RIWO,MATUNDIAN ECDE CENTRE
24,WEST POKOT,129,KAPENGURIA,641,RIWO,CHEPANYINTA ECDE CENTRE
24,WEST POKOT,129,KAPENGURIA,641,RIWO,CHEPOROR PRIMARY SCHOOL
24,WEST POKOT,129,KAPENGURIA,641,RIWO,KATUKUMWOK PRIMARY SCHOOL
24,WEST POKOT,129,KAPENGURIA,641,RIWO,AKERU PRIMARY SCHOOL
24,WEST POKOT,129,KAPENGURIA,641,RIWO,TUKUMWOK ECDE CENTRE
24,WEST POKOT,129,KAPENGURIA,641,RIWO,KODULEM ECDE CENTRE
24,WEST POKOT,129,KAPENGURIA,641,RIWO,KONA (KISAKAMI) ECDE CENTRE
24,WEST POKOT,129,KAPENGURIA,641,RIWO,KAMBI NDEGE AIC CHURCH
24,WEST POKOT,129,KAPENGURIA,641,RIWO,KONGELAI AIC CHURCH
24,WEST POKOT,129,KAPENGURIA,641,RIWO,KOMOLKIPI ECDE CENTRE
24,WEST POKOT,129,KAPENGURIA,642,KAPENGURIA,ST MARY'S PRIMARY SCHOOL
24,WEST POKOT,129,KAPENGURIA,642,KAPENGURIA,BENDERA NURSERY SCHOOL
24,WEST POKOT,129,KAPENGURIA,642,KAPENGURIA,CHEWOYET HIGH SCHOOL
24,WEST POKOT,129,KAPENGURIA,642,KAPENGURIA,TOMENA PRIMARY SCHOOL
24,WEST POKOT,129,KAPENGURIA,642,KAPENGURIA,KAPENGURIA TRADING CENTRE
24,WEST POKOT,129,KAPENGURIA,642,KAPENGURIA,PCEA MAWINGO ROAD
24,WEST POKOT,129,KAPENGURIA,642,KAPENGURIA,TILAK PRIMARY SCHOOL
24,WEST POKOT,129,KAPENGURIA,642,KAPENGURIA,KAPKORIS PRIMARY SCHOOL
24,WEST POKOT,129,KAPENGURIA,642,KAPENGURIA,ROPONYWO PRIMARY SCHOOL
24,WEST POKOT,129,KAPENGURIA,642,KAPENGURIA,KARAS PRIMARY SCHOOL
24,WEST POKOT,129,KAPENGURIA,642,KAPENGURIA,CHEPTAPESIA PRIMARY SCHOOL
24,WEST POKOT,129,KAPENGURIA,642,KAPENGURIA,KATIPOROT NURSERY SCHOOL
24,WEST POKOT,129,KAPENGURIA,642,KAPENGURIA,KALAMOYWO PRIMARY SCHOOL
24,WEST POKOT,129,KAPENGURIA,642,KAPENGURIA,SAKAT PRIMARY SCHOOL
24,WEST POKOT,129,KAPENGURIA,642,KAPENGURIA,KAPROM PRIMARY SCHOOL
24,WEST POKOT,129,KAPENGURIA,642,KAPENGURIA,CHEMNGAYAM NURSERY SCH
24,WEST POKOT,129,KAPENGURIA,642,KAPENGURIA,NGOLEYO PRIMARY SCHOOL
24,WEST POKOT,129,KAPENGURIA,642,KAPENGURIA,LOKWAMUKE NURSERY SCHOOL
24,WEST POKOT,129,KAPENGURIA,642,KAPENGURIA,KACHIKORKOR PRIMARY SCHOOL
24,WEST POKOT,129,KAPENGURIA,642,KAPENGURIA,KOMOL PRIMARY SCHOOL
24,WEST POKOT,129,KAPENGURIA,642,KAPENGURIA,CHEPKAPECHAK PRIMARY SCHOOL
24,WEST POKOT,129,KAPENGURIA,642,KAPENGURIA,KOPOCH PRIMARY SCHOOL
24,WEST POKOT,129,KAPENGURIA,642,KAPENGURIA,PUTER PRI NURSERY SCHOOL
24,WEST POKOT,129,KAPENGURIA,642,KAPENGURIA,CHEPKECHIR PRIMARY SCHOOL
24,WEST POKOT,129,KAPENGURIA,642,KAPENGURIA,AKIMULTIN NURSERY SCHOOL
24,WEST POKOT,129,KAPENGURIA,642,KAPENGURIA,CHEPONGO NURSERY SCHOOL
24,WEST POKOT,129,KAPENGURIA,642,KAPENGURIA,LOTONGOT TRADING CENTRE
24,WEST POKOT,129,KAPENGURIA,642,KAPENGURIA,KORMONOT ECDE CENTRE
24,WEST POKOT,129,KAPENGURIA,642,KAPENGURIA,TANTANA PRIMARY SCHOOL
24,WEST POKOT,129,KAPENGURIA,642,KAPENGURIA,KAKPAW PRIMARY SCHOOL
24,WEST POKOT,129,KAPENGURIA,642,KAPENGURIA,KAMARKECH PAG NURSERY
24,WEST POKOT,129,KAPENGURIA,642,KAPENGURIA,AIC MAKUTANO
24,WEST POKOT,129,KAPENGURIA,642,KAPENGURIA,CHEPINYINY NURSERY
24,WEST POKOT,129,KAPENGURIA,642,KAPENGURIA,NYAKWALA ECDE CENTRE
24,WEST POKOT,129,KAPENGURIA,642,KAPENGURIA,TAKAR ECDE CENTRE
24,WEST POKOT,129,KAPENGURIA,642,KAPENGURIA,AGC CHURCH KILIMANJARO
24,WEST POKOT,129,KAPENGURIA,643,MNAGEI,LOKORNOI PRIMARY SCHOOL
24,WEST POKOT,129,KAPENGURIA,643,MNAGEI,TAMPALAL PRIMARY SCHOOL
24,WEST POKOT,129,KAPENGURIA,643,MNAGEI,KISIAUNET CENTRE
24,WEST POKOT,129,KAPENGURIA,643,MNAGEI,NATELENG PRIMARY SCHOOL
24,WEST POKOT,129,KAPENGURIA,643,MNAGEI,KACHEPKAI PRIMARY SCHOOL
24,WEST POKOT,129,KAPENGURIA,643,MNAGEI,KAMITO SECONDARY SCHOOL
24,WEST POKOT,129,KAPENGURIA,643,MNAGEI,NANGROTUM PRIMARY SCHOOL
24,WEST POKOT,129,KAPENGURIA,643,MNAGEI,KAPLELACHKOROR PRIMARY SCHOOL
24,WEST POKOT,129,KAPENGURIA,643,MNAGEI,TARTAR PRIMARY SCHOOL
24,WEST POKOT,129,KAPENGURIA,643,MNAGEI,KERINGET PRIMARY SCHOOL
24,WEST POKOT,129,KAPENGURIA,643,MNAGEI,PSER PRIMARY SCHOOL
24,WEST POKOT,129,KAPENGURIA,643,MNAGEI,CHEPTUYA PRIMARY SCHOOL
24,WEST POKOT,129,KAPENGURIA,643,MNAGEI,KADOKONY PRIMARY SCHOOL
24,WEST POKOT,129,KAPENGURIA,643,MNAGEI,MORTOME PRIMARY SCHOOL
24,WEST POKOT,129,KAPENGURIA,643,MNAGEI,KANGULIKWAN PRIMARY SCHOOL
24,WEST POKOT,129,KAPENGURIA,643,MNAGEI,KAMOROW PRIMARY SCHOOL
24,WEST POKOT,129,KAPENGURIA,643,MNAGEI,ST.COMBONI KAMWOTINY PRIMARY SCHOOL
24,WEST POKOT,129,KAPENGURIA,643,MNAGEI,KITELAPOSHO PRIMARY SCHOOL
24,WEST POKOT,129,KAPENGURIA,643,MNAGEI,MURKWIJIT PRIMARY SCHOOL
24,WEST POKOT,129,KAPENGURIA,643,MNAGEI,PSIGIRIO PRIMARY SCHOOL
24,WEST POKOT,129,KAPENGURIA,643,MNAGEI,LITYEI PRIMARY SCHOOL
24,WEST POKOT,129,KAPENGURIA,643,MNAGEI,SHOW GROUND
24,WEST POKOT,129,KAPENGURIA,643,MNAGEI,NASOKOL PRIMARY SCHOOL
24,WEST POKOT,129,KAPENGURIA,643,MNAGEI,TOTUM PRIMARY SCHOOL
24,WEST POKOT,129,KAPENGURIA,643,MNAGEI,MOKONGWO PRIMARY SCHOOL
24,WEST POKOT,129,KAPENGURIA,643,MNAGEI,KODONGOU PRIMARY SCHOOL
24,WEST POKOT,129,KAPENGURIA,643,MNAGEI,BAPTIST CHURCH MAKUTANO
24,WEST POKOT,129,KAPENGURIA,643,MNAGEI,MOSESWO BIBLE COMMUNITY ECDE
24,WEST POKOT,129,KAPENGURIA,643,MNAGEI,"KAMORROW V, ECDE"
24,WEST POKOT,129,KAPENGURIA,643,MNAGEI,CHEPUNPUN PRIMARY SCHOOL
24,WEST POKOT,129,KAPENGURIA,643,MNAGEI,CHEPANGANG ECDE CENTRE
24,WEST POKOT,129,KAPENGURIA,643,MNAGEI,KERINGET MIXED SECONDARY SCHOOL
24,WEST POKOT,129,KAPENGURIA,643,MNAGEI,KAPYEMUT PRIMARY SCHOOL
24,WEST POKOT,129,KAPENGURIA,643,MNAGEI,KOMOLEE PRIMARY SCHOOL
24,WEST POKOT,129,KAPENGURIA,643,MNAGEI,CHEPKOGHIO ECDE CENTRE
24,WEST POKOT,129,KAPENGURIA,643,MNAGEI,SMUTOI PRIMARY SCHOOL
24,WEST POKOT,129,KAPENGURIA,644,SIYOI,SIYOI PRIMARY SCHOOL
24,WEST POKOT,129,KAPENGURIA,644,SIYOI,KORENGET NURSERY SCHOOL
24,WEST POKOT,129,KAPENGURIA,644,SIYOI,KAPKECHA PRIMARY SCHOOL
24,WEST POKOT,129,KAPENGURIA,644,SIYOI,PARAYWA PRIMARY SCHOOL
24,WEST POKOT,129,KAPENGURIA,644,SIYOI,KAISAKAT PRIMARY SCHOOL
24,WEST POKOT,129,KAPENGURIA,644,SIYOI,KAPCHILA PRIMARY SCHOOL
24,WEST POKOT,129,KAPENGURIA,644,SIYOI,KAPRECH PRIMARY SCHOOL
24,WEST POKOT,129,KAPENGURIA,644,SIYOI,KAMARINY 'B' NURSERY SCHOOL
24,WEST POKOT,129,KAPENGURIA,644,SIYOI,KAIBOS PRIMARY SCHOOL
24,WEST POKOT,129,KAPENGURIA,644,SIYOI,KAPKATET PRIMARY SCHOOL
24,WEST POKOT,129,KAPENGURIA,644,SIYOI,TUYEPEI NURSERY SCHOOL
24,WEST POKOT,129,KAPENGURIA,644,SIYOI,KIPKORINYA PRIMARY SCHOOL
24,WEST POKOT,129,KAPENGURIA,644,SIYOI,CHEPKOTI PRIMARY SCHOOL
24,WEST POKOT,129,KAPENGURIA,644,SIYOI,SINENDEN PRIMARY SCHOOL
24,WEST POKOT,129,KAPENGURIA,644,SIYOI,KORPUN ECDE CENTRE
24,WEST POKOT,129,KAPENGURIA,644,SIYOI,KAPNGOIYO ECDE CENTRE
24,WEST POKOT,129,KAPENGURIA,644,SIYOI,LOKAPEL ECDE CENTRE
24,WEST POKOT,129,KAPENGURIA,644,SIYOI,KIPSAKAS PRIMARY SCHOOL
24,WEST POKOT,129,KAPENGURIA,644,SIYOI,BOMA ECDE CENTRE
24,WEST POKOT,129,KAPENGURIA,644,SIYOI,KAPSURUM PRIMARY SCHOOL
24,WEST POKOT,129,KAPENGURIA,645,ENDUGH,KAPKATA PRIMARY SCHOOL
24,WEST POKOT,129,KAPENGURIA,645,ENDUGH,CHEMOROROCH PRIMARY SCHOOL
24,WEST POKOT,129,KAPENGURIA,645,ENDUGH,KOITOPOK NURSERY SCHOOL
24,WEST POKOT,129,KAPENGURIA,645,ENDUGH,KASITIT PRIMARY SCHOOL
24,WEST POKOT,129,KAPENGURIA,645,ENDUGH,KETIAM PRIMARY SCHOOL
24,WEST POKOT,129,KAPENGURIA,645,ENDUGH,SINJO PRIMARY SCHOOL
24,WEST POKOT,129,KAPENGURIA,645,ENDUGH,CHEMWAPIT PRIMARY SCHOOL
24,WEST POKOT,129,KAPENGURIA,645,ENDUGH,CHEPOLET PRIMARY SCHOOL
24,WEST POKOT,129,KAPENGURIA,645,ENDUGH,KESOT PRIMARY SCHOOL
24,WEST POKOT,129,KAPENGURIA,645,ENDUGH,TIPET PRIMARY SCHOOL
24,WEST POKOT,129,KAPENGURIA,645,ENDUGH,KASITEI CENTRE
24,WEST POKOT,129,KAPENGURIA,645,ENDUGH,RITING PRIMARY SCHOOL
24,WEST POKOT,129,KAPENGURIA,645,ENDUGH,KUDUNGOLE PRIMARY SCHOOL
24,WEST POKOT,129,KAPENGURIA,645,ENDUGH,CHEPOKACHIM PRIMARY SCHOOL
24,WEST POKOT,129,KAPENGURIA,645,ENDUGH,CHEWARANY PRIMARY SCHOOL
24,WEST POKOT,129,KAPENGURIA,645,ENDUGH,KANAA PRIMARY SCHOOL
24,WEST POKOT,129,KAPENGURIA,645,ENDUGH,SALAWA PRIMARY SCHOOL
24,WEST POKOT,129,KAPENGURIA,645,ENDUGH,TENGAR NURSERY SCHOOL
24,WEST POKOT,129,KAPENGURIA,645,ENDUGH,KRIICH PRIMARY SCHOOL
24,WEST POKOT,129,KAPENGURIA,645,ENDUGH,KLAAN PRIMARY SCHOOL
24,WEST POKOT,129,KAPENGURIA,645,ENDUGH,MOMORO PRIMARY SCHOOL
24,WEST POKOT,129,KAPENGURIA,645,ENDUGH,MOSONGKAGHIN TRADING CENTRE
24,WEST POKOT,129,KAPENGURIA,645,ENDUGH,CHEPTRAM PRIMARY SCHOOL
24,WEST POKOT,129,KAPENGURIA,645,ENDUGH,WURAR NURSERY SCHOOL
24,WEST POKOT,129,KAPENGURIA,645,ENDUGH,PTOYO PRIMARY SCHOOL
24,WEST POKOT,129,KAPENGURIA,645,ENDUGH,KAPETAKINEY NURSERY SCHOOL
24,WEST POKOT,129,KAPENGURIA,645,ENDUGH,EMPOSUT PRIMARY SCHOOL
24,WEST POKOT,129,KAPENGURIA,645,ENDUGH,TONOYO PRIMARY SCHOOL
24,WEST POKOT,129,KAPENGURIA,645,ENDUGH,WONYOI PRIMARY SCHOOL
24,WEST POKOT,129,KAPENGURIA,645,ENDUGH,RUKEI PRIMARY SCHOOL
24,WEST POKOT,129,KAPENGURIA,645,ENDUGH,MERUR PRIMARY SCHOOL
24,WEST POKOT,129,KAPENGURIA,645,ENDUGH,TAMARUKWO PRIMARY SCHOOL
24,WEST POKOT,129,KAPENGURIA,645,ENDUGH,KAPTEMO PRIMARY SCHOOL
24,WEST POKOT,129,KAPENGURIA,645,ENDUGH,MUMOT PRIMARY SCHOOL
24,WEST POKOT,129,KAPENGURIA,645,ENDUGH,RERES NURSERY SCHOOL
24,WEST POKOT,129,KAPENGURIA,645,ENDUGH,YWOPIT NURSERY SCHOOL
24,WEST POKOT,129,KAPENGURIA,645,ENDUGH,SAKAT NURSERY SCHOOL
24,WEST POKOT,129,KAPENGURIA,645,ENDUGH,SAPINA PRIMARY SCHOOL
24,WEST POKOT,129,KAPENGURIA,645,ENDUGH,CHEPKAIKAI PRIMARY SCHOOL
24,WEST POKOT,129,KAPENGURIA,645,ENDUGH,MUNO ECDE CENTRE
24,WEST POKOT,129,KAPENGURIA,645,ENDUGH,KASOLIPO ECDE CENTRE
24,WEST POKOT,129,KAPENGURIA,645,ENDUGH,KAPTUGEN ECDE CENTRE
24,WEST POKOT,129,KAPENGURIA,645,ENDUGH,KEWASIS ECDE CENTRE
24,WEST POKOT,129,KAPENGURIA,645,ENDUGH,HARUKUI ECDE CENTRE
24,WEST POKOT,129,KAPENGURIA,645,ENDUGH,CHEMORIL PRIMARY SCHOOL
24,WEST POKOT,129,KAPENGURIA,645,ENDUGH,KORENGER BAPTIST CHURCH
24,WEST POKOT,129,KAPENGURIA,645,ENDUGH,SUNGWAI GLOBAL CHURCH
24,WEST POKOT,129,KAPENGURIA,645,ENDUGH,TOPOVONY BAPTIST CHURCH
24,WEST POKOT,129,KAPENGURIA,646,SOOK,PRIRO PRIMARY SCHOOL
24,WEST POKOT,129,KAPENGURIA,646,SOOK,PTIRA NURSERY SCHOOL
24,WEST POKOT,129,KAPENGURIA,646,SOOK,TAMUGH PRIMARY SCHOOL
24,WEST POKOT,129,KAPENGURIA,646,SOOK,CHEPOSEKEK PRIMARY SCHOOL
24,WEST POKOT,129,KAPENGURIA,646,SOOK,LETWA PRIMARY SCHOOL
24,WEST POKOT,129,KAPENGURIA,646,SOOK,KACHUMAKINEI NURSERY SCHOOL
24,WEST POKOT,129,KAPENGURIA,646,SOOK,MISKWONY NURSERY SCHOOL
24,WEST POKOT,129,KAPENGURIA,646,SOOK,CHEPKALIANG PRIMARY SCHOOL
24,WEST POKOT,129,KAPENGURIA,646,SOOK,MUNGIT PRIMARY SCHOOL
24,WEST POKOT,129,KAPENGURIA,646,SOOK,KAPLELACH NURSERY SCHOOL
24,WEST POKOT,129,KAPENGURIA,646,SOOK,CHEPNYAL PRIMARY SCHOOL
24,WEST POKOT,129,KAPENGURIA,646,SOOK,KATIMORIL PRIMARY SCHOOL
24,WEST POKOT,129,KAPENGURIA,646,SOOK,CHEPTESOK PRIMARY SCHOOL
24,WEST POKOT,129,KAPENGURIA,646,SOOK,TINDAR PRIMARY SCHOOL
24,WEST POKOT,129,KAPENGURIA,646,SOOK,TOPTOLUM PRIMARY SCHOOL
24,WEST POKOT,129,KAPENGURIA,646,SOOK,CHEPTOCH PRIMARY SCHOOL
24,WEST POKOT,129,KAPENGURIA,646,SOOK,CHOLPOGH PRIMARY SCHOOL
24,WEST POKOT,129,KAPENGURIA,646,SOOK,EMPOKECH PRIMARY SCHOOL
24,WEST POKOT,129,KAPENGURIA,646,SOOK,TOMPUL PRIMARY SCHOOL
24,WEST POKOT,129,KAPENGURIA,646,SOOK,SIRKOY NURSERY SCHOOL
24,WEST POKOT,129,KAPENGURIA,646,SOOK,EMBOUGH PRIMARY SCHOOL
24,WEST POKOT,129,KAPENGURIA,646,SOOK,PKOROU NURSERY SCHOOL
24,WEST POKOT,129,KAPENGURIA,646,SOOK,SIMAT PRIMARY SCHOOL
24,WEST POKOT,129,KAPENGURIA,646,SOOK,KOCHAR PRIMARY SCHOOL
24,WEST POKOT,129,KAPENGURIA,646,SOOK,PILILAI TRADING CENTRE
24,WEST POKOT,129,KAPENGURIA,646,SOOK,TOPNO NURSERY SCHOOL
24,WEST POKOT,129,KAPENGURIA,646,SOOK,PTOO PRIMARY SCHOOL
24,WEST POKOT,129,KAPENGURIA,646,SOOK,TOKISOM NURSERY SCHOOL
24,WEST POKOT,129,KAPENGURIA,646,SOOK,KAPKIMAR ECDE CENTRE
24,WEST POKOT,129,KAPENGURIA,646,SOOK,SRO ECDE CENTRE
24,WEST POKOT,129,KAPENGURIA,646,SOOK,TOKOROI ECDE CENTRE
24,WEST POKOT,130,SIGOR,647,SEKERR,NASOLOT PRIMARY SCHOOL
24,WEST POKOT,130,SIGOR,647,SEKERR,TALOON PRIMARY SCHOOL
24,WEST POKOT,130,SIGOR,647,SEKERR,PAREK PRIMARY SCHOOL
24,WEST POKOT,130,SIGOR,647,SEKERR,SARMACH PRIMARY SCHOOL
24,WEST POKOT,130,SIGOR,647,SEKERR,CHEPKONDOL PRIMARY SCHOOL
24,WEST POKOT,130,SIGOR,647,SEKERR,MBARA PRIMARY SCHOOL
24,WEST POKOT,130,SIGOR,647,SEKERR,MARINY TRADING CENTRE
24,WEST POKOT,130,SIGOR,647,SEKERR,SOSTIN PRIMARY SCHOOL
24,WEST POKOT,130,SIGOR,647,SEKERR,ORWA PRIMARY SCHOOL
24,WEST POKOT,130,SIGOR,647,SEKERR,MARICH PRIMARY SCHOOL
24,WEST POKOT,130,SIGOR,647,SEKERR,CHORWA PRIMARY SCHOOL
24,WEST POKOT,130,SIGOR,647,SEKERR,SILIP PRIMARY SCHOOL
24,WEST POKOT,130,SIGOR,647,SEKERR,NGOYOMWO PRIMARY SCHOOL
24,WEST POKOT,130,SIGOR,647,SEKERR,TEMOWU PRIMARY SCHOOL
24,WEST POKOT,130,SIGOR,647,SEKERR,KAPSOO PRIMARY SCHOOL
24,WEST POKOT,130,SIGOR,647,SEKERR,CHEPTEM PRIMARY SCHOOL
24,WEST POKOT,130,SIGOR,647,SEKERR,SENGELEL PRIMARY SCHOOL
24,WEST POKOT,130,SIGOR,647,SEKERR,KAIPAMAYOS TRADING CENTRE
24,WEST POKOT,130,SIGOR,647,SEKERR,ORURO PRIMARY SCHOOL
24,WEST POKOT,130,SIGOR,647,SEKERR,EMBOGHAT PRIMARY SCHOOL
24,WEST POKOT,130,SIGOR,647,SEKERR,KIWAKAN TRADING CENTRE
24,WEST POKOT,130,SIGOR,647,SEKERR,CHOPOTWO PRIMARY SCHOOL
24,WEST POKOT,130,SIGOR,647,SEKERR,KAPONPON NURSERY SCHOOL
24,WEST POKOT,130,SIGOR,647,SEKERR,LULWO NURSERY SCHOOL
24,WEST POKOT,130,SIGOR,647,SEKERR,SIMOTWO NURSERY SCHOOL
24,WEST POKOT,130,SIGOR,647,SEKERR,LOIWANA NURSERY SCHOOL
24,WEST POKOT,130,SIGOR,647,SEKERR,KAMBI KARAI TRADING CENTRE
24,WEST POKOT,130,SIGOR,647,SEKERR,TARAKIT ECDE
24,WEST POKOT,130,SIGOR,647,SEKERR,PEOTA PRIMARY SCHOOL
24,WEST POKOT,130,SIGOR,647,SEKERR,KARKAR ECDE
24,WEST POKOT,130,SIGOR,647,SEKERR,POMON ECDE
24,WEST POKOT,130,SIGOR,647,SEKERR,SUUT ECDE
24,WEST POKOT,130,SIGOR,647,SEKERR,KAPLEKWA ECDE POLLING STATION
24,WEST POKOT,130,SIGOR,647,SEKERR,SEWERA ECDE POLLING STATION
24,WEST POKOT,130,SIGOR,647,SEKERR,ST. MARY PORIO KRUT ECDE POLLING STATION
24,WEST POKOT,130,SIGOR,647,SEKERR,RUK ECDE POLLING STATION
24,WEST POKOT,130,SIGOR,647,SEKERR,SAPOYI ECDE POLLING STATION
24,WEST POKOT,130,SIGOR,648,MASOOL,KOKWOKUCHUI VILLAGE - MOBILE
24,WEST POKOT,130,SIGOR,648,MASOOL,NYANGAITA DAM
24,WEST POKOT,130,SIGOR,648,MASOOL,SEKEROT PRIMARY SCHOOL
24,WEST POKOT,130,SIGOR,648,MASOOL,SAMAKITUK TRADING CENTRE
24,WEST POKOT,130,SIGOR,648,MASOOL,KALAS MANYATTA
24,WEST POKOT,130,SIGOR,648,MASOOL,CHIRKIL NURSERY SCHOOL
24,WEST POKOT,130,SIGOR,648,MASOOL,NYANGAITA PRIMARY SCHOOL
24,WEST POKOT,130,SIGOR,648,MASOOL,CHEPKOKOCH NURSERY SCHOOL
24,WEST POKOT,130,SIGOR,648,MASOOL,SURUMPEN NURSERY SCHOOL
24,WEST POKOT,130,SIGOR,648,MASOOL,AMUTTO MANYATTA
24,WEST POKOT,130,SIGOR,648,MASOOL,AMOLEM PRIMARY SCHOOL- MOBILE
24,WEST POKOT,130,SIGOR,648,MASOOL,AKIRIAMET PRIMARY SCHOOL- MOBILE
24,WEST POKOT,130,SIGOR,648,MASOOL,KAITAPOS PRIMARY SCHOOL- MOBILE
24,WEST POKOT,130,SIGOR,648,MASOOL,LOKARKAR PRIMARY SCHOOL- MOBILE
24,WEST POKOT,130,SIGOR,648,MASOOL,KOKOROSION MANYATTA - MOBILE
24,WEST POKOT,130,SIGOR,648,MASOOL,SIMBOL NURSERY SCHOOL- MOBILE
24,WEST POKOT,130,SIGOR,648,MASOOL,KOTULPOGH MOBILE STATION
24,WEST POKOT,130,SIGOR,648,MASOOL,AKULO VILLAGE POLLING STATION
24,WEST POKOT,130,SIGOR,648,MASOOL,KACHANGUYA ECDE POLLING STATION
24,WEST POKOT,130,SIGOR,648,MASOOL,AMOLER ECDE
24,WEST POKOT,130,SIGOR,649,LOMUT,PARKINO PRIMARY SCHOOL
24,WEST POKOT,130,SIGOR,649,LOMUT,LOMUT FOREST CAMP
24,WEST POKOT,130,SIGOR,649,LOMUT,KOKWOSITOT PRIMARY SCHOOL
24,WEST POKOT,130,SIGOR,649,LOMUT,LOMUT PRIMARY SCHOOL
24,WEST POKOT,130,SIGOR,649,LOMUT,TULUNGWO PRIMARY SCHOOL
24,WEST POKOT,130,SIGOR,649,LOMUT,CHEMUTLOKOTYO PRIMARY SCHOOL
24,WEST POKOT,130,SIGOR,649,LOMUT,KOKWORITIT PRIMARY SCHOOL
24,WEST POKOT,130,SIGOR,649,LOMUT,OTIOT PRIMARY SCHOOL
24,WEST POKOT,130,SIGOR,649,LOMUT,SORORO PRIMARY SCHOOL
24,WEST POKOT,130,SIGOR,649,LOMUT,PITPAGH PRIMARY SCHOOL
24,WEST POKOT,130,SIGOR,649,LOMUT,ANNET PRIMARY SCHOOL
24,WEST POKOT,130,SIGOR,649,LOMUT,PTIRAP PRIMARY SCHOOL
24,WEST POKOT,130,SIGOR,649,LOMUT,KOKWOMESES PRIMARY SCHOOL
24,WEST POKOT,130,SIGOR,649,LOMUT,ARPOLO PRIMARY SCHOOL
24,WEST POKOT,130,SIGOR,649,LOMUT,CHESEGON PRIMARY SCHOOL
24,WEST POKOT,130,SIGOR,649,LOMUT,KRONGON NURSERY SCHOOL
24,WEST POKOT,130,SIGOR,649,LOMUT,TILAKAI PRIMARY SCHOOL
24,WEST POKOT,130,SIGOR,649,LOMUT,CHEPKOKOGH PRIMARY SCHOOL
24,WEST POKOT,130,SIGOR,649,LOMUT,MALOS NURSERY SCHOOL
24,WEST POKOT,130,SIGOR,649,LOMUT,ANNIKEN NURSERY SCHOOL
24,WEST POKOT,130,SIGOR,649,LOMUT,CHERELIO NURSERY SCHOOL
24,WEST POKOT,130,SIGOR,649,LOMUT,SASACH NURSERY SCHOOL
24,WEST POKOT,130,SIGOR,649,LOMUT,KOSITOT PRIMARY SCHOOL
24,WEST POKOT,130,SIGOR,649,LOMUT,KOMUGH PRIMARY SCHOOL
24,WEST POKOT,130,SIGOR,649,LOMUT,SUNUKUR PRIMARY SCHOOL
24,WEST POKOT,130,SIGOR,649,LOMUT,SINTAI NURSERY SCHOOL
24,WEST POKOT,130,SIGOR,649,LOMUT,MASAT NURSERY SCHOOL
24,WEST POKOT,130,SIGOR,649,LOMUT,CHEPTYA NURSERY SCHOOL
24,WEST POKOT,130,SIGOR,649,LOMUT,CHEMAIN PRIMARY SCHOOL
24,WEST POKOT,130,SIGOR,649,LOMUT,KORORA NURSERY SCHOOL
24,WEST POKOT,130,SIGOR,649,LOMUT,CHEPTOKOL PRIMARY SCHOOL
24,WEST POKOT,130,SIGOR,649,LOMUT,KANG'ALAN WATER POINT
24,WEST POKOT,130,SIGOR,649,LOMUT,MNYOKOK PREPRIMARY SCHOOL
24,WEST POKOT,130,SIGOR,649,LOMUT,MARUS PRIMARY SCHOOL
24,WEST POKOT,130,SIGOR,649,LOMUT,SUKUK PRIMARY SCHOOL
24,WEST POKOT,130,SIGOR,649,LOMUT,CHERATAK PRIMARY SCHOOL
24,WEST POKOT,130,SIGOR,649,LOMUT,TAKAIWA MANYATTA
24,WEST POKOT,130,SIGOR,649,LOMUT,KAMANAU PRIMARY SCHOOL
24,WEST POKOT,130,SIGOR,649,LOMUT,KOPOSES PRIMARY SCHOOL
24,WEST POKOT,130,SIGOR,649,LOMUT,KOKWOSOYWO NURSERY SCHOOL
24,WEST POKOT,130,SIGOR,649,LOMUT,SAPULMOI PREPRIMARY SCHOOL
24,WEST POKOT,130,SIGOR,649,LOMUT,CHEPTULEL BOYS SECONDARY SCHOOL
24,WEST POKOT,130,SIGOR,650,WEIWEI,IYOON TRADING CENTRE
24,WEST POKOT,130,SIGOR,650,WEIWEI,SOKA PRIMARY SCHOOL
24,WEST POKOT,130,SIGOR,650,WEIWEI,WAKORR PRIMARY SCHOOL
24,WEST POKOT,130,SIGOR,650,WEIWEI,ONOCH PRIMARY SCHOOL
24,WEST POKOT,130,SIGOR,650,WEIWEI,SIGOR PRIMARY SCHOOL
24,WEST POKOT,130,SIGOR,650,WEIWEI,SANGAT PRIMARY SCHOOL
24,WEST POKOT,130,SIGOR,650,WEIWEI,PTOKOU PRIMARY SCHOOL
24,WEST POKOT,130,SIGOR,650,WEIWEI,CHEPKUKUI PRIMARY SCHOOL
24,WEST POKOT,130,SIGOR,650,WEIWEI,KOKWOTENDWO PRIMARY SCHOOL
24,WEST POKOT,130,SIGOR,650,WEIWEI,PAROO PRIMARY SCHOOL
24,WEST POKOT,130,SIGOR,650,WEIWEI,KAKACHEWA NURSERY SCHOOL
24,WEST POKOT,130,SIGOR,650,WEIWEI,TAMKAL PRIMARY SCHOOL
24,WEST POKOT,130,SIGOR,650,WEIWEI,KOKWOSOSION PRIMARY SCHOOL
24,WEST POKOT,130,SIGOR,650,WEIWEI,KALE PRIMARY SCHOOL-MWINO
24,WEST POKOT,130,SIGOR,650,WEIWEI,SOLION PRIMARY SCHOOL
24,WEST POKOT,130,SIGOR,650,WEIWEI,ENDOW PRIMARY SCHOOL
24,WEST POKOT,130,SIGOR,650,WEIWEI,EMBORUKUT NURSERY SCHOOL
24,WEST POKOT,130,SIGOR,650,WEIWEI,IPEET PRIMARY SCHOOL
24,WEST POKOT,130,SIGOR,650,WEIWEI,TAKAR PRIMARY SCHOOL
24,WEST POKOT,130,SIGOR,650,WEIWEI,POITO NURSERY SCHOOL
24,WEST POKOT,130,SIGOR,650,WEIWEI,TOSIKIRIO PRIMARY SCHOOL
24,WEST POKOT,130,SIGOR,650,WEIWEI,YAYAW PRIMARY SCHOOL
24,WEST POKOT,130,SIGOR,650,WEIWEI,MARICH VIA TREE NURSERY SCHOOL
24,WEST POKOT,130,SIGOR,650,WEIWEI,OROLWO NURSERY SCHOOL
24,WEST POKOT,130,SIGOR,650,WEIWEI,KURKOWON NURSERY SCHOOL
24,WEST POKOT,130,SIGOR,650,WEIWEI,RUNO PRIMARY SCHOOL
24,WEST POKOT,130,SIGOR,650,WEIWEI,SUPETOI PRIMARY SCHOOL
24,WEST POKOT,130,SIGOR,650,WEIWEI,SISIT NURSERY SCHOOL
24,WEST POKOT,130,SIGOR,650,WEIWEI,CHEPTESOK NURSERY SCHOOL
24,WEST POKOT,130,SIGOR,650,WEIWEI,SKAK NURSERY SCHOOL
24,WEST POKOT,130,SIGOR,650,WEIWEI,KARAPOGH NURSERY SCHOOL
24,WEST POKOT,130,SIGOR,650,WEIWEI,FATHER LEO SECONDARY SCHOOL
24,WEST POKOT,130,SIGOR,650,WEIWEI,KAKAWA NURSERY SCHOOL
24,WEST POKOT,130,SIGOR,650,WEIWEI,CHEPKOGHUN PRIMARY SCHOOL
24,WEST POKOT,130,SIGOR,650,WEIWEI,CHEPTONGHOGHIO PRIMARY SCHOOL
24,WEST POKOT,130,SIGOR,650,WEIWEI,KATUW NURSERY SCHOOL
24,WEST POKOT,130,SIGOR,650,WEIWEI,CHEPTOLIENY NURSERY SCHOOL
24,WEST POKOT,130,SIGOR,650,WEIWEI,PSAKAS NURSERY SCHOOL
24,WEST POKOT,130,SIGOR,650,WEIWEI,ST. JOHN PRIMARY SCHOOL
24,WEST POKOT,130,SIGOR,650,WEIWEI,KADUNGDUNG PRIMARY SCHOOL
24,WEST POKOT,130,SIGOR,650,WEIWEI,TINWA ECDE
24,WEST POKOT,130,SIGOR,650,WEIWEI,MARR ECD POLLING STATION
24,WEST POKOT,130,SIGOR,650,WEIWEI,TOPOGHENY PRIMARY SCHOOL
24,WEST POKOT,130,SIGOR,650,WEIWEI,KOROS ECDE POLLING STATION
24,WEST POKOT,130,SIGOR,650,WEIWEI,TILAK ECDE POLLING STATION
24,WEST POKOT,131,KACHELIBA,651,SUAM,KATUBEROT PRIMARY SCHOOL
24,WEST POKOT,131,KACHELIBA,651,SUAM,NGENGECHWA PRIMARY SCHOOL
24,WEST POKOT,131,KACHELIBA,651,SUAM,KACHELIBA MIXED PRIMARY SCHOOL
24,WEST POKOT,131,KACHELIBA,651,SUAM,KARON PRIMARY SCHOOL
24,WEST POKOT,131,KACHELIBA,651,SUAM,TIYINEI PRIMARY SCHOOL
24,WEST POKOT,131,KACHELIBA,651,SUAM,NAKUYEN PRIMARY SCHOOL
24,WEST POKOT,131,KACHELIBA,651,SUAM,KOPULIO PRIMARY SCHOOL
24,WEST POKOT,131,KACHELIBA,651,SUAM,KANYERUS PRIMARY SCHOOL
24,WEST POKOT,131,KACHELIBA,651,SUAM,ASILONG PRIMARY SCHOOL
24,WEST POKOT,131,KACHELIBA,651,SUAM,KOPULIO MINING CENTRE
24,WEST POKOT,131,KACHELIBA,651,SUAM,KASMUT NURSERY SCHOOL
24,WEST POKOT,131,KACHELIBA,651,SUAM,KAINGENY PRIMARY SCHOOL
24,WEST POKOT,131,KACHELIBA,651,SUAM,LOKOMOLO PRIMARY SCHOOL
24,WEST POKOT,131,KACHELIBA,651,SUAM,KAPETAKINEI NURSERY SCHOOL
24,WEST POKOT,131,KACHELIBA,651,SUAM,ANGAMIT PRIMARY SCHOOL
24,WEST POKOT,131,KACHELIBA,651,SUAM,NGENGECH NURSERY SCHOOL
24,WEST POKOT,131,KACHELIBA,651,SUAM,CHEMWOROR WATER POINT
24,WEST POKOT,131,KACHELIBA,651,SUAM,CHEPO-OTUPEN MANYATTA
24,WEST POKOT,131,KACHELIBA,651,SUAM,KASES ECDE CENTRE
24,WEST POKOT,131,KACHELIBA,651,SUAM,KOSIA PRIMARY SCHOOL
24,WEST POKOT,131,KACHELIBA,651,SUAM,LONGORKAU CATTLE DIP
24,WEST POKOT,131,KACHELIBA,651,SUAM,LOPUSIENIKOU PRIMARY SCHOOL
24,WEST POKOT,131,KACHELIBA,651,SUAM,MORUEBONG PRIMARY SCHOOL
24,WEST POKOT,131,KACHELIBA,651,SUAM,SANGAKAI NURSERY SCHOOL
24,WEST POKOT,131,KACHELIBA,651,SUAM,SHONGEN PRIMARY SCHOOL
24,WEST POKOT,131,KACHELIBA,651,SUAM,TANDAPOS PRIMARY SCHOOL
24,WEST POKOT,131,KACHELIBA,651,SUAM,TAPADANY PRIMARY SCHOOL
24,WEST POKOT,131,KACHELIBA,651,SUAM,NASITIT PRIMARY SCHOOL
24,WEST POKOT,131,KACHELIBA,651,SUAM,MAKANY ECDE CENTRE
24,WEST POKOT,131,KACHELIBA,651,SUAM,MORWONGAR PRIMARY SCHOOL
24,WEST POKOT,131,KACHELIBA,651,SUAM,KITELARENGAN PENIEL CHURCH
24,WEST POKOT,131,KACHELIBA,651,SUAM,LOKII ECDE CENTRE
24,WEST POKOT,131,KACHELIBA,651,SUAM,MORUKAPURA HOLLISTIC CHURCH
24,WEST POKOT,131,KACHELIBA,651,SUAM,KATAPODIN PENIEL CHURCH
24,WEST POKOT,131,KACHELIBA,652,KODICH,KARAMERI PRIMARY SCHOOL
24,WEST POKOT,131,KACHELIBA,652,KODICH,KODICH PRIMARY SCHOOL
24,WEST POKOT,131,KACHELIBA,652,KODICH,CHERANGAN PRIMARY SCHOOL
24,WEST POKOT,131,KACHELIBA,652,KODICH,OROLWO PRIMARY SCHOOL
24,WEST POKOT,131,KACHELIBA,652,KODICH,LOKICHAR PRIMARY SCHOOL
24,WEST POKOT,131,KACHELIBA,652,KODICH,TIMALE PRIMARY SCHOOL
24,WEST POKOT,131,KACHELIBA,652,KODICH,KALEMNGOROK PRIMARY SCHOOL
24,WEST POKOT,131,KACHELIBA,652,KODICH,NAKWAPUO PRIMARY SCHOOL
24,WEST POKOT,131,KACHELIBA,652,KODICH,KALAS PRIMARY SCHOOL
24,WEST POKOT,131,KACHELIBA,652,KODICH,KOIPIRIR PRIMARY SCHOOL
24,WEST POKOT,131,KACHELIBA,652,KODICH,KAPUL PRIMARY SCHOOL
24,WEST POKOT,131,KACHELIBA,652,KODICH,APURUKI PRIMARY SCHOOL
24,WEST POKOT,131,KACHELIBA,652,KODICH,CHEMATICH-OR PRIMARY SCHOOL
24,WEST POKOT,131,KACHELIBA,652,KODICH,CHEMOIKUT PRIMARY SCHOOL
24,WEST POKOT,131,KACHELIBA,652,KODICH,CHEPTANY PRIMARY SCHOOL
24,WEST POKOT,131,KACHELIBA,652,KODICH,CHESAWACH PRIMARY SCHOOL
24,WEST POKOT,131,KACHELIBA,652,KODICH,KATOPOTEN PRIMARY SCHOOL
24,WEST POKOT,131,KACHELIBA,652,KODICH,KRES NURSERY SCHOOL
24,WEST POKOT,131,KACHELIBA,652,KODICH,NAKWIJIT PRIMARY SCHOOL
24,WEST POKOT,131,KACHELIBA,652,KODICH,NAMORU PRIMARY SCHOOL
24,WEST POKOT,131,KACHELIBA,652,KODICH,NAMUTON PRIMARY SCHOOL
24,WEST POKOT,131,KACHELIBA,652,KODICH,SAPIRE NURSERY SCHOOL
24,WEST POKOT,131,KACHELIBA,652,KODICH,LOTEPES PRIMARY SCHOOL
24,WEST POKOT,131,KACHELIBA,652,KODICH,LOKWAMOR PRIMARY SCHOOL
24,WEST POKOT,131,KACHELIBA,652,KODICH,SENKWET ECDE CENTRE
24,WEST POKOT,131,KACHELIBA,653,KASEI,AKELIN PRIMARY SCHOOL
24,WEST POKOT,131,KACHELIBA,653,KASEI,OMPOLION WATER POINT
24,WEST POKOT,131,KACHELIBA,653,KASEI,KASAKA PRIMARY SCHOOL
24,WEST POKOT,131,KACHELIBA,653,KASEI,KASEI PRIMARY SCHOOL
24,WEST POKOT,131,KACHELIBA,653,KASEI,KAMKETO PRIMARY SCHOOL
24,WEST POKOT,131,KACHELIBA,653,KASEI,KOROKOU PRIMARY SCHOOL
24,WEST POKOT,131,KACHELIBA,653,KASEI,TOKOS CENTRE
24,WEST POKOT,131,KACHELIBA,653,KASEI,KORPU PRIMARY SCHOOL
24,WEST POKOT,131,KACHELIBA,653,KASEI,SIRWACH NURSERYSCHOOL
24,WEST POKOT,131,KACHELIBA,653,KASEI,KLAYA ( MOBILE)
24,WEST POKOT,131,KACHELIBA,653,KASEI,CHEPURWO WATER POINT
24,WEST POKOT,131,KACHELIBA,653,KASEI,KOWUR WATER POINT
24,WEST POKOT,131,KACHELIBA,653,KASEI,TUGHUM PRIMARY SCHOOL
24,WEST POKOT,131,KACHELIBA,653,KASEI,MORKORIO PRIMARY SCHOOL
24,WEST POKOT,131,KACHELIBA,653,KASEI,LONYANGALEM MANYATTA
24,WEST POKOT,131,KACHELIBA,653,KASEI,KAPCHEROR PRIMARY SCHOOL
24,WEST POKOT,131,KACHELIBA,653,KASEI,KASEPA PRIMARY SCHOOL
24,WEST POKOT,131,KACHELIBA,653,KASEI,CHEMASIS MANYATTA
24,WEST POKOT,131,KACHELIBA,653,KASEI,CHURUM PRIMARY SCHOOL
24,WEST POKOT,131,KACHELIBA,653,KASEI,AMURA PRIMARY SCHOOL
24,WEST POKOT,131,KACHELIBA,653,KASEI,APETA MANYATTA
24,WEST POKOT,131,KACHELIBA,653,KASEI,SES MANYATTA
24,WEST POKOT,131,KACHELIBA,653,KASEI,KALAM PRIMARY SCHOOL
24,WEST POKOT,131,KACHELIBA,653,KASEI,KAMNONGOWO WATER POINT
24,WEST POKOT,131,KACHELIBA,653,KASEI,KAPKEWA PRIMARY SCHOOL
24,WEST POKOT,131,KACHELIBA,653,KASEI,KATUMEN MANYATTA
24,WEST POKOT,131,KACHELIBA,653,KASEI,KOTULPOGH PRIMARY SCHOOL
24,WEST POKOT,131,KACHELIBA,653,KASEI,RELNOI MANYATTA
24,WEST POKOT,131,KACHELIBA,653,KASEI,SUKUT PRE. PRIMARY SCHOOL
24,WEST POKOT,131,KACHELIBA,653,KASEI,TOKOUGH PRE. PRIMARY SCHOOL
24,WEST POKOT,131,KACHELIBA,653,KASEI,KONGAI MANYATTA
24,WEST POKOT,131,KACHELIBA,653,KASEI,MKONKIR ECDE CENTRE
24,WEST POKOT,131,KACHELIBA,653,KASEI,CHESUSWON ECDE CENTRE
24,WEST POKOT,131,KACHELIBA,653,KASEI,TINYAR ECDE CENTRE
24,WEST POKOT,131,KACHELIBA,653,KASEI,MISTIN PRIMARY SCHOOL
24,WEST POKOT,131,KACHELIBA,654,KAPCHOK,LOSAM PRIMARY SCHOOL
24,WEST POKOT,131,KACHELIBA,654,KAPCHOK,KODERA PRIMARY SCHOOL
24,WEST POKOT,131,KACHELIBA,654,KAPCHOK,KONYAO SECONDARY SCHOOL
24,WEST POKOT,131,KACHELIBA,654,KAPCHOK,KAMECHWA PRIMARY SCHOOL
24,WEST POKOT,131,KACHELIBA,654,KAPCHOK,TUWIIT PRIMARY SCHOOL
24,WEST POKOT,131,KACHELIBA,654,KAPCHOK,NGOTUT PRIMARY SCHOOL
24,WEST POKOT,131,KACHELIBA,654,KAPCHOK,ROCK-VALLEY PRIMARY SCHOOL
24,WEST POKOT,131,KACHELIBA,654,KAPCHOK,KOPEYON NURSERY SCHOOL
24,WEST POKOT,131,KACHELIBA,654,KAPCHOK,KALUKUNA PRIMARY SCHOOL
24,WEST POKOT,131,KACHELIBA,654,KAPCHOK,AMALER WATER POINT
24,WEST POKOT,131,KACHELIBA,654,KAPCHOK,KARIAMAWOI PRIMARY SCHOOL
24,WEST POKOT,131,KACHELIBA,654,KAPCHOK,KAWOLOK PRIMARY SCHOOL
24,WEST POKOT,131,KACHELIBA,654,KAPCHOK,ST. DORCAS PRIMARY SCHOOL
24,WEST POKOT,131,KACHELIBA,654,KAPCHOK,LOKASUR NURSERY SCHOOL
24,WEST POKOT,131,KACHELIBA,654,KAPCHOK,LOKITEDEL MANYATTA
24,WEST POKOT,131,KACHELIBA,654,KAPCHOK,NAPITIRO PRIMARY SCHOOL
24,WEST POKOT,131,KACHELIBA,654,KAPCHOK,NASAKAM ECDE CENTRE
24,WEST POKOT,131,KACHELIBA,654,KAPCHOK,CHITKAGH PRIMARY SCHOOL
24,WEST POKOT,131,KACHELIBA,654,KAPCHOK,PISAA ECDE CENTRE
24,WEST POKOT,131,KACHELIBA,654,KAPCHOK,KODERA ECDE CENTRE
24,WEST POKOT,131,KACHELIBA,654,KAPCHOK,MENJOO ECDE CENTRE
24,WEST POKOT,131,KACHELIBA,654,KAPCHOK,LOKWALOI ECDE CENTRE
24,WEST POKOT,131,KACHELIBA,654,KAPCHOK,MOTUI ECDE CENTRE
24,WEST POKOT,131,KACHELIBA,655,KIWAWA,KIMPUR PRE. PRIMARY SCHOOL
24,WEST POKOT,131,KACHELIBA,655,KIWAWA,LOCHORIAMONYANG PRIMARY SCHOOL
24,WEST POKOT,131,KACHELIBA,655,KIWAWA,MELE PRIMARY SCHOOL
24,WEST POKOT,131,KACHELIBA,655,KIWAWA,KASES PRIMARY SCHOOL
24,WEST POKOT,131,KACHELIBA,655,KIWAWA,KONGAI WATER POINT
24,WEST POKOT,131,KACHELIBA,655,KIWAWA,SAURIRIA WATER POINT
24,WEST POKOT,131,KACHELIBA,655,KIWAWA,PCHOLIO PRIMARY SCHOOL
24,WEST POKOT,131,KACHELIBA,655,KIWAWA,MBARU PRIMARY SCHOOL
24,WEST POKOT,131,KACHELIBA,655,KIWAWA,AKIRIAMET PRIMARY SCHOOL
24,WEST POKOT,131,KACHELIBA,655,KIWAWA,KAURIONG PRIMARY SCHOOL
24,WEST POKOT,131,KACHELIBA,655,KIWAWA,SINCHOLOL PRIMARY SCHOOL
24,WEST POKOT,131,KACHELIBA,655,KIWAWA,LOWOI PRIMARY SCHOOL
24,WEST POKOT,131,KACHELIBA,655,KIWAWA,KIWAWA PRIMARY SCHOOL
24,WEST POKOT,131,KACHELIBA,655,KIWAWA,NATEMERI PRIMARY SCHOOL
24,WEST POKOT,131,KACHELIBA,655,KIWAWA,KATUDA PRIMARY SCHOOL
24,WEST POKOT,131,KACHELIBA,655,KIWAWA,CHELOPOY PRIMARY SCHOOL
24,WEST POKOT,131,KACHELIBA,655,KIWAWA,KAPKAGHUN PRIMARY SCHOOL
24,WEST POKOT,131,KACHELIBA,655,KIWAWA,WASAT PRIMARY SCHOOL
24,WEST POKOT,131,KACHELIBA,655,KIWAWA,TARAKIT PRIMARY SCHOOL
24,WEST POKOT,131,KACHELIBA,655,KIWAWA,CHEMOIKUT MANYATTA
24,WEST POKOT,131,KACHELIBA,655,KIWAWA,KATUMKALE PRIMARY SCHOOL
24,WEST POKOT,131,KACHELIBA,655,KIWAWA,CHEPKINAGH PRIMARY SCHOOL
24,WEST POKOT,131,KACHELIBA,655,KIWAWA,MOINOY PRIMARY SCHOOL
24,WEST POKOT,131,KACHELIBA,655,KIWAWA,CHIROYON MANYATTA
24,WEST POKOT,131,KACHELIBA,655,KIWAWA,TATWA NURSERY SCHOOL
24,WEST POKOT,131,KACHELIBA,655,KIWAWA,ATATAR PRIMARY SCHOOL
24,WEST POKOT,131,KACHELIBA,655,KIWAWA,KOTUKOI VILLAGE
24,WEST POKOT,131,KACHELIBA,655,KIWAWA,SITOT PRIMARY SCHOOL
24,WEST POKOT,131,KACHELIBA,655,KIWAWA,CHUWAI MANYATTA
24,WEST POKOT,131,KACHELIBA,655,KIWAWA,NAKUSE PRE. PRIMARY SCHOOL
24,WEST POKOT,131,KACHELIBA,655,KIWAWA,NANGOLESINYON MANYATTA
24,WEST POKOT,131,KACHELIBA,655,KIWAWA,KIWAWA BOYS SECONDARY SCHOOL
24,WEST POKOT,131,KACHELIBA,655,KIWAWA,NANGOLESINYON PRIMARY SCHOOL
24,WEST POKOT,131,KACHELIBA,655,KIWAWA,KALODEKE PRIMARY SCHOOL
24,WEST POKOT,131,KACHELIBA,655,KIWAWA,KAAKOPON ECDE CENTRE
24,WEST POKOT,131,KACHELIBA,656,ALALE,KOLA WATER POINT
24,WEST POKOT,131,KACHELIBA,656,ALALE,KODII WATER POINT
24,WEST POKOT,131,KACHELIBA,656,ALALE,AKORET (NARUORO) MOBILE
24,WEST POKOT,131,KACHELIBA,656,ALALE,CHEPCHIKARAR PRE. PRIMARY SCHOOL
24,WEST POKOT,131,KACHELIBA,656,ALALE,APUKE CENTRE
24,WEST POKOT,131,KACHELIBA,656,ALALE,PROMPUR WATER POINT
24,WEST POKOT,131,KACHELIBA,656,ALALE,KAPYEMUT PRE. PRIMARY SCHOOL
24,WEST POKOT,131,KACHELIBA,656,ALALE,MORON WATER POINT
24,WEST POKOT,131,KACHELIBA,656,ALALE,NAUYAPONG PRIMARY SCHOOL
24,WEST POKOT,131,KACHELIBA,656,ALALE,NASAL PRIMARY SCHOOL
24,WEST POKOT,131,KACHELIBA,656,ALALE,SASAK PRIMARY SCHOOL
24,WEST POKOT,131,KACHELIBA,656,ALALE,WOYAKOL PRIMARY SCHOOL
24,WEST POKOT,131,KACHELIBA,656,ALALE,LODWAR WATER POINT
24,WEST POKOT,131,KACHELIBA,656,ALALE,KALAPATA PRIMARY SCHOOL
24,WEST POKOT,131,KACHELIBA,656,ALALE,ALALE PRIMARY SCHOOL
24,WEST POKOT,131,KACHELIBA,656,ALALE,KAMERIS PRIMARY SCHOOL
24,WEST POKOT,131,KACHELIBA,656,ALALE,ODONG PRE. PRIMARY SCHOOL
24,WEST POKOT,131,KACHELIBA,656,ALALE,LENGOROK PRIMARY SCHOOL
24,WEST POKOT,131,KACHELIBA,656,ALALE,RAPAL PRE. PRIMARY SCHOOL
24,WEST POKOT,131,KACHELIBA,656,ALALE,KAWELL PRE. PRIMARY SCHOOL
24,WEST POKOT,131,KACHELIBA,656,ALALE,AKORET WATER POINT
24,WEST POKOT,131,KACHELIBA,656,ALALE,KATARAN WATER POINT
24,WEST POKOT,131,KACHELIBA,656,ALALE,NAWISOI WATER POINT
24,WEST POKOT,131,KACHELIBA,656,ALALE,KAKOU NURSERY SCHOOL
24,WEST POKOT,131,KACHELIBA,656,ALALE,NAGWOILAP PRIMARY SCHOOL
24,WEST POKOT,131,KACHELIBA,656,ALALE,ANGACHA WATER POINT
24,WEST POKOT,131,KACHELIBA,656,ALALE,LOKORDO PRE. PRIMARY SCHOOL
24,WEST POKOT,131,KACHELIBA,656,ALALE,NAKIROKONY CENTRE
24,WEST POKOT,131,KACHELIBA,656,ALALE,KASITOT PRIMARY SCHOOL
24,WEST POKOT,131,KACHELIBA,656,ALALE,MEKUYO WATER POINT
24,WEST POKOT,131,KACHELIBA,656,ALALE,AMAKURIAT CENTRE
24,WEST POKOT,131,KACHELIBA,656,ALALE,LOMURIEBUL WATER POINT
24,WEST POKOT,131,KACHELIBA,656,ALALE,AKIRIAMET WATER POINT
24,WEST POKOT,131,KACHELIBA,656,ALALE,NANGOLEDUKAI PRIMARY SCHOOL
24,WEST POKOT,131,KACHELIBA,656,ALALE,LOKITONYALA BOREHOLE
24,WEST POKOT,131,KACHELIBA,656,ALALE,KAPTICH PRIMARY SCHOOL
24,WEST POKOT,131,KACHELIBA,656,ALALE,KOSAMUK MANYATTA
24,WEST POKOT,131,KACHELIBA,656,ALALE,AMACHAR WATER POINT
24,WEST POKOT,131,KACHELIBA,656,ALALE,KABEIKAKONG VILLAGE
24,WEST POKOT,131,KACHELIBA,656,ALALE,LOTUKUM VILLAGE
24,WEST POKOT,131,KACHELIBA,656,ALALE,KAPTUKEN CENTRE
24,WEST POKOT,131,KACHELIBA,656,ALALE,CHEPSEPIN PRIMARY SCHOOL
24,WEST POKOT,131,KACHELIBA,656,ALALE,MUNYAN VILLAGE
24,WEST POKOT,131,KACHELIBA,656,ALALE,CHESASAI VILLAGE
24,WEST POKOT,131,KACHELIBA,656,ALALE,NASURET ECDE SCHOOL
24,WEST POKOT,131,KACHELIBA,656,ALALE,NASAL SECONDARY SCHOOL
24,WEST POKOT,131,KACHELIBA,656,ALALE,NAUMA ECDE CENTRE
24,WEST POKOT,131,KACHELIBA,656,ALALE,KIPOMOT ECDE CENTRE
24,WEST POKOT,131,KACHELIBA,656,ALALE,KAROROK ECDE SCHOOL
24,WEST POKOT,131,KACHELIBA,656,ALALE,NAPODOO ECDE CENTRE
24,WEST POKOT,131,KACHELIBA,656,ALALE,OTUKO ECDE CENTRE
24,WEST POKOT,131,KACHELIBA,656,ALALE,LOKITELAARENGAN ECDE CENTRE
24,WEST POKOT,132,POKOT SOUTH,657,CHEPARERIA,SHALPOGH PRIMARY SCHOOL
24,WEST POKOT,132,POKOT SOUTH,657,CHEPARERIA,TOYOPO PRIMARY SCHOOL
24,WEST POKOT,132,POKOT SOUTH,657,CHEPARERIA,TAPOYO PRIMARY SCHOOL
24,WEST POKOT,132,POKOT SOUTH,657,CHEPARERIA,TIRKEN PRIMARY SCHOOL
24,WEST POKOT,132,POKOT SOUTH,657,CHEPARERIA,CHEMALTIN PRIMARY SCHOOL
24,WEST POKOT,132,POKOT SOUTH,657,CHEPARERIA,TOLGHAIN PRIMARY SCHOOL
24,WEST POKOT,132,POKOT SOUTH,657,CHEPARERIA,PLELAKAN PRIMARY SCHOOL
24,WEST POKOT,132,POKOT SOUTH,657,CHEPARERIA,PUSIAN PRIMARY SCHOOL
24,WEST POKOT,132,POKOT SOUTH,657,CHEPARERIA,CHEPTIANGWA PRIMARY SCHOOL
24,WEST POKOT,132,POKOT SOUTH,657,CHEPARERIA,CHEPKOPEEGH PRIMARY SCHOOL
24,WEST POKOT,132,POKOT SOUTH,657,CHEPARERIA,PSERUM PRIMARY SCHOOL
24,WEST POKOT,132,POKOT SOUTH,657,CHEPARERIA,KAPSEKER PRIMARY SCHOOL
24,WEST POKOT,132,POKOT SOUTH,657,CHEPARERIA,KAIKAI PRIMARY SCHOOL
24,WEST POKOT,132,POKOT SOUTH,657,CHEPARERIA,CHESRA PRIMARY SCHOOL
24,WEST POKOT,132,POKOT SOUTH,657,CHEPARERIA,KAPSIMATIA PRIMARY SCHOOL
24,WEST POKOT,132,POKOT SOUTH,657,CHEPARERIA,NASUKUTA PRIMARY SCHOOL
24,WEST POKOT,132,POKOT SOUTH,657,CHEPARERIA,PRIOKWO PRIMARY SCHOOL
24,WEST POKOT,132,POKOT SOUTH,657,CHEPARERIA,KORELACH PRIMARY SCHOOL
24,WEST POKOT,132,POKOT SOUTH,657,CHEPARERIA,SENETWO PRIMARY SCHOOL
24,WEST POKOT,132,POKOT SOUTH,657,CHEPARERIA,PKATIENY PRIMARY SCHOOL
24,WEST POKOT,132,POKOT SOUTH,657,CHEPARERIA,YWALATEKE PRIMARY SCHOOL
24,WEST POKOT,132,POKOT SOUTH,657,CHEPARERIA,CHEPTUYIS PRIMARY SCHOOL
24,WEST POKOT,132,POKOT SOUTH,657,CHEPARERIA,KALYA PRIMARY SCHOOL
24,WEST POKOT,132,POKOT SOUTH,657,CHEPARERIA,PROPOI PRIMARY SCHOOL
24,WEST POKOT,132,POKOT SOUTH,657,CHEPARERIA,REPER PRIMARY SCHOOL
24,WEST POKOT,132,POKOT SOUTH,657,CHEPARERIA,KOSULOL PRIMARY SCHOOL
24,WEST POKOT,132,POKOT SOUTH,657,CHEPARERIA,MUMUCH NURSERY SCHOOL
24,WEST POKOT,132,POKOT SOUTH,657,CHEPARERIA,MARSITOT NURSERY SCHOOL
24,WEST POKOT,132,POKOT SOUTH,657,CHEPARERIA,CHELOMBAI PRIMARY SCHOOL
24,WEST POKOT,132,POKOT SOUTH,657,CHEPARERIA,KAMATIRA PRIMARY SCHOOL
24,WEST POKOT,132,POKOT SOUTH,657,CHEPARERIA,TIRIR PRIMARY SCHOOL
24,WEST POKOT,132,POKOT SOUTH,657,CHEPARERIA,NARAMAM PRIMARY SCHOOL
24,WEST POKOT,132,POKOT SOUTH,657,CHEPARERIA,CHEPTURNGWUNY PRIMARY SCHOOL
24,WEST POKOT,132,POKOT SOUTH,657,CHEPARERIA,MONGORION PRIMARY SCHOOL
24,WEST POKOT,132,POKOT SOUTH,657,CHEPARERIA,KANGORIO PRIMARY SCHOOL
24,WEST POKOT,132,POKOT SOUTH,657,CHEPARERIA,CHEMOTONG PRIMARY SCHOOL
24,WEST POKOT,132,POKOT SOUTH,657,CHEPARERIA,KAPKIRWOK PRIMARY SCHOOL
24,WEST POKOT,132,POKOT SOUTH,657,CHEPARERIA,KOPOLUK NURSERY SCHOOL
24,WEST POKOT,132,POKOT SOUTH,657,CHEPARERIA,LOPALEKWA PRIMARY SCHOOL
24,WEST POKOT,132,POKOT SOUTH,657,CHEPARERIA,CHEPKORNISWO PRIMARY SCHOOL
24,WEST POKOT,132,POKOT SOUTH,657,CHEPARERIA,MSALABA PRIMARY SCHOOL
24,WEST POKOT,132,POKOT SOUTH,657,CHEPARERIA,SLA PRIMARY SCHOOL
24,WEST POKOT,132,POKOT SOUTH,657,CHEPARERIA,REKERET PRIMARY SCHOOL
24,WEST POKOT,132,POKOT SOUTH,657,CHEPARERIA,CHEPARERIA PRIMARY SCHOOL
24,WEST POKOT,132,POKOT SOUTH,657,CHEPARERIA,KAPKARAWAI PRIMARY SCHOOL
24,WEST POKOT,132,POKOT SOUTH,657,CHEPARERIA,KAPTEKEU TRADING CENTRE
24,WEST POKOT,132,POKOT SOUTH,657,CHEPARERIA,KAPOMBO NURSERY SCHOOL
24,WEST POKOT,132,POKOT SOUTH,657,CHEPARERIA,MOKOWON PRIMARY SCHOOL
24,WEST POKOT,132,POKOT SOUTH,657,CHEPARERIA,CHELAKATET NURSERY SCHOOL
24,WEST POKOT,132,POKOT SOUTH,657,CHEPARERIA,POROSWO PRIMARY SCHOOL
24,WEST POKOT,132,POKOT SOUTH,657,CHEPARERIA,KAKALAS PRIMARY SCHOOL
24,WEST POKOT,132,POKOT SOUTH,657,CHEPARERIA,CHEPUKAT PRIMARY SCHOOL
24,WEST POKOT,132,POKOT SOUTH,657,CHEPARERIA,KAGHAT PRE PRIMARY SCHOOL
24,WEST POKOT,132,POKOT SOUTH,657,CHEPARERIA,RIRIMBOI PRIMARY SCHOOL
24,WEST POKOT,132,POKOT SOUTH,657,CHEPARERIA,CHEPAKUL PRIMARY SCHOOL
24,WEST POKOT,132,POKOT SOUTH,657,CHEPARERIA,KAMAS PRIMARY SCHOOL
24,WEST POKOT,132,POKOT SOUTH,657,CHEPARERIA,KAPTENGOK NURSERY SCHOOL
24,WEST POKOT,132,POKOT SOUTH,657,CHEPARERIA,KOLION NURSERY SCHOOL
24,WEST POKOT,132,POKOT SOUTH,657,CHEPARERIA,TOROIPKOI NURSERY SCHOOL
24,WEST POKOT,132,POKOT SOUTH,657,CHEPARERIA,KANYIKENY NURSERY SCHOOL
24,WEST POKOT,132,POKOT SOUTH,657,CHEPARERIA,CHEPEL NURSERY SCHOOL
24,WEST POKOT,132,POKOT SOUTH,658,BATEI,TOROKIT PRIMARY SCHOOL
24,WEST POKOT,132,POKOT SOUTH,658,BATEI,PTIMORWO PRIMARY SCHOOL
24,WEST POKOT,132,POKOT SOUTH,658,BATEI,SOKOGH PRIMARY SCHOOL
24,WEST POKOT,132,POKOT SOUTH,658,BATEI,SOKUT NURSERY SCHOOL
24,WEST POKOT,132,POKOT SOUTH,658,BATEI,KUYOGH PRIMARY SCHOOL
24,WEST POKOT,132,POKOT SOUTH,658,BATEI,SOBUKWO PRIMARY SCHOOL
24,WEST POKOT,132,POKOT SOUTH,658,BATEI,SAYA PRIMARY SCHOOL
24,WEST POKOT,132,POKOT SOUTH,658,BATEI,ORTUM BOYS PRIMARY SCHOOL
24,WEST POKOT,132,POKOT SOUTH,658,BATEI,KAPARA PRIMARY SCHOOL
24,WEST POKOT,132,POKOT SOUTH,658,BATEI,MONJORWA PRIMARY SCHOOL
24,WEST POKOT,132,POKOT SOUTH,658,BATEI,KERELWA PRIMARY SCHOOL
24,WEST POKOT,132,POKOT SOUTH,658,BATEI,SAMOR PRIMARY SCHOOL
24,WEST POKOT,132,POKOT SOUTH,658,BATEI,MORPUS PRIMARY SCHOOL
24,WEST POKOT,132,POKOT SOUTH,658,BATEI,SEBIT PRIMARY SCHOOL
24,WEST POKOT,132,POKOT SOUTH,658,BATEI,KOCHIY PRIMARY SCHOOL
24,WEST POKOT,132,POKOT SOUTH,658,BATEI,PARUA PRIMARY SCHOOL
24,WEST POKOT,132,POKOT SOUTH,658,BATEI,KAPKAREMBA PRIMARY SCHOOL
24,WEST POKOT,132,POKOT SOUTH,658,BATEI,CHEPKORIONG PRIMARY SCHOOL
24,WEST POKOT,132,POKOT SOUTH,658,BATEI,SAMICH PRIMARY SCHOOL
24,WEST POKOT,132,POKOT SOUTH,658,BATEI,NGEREL PRIMARY SCHOOL
24,WEST POKOT,132,POKOT SOUTH,658,BATEI,PSIYWO PRIMARY SCHOOL
24,WEST POKOT,132,POKOT SOUTH,658,BATEI,KAPCHEMOGEN PRIMARY SCHOOL
24,WEST POKOT,132,POKOT SOUTH,658,BATEI,SERETOW PRIMARY SCHOOL
24,WEST POKOT,132,POKOT SOUTH,658,BATEI,KADOW NURSERY SCHOOL
24,WEST POKOT,132,POKOT SOUTH,658,BATEI,KOPOROCH NURSERY SCHOOL
24,WEST POKOT,132,POKOT SOUTH,658,BATEI,PSIRWO PRIMARY SCHOOL
24,WEST POKOT,132,POKOT SOUTH,658,BATEI,CHEPROPOGH NURSERY SCHOOL
24,WEST POKOT,132,POKOT SOUTH,658,BATEI,PTARKONG PRIMARY SCHOOL
24,WEST POKOT,132,POKOT SOUTH,658,BATEI,KAPLELACH PRIMARY SCHOOL
24,WEST POKOT,132,POKOT SOUTH,658,BATEI,PEINON PRIMARY SCHOOL
24,WEST POKOT,132,POKOT SOUTH,658,BATEI,PSAMAR PRIMARY SCHOOL
24,WEST POKOT,132,POKOT SOUTH,658,BATEI,KAPKEPOT PRIMARY SCHOOL
24,WEST POKOT,132,POKOT SOUTH,658,BATEI,TONYER PRIMARY SCHOOL
24,WEST POKOT,132,POKOT SOUTH,659,LELAN,KOROSION PRIMARY SCHOOL
24,WEST POKOT,132,POKOT SOUTH,659,LELAN,MOKOYON PRIMARY SCHOOL
24,WEST POKOT,132,POKOT SOUTH,659,LELAN,POROWO PRIMARY SCHOOL
24,WEST POKOT,132,POKOT SOUTH,659,LELAN,CHEPARTEN PRIMARY SCHOOL
24,WEST POKOT,132,POKOT SOUTH,659,LELAN,KAPKUNYUK PRIMARY SCHOOL
24,WEST POKOT,132,POKOT SOUTH,659,LELAN,KAPTABUK CATHOLIC PRIMARY SCHOOL
24,WEST POKOT,132,POKOT SOUTH,659,LELAN,KAPSANG'AR PRIMARY SCHOOL
24,WEST POKOT,132,POKOT SOUTH,659,LELAN,MURUNY PRIMARY SCHOOL
24,WEST POKOT,132,POKOT SOUTH,659,LELAN,KABICHBICH PRIMARY SCHOOL
24,WEST POKOT,132,POKOT SOUTH,659,LELAN,IMONPOGHET PRIMARY SCHOOL
24,WEST POKOT,132,POKOT SOUTH,659,LELAN,KAPSAIT PRIMARY SCHOOL
24,WEST POKOT,132,POKOT SOUTH,659,LELAN,KAPKANYAR PRIMARY SCHOOL
24,WEST POKOT,132,POKOT SOUTH,659,LELAN,CHORWAI PRIMARY SCHOOL
24,WEST POKOT,132,POKOT SOUTH,659,LELAN,RINGRING PRIMARY SCHOOL
24,WEST POKOT,132,POKOT SOUTH,659,LELAN,CHOROK PRIMARY SCHOOL
24,WEST POKOT,132,POKOT SOUTH,659,LELAN,MSIYWON PRIMARY SCHOOL
24,WEST POKOT,132,POKOT SOUTH,659,LELAN,SIMOTWO PRIMARY SCHOOL
24,WEST POKOT,132,POKOT SOUTH,659,LELAN,KALOTWARI PRIMARY SCHOOL
24,WEST POKOT,132,POKOT SOUTH,659,LELAN,KANYANGURU CENTRE
24,WEST POKOT,132,POKOT SOUTH,659,LELAN,CHEPKONO PRIMARY SCHOOL
24,WEST POKOT,132,POKOT SOUTH,659,LELAN,LOMUKE PRIMARY SCHOOL
24,WEST POKOT,132,POKOT SOUTH,659,LELAN,LAIN PRIMARY SCHOOL
24,WEST POKOT,132,POKOT SOUTH,659,LELAN,KAPTUM PRIMARY SCHOOL
24,WEST POKOT,132,POKOT SOUTH,659,LELAN,KARIAMAKITAI PRIMARY SCHOOL
24,WEST POKOT,132,POKOT SOUTH,659,LELAN,KOGHMUU PRIMARY SCHOOL
24,WEST POKOT,132,POKOT SOUTH,659,LELAN,KOKWOPLEKWA PRIMARY SCHOOL
24,WEST POKOT,132,POKOT SOUTH,659,LELAN,KANYALTIN TRADING CENTRE
24,WEST POKOT,132,POKOT SOUTH,659,LELAN,MURKISIAN PRIMARY SCHOOL
24,WEST POKOT,132,POKOT SOUTH,659,LELAN,SARAMEE PRIMARY SCHOOL
24,WEST POKOT,132,POKOT SOUTH,659,LELAN,PLALANG PRIMARY SCHOOL
24,WEST POKOT,132,POKOT SOUTH,659,LELAN,PSUKUNO NURSERY SCHOOL
24,WEST POKOT,132,POKOT SOUTH,659,LELAN,MBAYAI TRADING CENTRE
24,WEST POKOT,132,POKOT SOUTH,659,LELAN,LOYAMURUK TRADING CENTRE
24,WEST POKOT,132,POKOT SOUTH,659,LELAN,CHEPKIENY TRADING CENTRE
24,WEST POKOT,132,POKOT SOUTH,659,LELAN,KAPTALA TRADING CENTRE
24,WEST POKOT,132,POKOT SOUTH,659,LELAN,KOITONGOGH TRADING CENTRE
24,WEST POKOT,132,POKOT SOUTH,659,LELAN,MANIAN TRADING CENTRE
24,WEST POKOT,132,POKOT SOUTH,659,LELAN,KUTOPMONY PRIMARY SCHOOL
24,WEST POKOT,132,POKOT SOUTH,659,LELAN,KAPOROR NURSERY SCHOOL
24,WEST POKOT,132,POKOT SOUTH,659,LELAN,MESHAU PRIMARY SCHOOL
24,WEST POKOT,132,POKOT SOUTH,659,LELAN,CHEPKONTOL TRADING CENTRE
24,WEST POKOT,132,POKOT SOUTH,659,LELAN,TACHIT PRIMARY SCHOOL
24,WEST POKOT,132,POKOT SOUTH,659,LELAN,APUK PRIMARY SCHOOL
24,WEST POKOT,132,POKOT SOUTH,659,LELAN,KAPCHEMOK PRIMARY SCHOOL
24,WEST POKOT,132,POKOT SOUTH,659,LELAN,CHEPUNGON PRIMARY SCHOOL
24,WEST POKOT,132,POKOT SOUTH,659,LELAN,PSUKUNO PRIMARY SCHOOL
24,WEST POKOT,132,POKOT SOUTH,659,LELAN,PTUNYONY TRADING CENTRE
24,WEST POKOT,132,POKOT SOUTH,659,LELAN,KAPSEPAI PRIMARY SCHOOL
24,WEST POKOT,132,POKOT SOUTH,659,LELAN,TUKUMO PRIMARY SCHOOL
24,WEST POKOT,132,POKOT SOUTH,659,LELAN,KADUKUNYA NURSERY SCHOOL
24,WEST POKOT,132,POKOT SOUTH,659,LELAN,CHEPORORWA NURSERY SCHOOL
24,WEST POKOT,132,POKOT SOUTH,659,LELAN,CHEPKATA PRIMARY SCHOOL
24,WEST POKOT,132,POKOT SOUTH,659,LELAN,AMERRENG NURSERY SCHOOL
24,WEST POKOT,132,POKOT SOUTH,659,LELAN,KAMASHAN WATER POINT
24,WEST POKOT,132,POKOT SOUTH,659,LELAN,KIPAT PRIMARY SCHOOL
24,WEST POKOT,132,POKOT SOUTH,659,LELAN,REMAA NURSERY SCHOOL
24,WEST POKOT,132,POKOT SOUTH,659,LELAN,MELEWA NURSERY SCHOOL
24,WEST POKOT,132,POKOT SOUTH,659,LELAN,CHESILIKICH CATTLE DIP
24,WEST POKOT,132,POKOT SOUTH,659,LELAN,KSAI WATER POINT
24,WEST POKOT,132,POKOT SOUTH,659,LELAN,LOPUSIMORU NURSERY SCHOOL
24,WEST POKOT,132,POKOT SOUTH,659,LELAN,PYAPUS NURSERY SCHOOL
24,WEST POKOT,132,POKOT SOUTH,659,LELAN,TONOYON NURSERY SCHOOL
24,WEST POKOT,132,POKOT SOUTH,659,LELAN,MUNUS NURSERY SCHOOL
24,WEST POKOT,132,POKOT SOUTH,659,LELAN,PORIOROP TRADING CENTRE
24,WEST POKOT,132,POKOT SOUTH,659,LELAN,DARAJA MUNGU TRADING CENTRE
24,WEST POKOT,132,POKOT SOUTH,660,TAPACH,NYARPAT PRIMARY SCHOOL
24,WEST POKOT,132,POKOT SOUTH,660,TAPACH,SONDANY PRIMARY SCHOOL
24,WEST POKOT,132,POKOT SOUTH,660,TAPACH,KAPCHIKAR PRIMARY SCHOOL
24,WEST POKOT,132,POKOT SOUTH,660,TAPACH,NYARKULIAN PRIMARY SCHOOL
24,WEST POKOT,132,POKOT SOUTH,660,TAPACH,KAPOROWO CENTRE
24,WEST POKOT,132,POKOT SOUTH,660,TAPACH,SINA PRIMARY SCHOOL
24,WEST POKOT,132,POKOT SOUTH,660,TAPACH,PTOP PRIMARY SCHOOL
24,WEST POKOT,132,POKOT SOUTH,660,TAPACH,TANGASIA PRIMARY SCHOOL
24,WEST POKOT,132,POKOT SOUTH,660,TAPACH,KOKWOPSIS PRIMARY SCHOOL
24,WEST POKOT,132,POKOT SOUTH,660,TAPACH,TAPACH PRIMARY SCHOOL
24,WEST POKOT,132,POKOT SOUTH,660,TAPACH,KAMELEI PRIMARY SCHOOL
24,WEST POKOT,132,POKOT SOUTH,660,TAPACH,CHONGIS PRIMARY SCHOOL
24,WEST POKOT,132,POKOT SOUTH,660,TAPACH,CHEMOLO PRIMARY SCHOOL
24,WEST POKOT,132,POKOT SOUTH,660,TAPACH,CHEPKALIT PRIMARY SCHOOL
24,WEST POKOT,132,POKOT SOUTH,660,TAPACH,KACHEPURKONG PRIMARY SCHOOL
24,WEST POKOT,132,POKOT SOUTH,660,TAPACH,KAIPAWIS PRIMARY SCHOOL
24,WEST POKOT,132,POKOT SOUTH,660,TAPACH,SESIMWO PRIMARY SCHOOL
24,WEST POKOT,132,POKOT SOUTH,660,TAPACH,TELO PRIMARY SCHOOL
24,WEST POKOT,132,POKOT SOUTH,660,TAPACH,PILIL PRIMARY SCHOOL
24,WEST POKOT,132,POKOT SOUTH,660,TAPACH,TORORO PRIMARY SCHOOL
24,WEST POKOT,132,POKOT SOUTH,660,TAPACH,SIKOWO NURSERY SCHOOL
24,WEST POKOT,132,POKOT SOUTH,660,TAPACH,KAPUSHEN PRIMARY SCHOOL
24,WEST POKOT,132,POKOT SOUTH,660,TAPACH,SOPOWEN PRIMARY SCHOOL
24,WEST POKOT,132,POKOT SOUTH,660,TAPACH,TARAK PRIMARY SCHOOL
24,WEST POKOT,132,POKOT SOUTH,660,TAPACH,KAKRES PRIMARY SCHOOL
24,WEST POKOT,132,POKOT SOUTH,660,TAPACH,KAGHOT PRIMARY SCHOOL
24,WEST POKOT,132,POKOT SOUTH,660,TAPACH,PCHOTOY PRIMARY SCHOOL
24,WEST POKOT,132,POKOT SOUTH,660,TAPACH,KARELACHON NURSERY SCHOOL
24,WEST POKOT,132,POKOT SOUTH,660,TAPACH,PSUTONU PRIMARY SCHOOL
24,WEST POKOT,132,POKOT SOUTH,660,TAPACH,LOSA NURSERY SCHOOL
24,WEST POKOT,132,POKOT SOUTH,660,TAPACH,LULWOI NURSERY SCHOOL
24,WEST POKOT,132,POKOT SOUTH,660,TAPACH,MARANGAR NURSERY SCHOOL
24,WEST POKOT,132,POKOT SOUTH,660,TAPACH,CHEBON NURSERY SCHOOL
24,WEST POKOT,132,POKOT SOUTH,660,TAPACH,KALITIT NURSERY SCHOOL
24,WEST POKOT,132,POKOT SOUTH,660,TAPACH,EMSOSION NURSERY SCHOOL
25,SAMBURU,133,SAMBURU WEST,661,LODOKEJEK,LOLUA VILLAGE (MOBILE)
25,SAMBURU,133,SAMBURU WEST,661,LODOKEJEK,MUGUR PRIMARY SCHOOL
25,SAMBURU,133,SAMBURU WEST,661,LODOKEJEK,LMISIGIYOI PRIMARY SCHOOL
25,SAMBURU,133,SAMBURU WEST,661,LODOKEJEK,LARIAK OROK NURSERY SCHOOL
25,SAMBURU,133,SAMBURU WEST,661,LODOKEJEK,DARAJA NURSERY SCHOOL
25,SAMBURU,133,SAMBURU WEST,661,LODOKEJEK,LALAING'OK NURSERY SCHOOL
25,SAMBURU,133,SAMBURU WEST,661,LODOKEJEK,NAIBORKEJU PRIMARY SCHOOL
25,SAMBURU,133,SAMBURU WEST,661,LODOKEJEK,LPETPET PRIMARY SCHOOL
25,SAMBURU,133,SAMBURU WEST,661,LODOKEJEK,LOLTULELEI PRIMARY SCHOOL
25,SAMBURU,133,SAMBURU WEST,661,LODOKEJEK,LKILORITI PRIMARY SCHOOL
25,SAMBURU,133,SAMBURU WEST,661,LODOKEJEK,LODOKEJEK PRIMARY SCHOOL
25,SAMBURU,133,SAMBURU WEST,661,LODOKEJEK,LOCHO NURSERY SCHOOL
25,SAMBURU,133,SAMBURU WEST,661,LODOKEJEK,SURA ADORU PRIMARY SCHOOL
25,SAMBURU,133,SAMBURU WEST,661,LODOKEJEK,KIRIMUN PRIMARY SCHOOL
25,SAMBURU,133,SAMBURU WEST,661,LODOKEJEK,KIRIMUN NURSERY SCHOOL
25,SAMBURU,133,SAMBURU WEST,661,LODOKEJEK,GARMA NURSERY SCHOOL
25,SAMBURU,133,SAMBURU WEST,661,LODOKEJEK,KELELE PRIMARY SCHOOL
25,SAMBURU,133,SAMBURU WEST,661,LODOKEJEK,NENKER'PUS PRIMARY SCHOOL
25,SAMBURU,133,SAMBURU WEST,661,LODOKEJEK,NG'AMATA PRIMARY SCHOOL
25,SAMBURU,133,SAMBURU WEST,661,LODOKEJEK,LOUKU ECD PRE SCHOOL
25,SAMBURU,133,SAMBURU WEST,661,LODOKEJEK,MPOGANI ECD PRE SCHOOL
25,SAMBURU,133,SAMBURU WEST,661,LODOKEJEK,LBAA LESUKUTA PRE SCHOOL
25,SAMBURU,133,SAMBURU WEST,661,LODOKEJEK,LKICHAKI PRE SCHOOL
25,SAMBURU,133,SAMBURU WEST,662,SUGUTA MARMAR,KITABOR PRIMARY SCHOOL
25,SAMBURU,133,SAMBURU WEST,662,SUGUTA MARMAR,LOLMOLOG PRIMARY SCHOOL
25,SAMBURU,133,SAMBURU WEST,662,SUGUTA MARMAR,LORUKOTI PRIMARY SCHOOL
25,SAMBURU,133,SAMBURU WEST,662,SUGUTA MARMAR,LMARI NURSERY SCHOOL
25,SAMBURU,133,SAMBURU WEST,662,SUGUTA MARMAR,LOGORATE PRIMARY SCHOOL
25,SAMBURU,133,SAMBURU WEST,662,SUGUTA MARMAR,ANGATA RONGAI PRIMARY SCHOOL
25,SAMBURU,133,SAMBURU WEST,662,SUGUTA MARMAR,NKUTOTO PRIMARY SCHOOL
25,SAMBURU,133,SAMBURU WEST,662,SUGUTA MARMAR,LCHORO LELERAI PRIMARY SCHOOL
25,SAMBURU,133,SAMBURU WEST,662,SUGUTA MARMAR,SUGUTA MARMAR PRIMARY SCHOOL
25,SAMBURU,133,SAMBURU WEST,662,SUGUTA MARMAR,SUGUTA MARMAR NURSERY SCHOOL
25,SAMBURU,133,SAMBURU WEST,662,SUGUTA MARMAR,NASUR PRIMARY SCHOOL
25,SAMBURU,133,SAMBURU WEST,662,SUGUTA MARMAR,AMAIYA PRIMARY SCHOOL
25,SAMBURU,133,SAMBURU WEST,662,SUGUTA MARMAR,LONGEWAN PRIMARY SCHOOL
25,SAMBURU,133,SAMBURU WEST,662,SUGUTA MARMAR,LOLGESE PRIMARY SCHOOL
25,SAMBURU,133,SAMBURU WEST,662,SUGUTA MARMAR,LOLMOLOK DAY MIXED SECONDARY SCHOOL
25,SAMBURU,133,SAMBURU WEST,662,SUGUTA MARMAR,LOWA MARA ECD PRE SCHOOL
25,SAMBURU,133,SAMBURU WEST,662,SUGUTA MARMAR,LARIAK OROK PRIMARY SCHOOL
25,SAMBURU,133,SAMBURU WEST,663,MARALAL,NOMOTIO PRIMARY SCHOOL
25,SAMBURU,133,SAMBURU WEST,663,MARALAL,LGOS PRIMARY SCHOOL
25,SAMBURU,133,SAMBURU WEST,663,MARALAL,LPARTUK PRIMARY SCHOOL
25,SAMBURU,133,SAMBURU WEST,663,MARALAL,LKUROTO PRIMARY SCHOOL
25,SAMBURU,133,SAMBURU WEST,663,MARALAL,MARALAL EQUITY(OPEN)
25,SAMBURU,133,SAMBURU WEST,663,MARALAL,SAMBURU TEACHERS SACCO(OPEN)
25,SAMBURU,133,SAMBURU WEST,663,MARALAL,AP LINE I (OPEN)
25,SAMBURU,133,SAMBURU WEST,663,MARALAL,HIGHWAY MARALAL (OPEN)
25,SAMBURU,133,SAMBURU WEST,663,MARALAL,LUMA MORR NURSERY SCHOOL
25,SAMBURU,133,SAMBURU WEST,663,MARALAL,MARALAL D.E.B. PRIMARY SCHOOL
25,SAMBURU,133,SAMBURU WEST,663,MARALAL,SOITPUS NURSERY SCHOOL
25,SAMBURU,133,SAMBURU WEST,663,MARALAL,KIRISIA CEREALS BOARD
25,SAMBURU,133,SAMBURU WEST,663,MARALAL,SHABAA PRIMARY SCHOOL
25,SAMBURU,133,SAMBURU WEST,663,MARALAL,TAMIYOI NURSERY SCHOOL
25,SAMBURU,133,SAMBURU WEST,663,MARALAL,NG'ARI PRIMARY SCHOOL
25,SAMBURU,133,SAMBURU WEST,663,MARALAL,BARABARA NURSERY SCHOOL
25,SAMBURU,133,SAMBURU WEST,663,MARALAL,YAMOO NURSERY SCHOOL
25,SAMBURU,133,SAMBURU WEST,663,MARALAL,LPOROS PRIMARY SCHOOL
25,SAMBURU,133,SAMBURU WEST,663,MARALAL,LMUTARO PRIMARY SCHOOL
25,SAMBURU,133,SAMBURU WEST,663,MARALAL,YARE NURSERY SCHOOL
25,SAMBURU,133,SAMBURU WEST,663,MARALAL,LANKARN NURSERY SCHOOL
25,SAMBURU,133,SAMBURU WEST,663,MARALAL,LOIKAS PRIMARY SCHOOL
25,SAMBURU,133,SAMBURU WEST,663,MARALAL,MARALAL ALLAMANO NURSERY
25,SAMBURU,133,SAMBURU WEST,663,MARALAL,KENYATTA STADIUM
25,SAMBURU,133,SAMBURU WEST,663,MARALAL,P.C.E.A MARALAL PRIMARY SCHOOL
25,SAMBURU,133,SAMBURU WEST,663,MARALAL,MBUKIWA MARALAL(OPEN)
25,SAMBURU,133,SAMBURU WEST,663,MARALAL,MARALAL SOCIAL HALL(OPEN)
25,SAMBURU,133,SAMBURU WEST,663,MARALAL,ALLAMANO NURSERY SCHOOL
25,SAMBURU,133,SAMBURU WEST,663,MARALAL,MADRASA NURSERY SCHOOL
25,SAMBURU,133,SAMBURU WEST,663,MARALAL,PCEA NURSERY SCHOOL MARALAL
25,SAMBURU,133,SAMBURU WEST,663,MARALAL,MORIJOI PRIMARY SCHOOL
25,SAMBURU,133,SAMBURU WEST,663,MARALAL,LEDERO PRIMARY SCHOOL
25,SAMBURU,133,SAMBURU WEST,663,MARALAL,MARALAL DEB NURSERY SCHOOL
25,SAMBURU,133,SAMBURU WEST,663,MARALAL,MADRASA PRIMARY SCHOOL
25,SAMBURU,133,SAMBURU WEST,663,MARALAL,PRISON NURSERY SCHOOL
25,SAMBURU,133,SAMBURU WEST,663,MARALAL,LAKIRA PRIMARY SCHOOL
25,SAMBURU,133,SAMBURU WEST,663,MARALAL,LOIKAS NURSERY SCHOOL
25,SAMBURU,133,SAMBURU WEST,663,MARALAL,ST. PAUL PRIMARY SCHOOL
25,SAMBURU,133,SAMBURU WEST,663,MARALAL,GLORY ECD PRE SCHOOL
25,SAMBURU,133,SAMBURU WEST,664,LOOSUK,LOIBORNGARE PRIMARY SCHOOL
25,SAMBURU,133,SAMBURU WEST,664,LOOSUK,LOLMISIGIYOI NURSERY SCHOOL
25,SAMBURU,133,SAMBURU WEST,664,LOOSUK,LOOSUK PRIMARY SCHOOL
25,SAMBURU,133,SAMBURU WEST,664,LOOSUK,PURA PRIMARY SCHOOL
25,SAMBURU,133,SAMBURU WEST,664,LOOSUK,LOLKUNONO PRIMARY SCHOOL
25,SAMBURU,133,SAMBURU WEST,664,LOOSUK,NKOPELIANI PRIMARY SCHOOL
25,SAMBURU,133,SAMBURU WEST,664,LOOSUK,LCHINGE'I PRIMARY SCHOOL
25,SAMBURU,133,SAMBURU WEST,664,LOOSUK,LOROSOIT NURSERY SCHOOL
25,SAMBURU,133,SAMBURU WEST,664,LOOSUK,LESIDAI PRIMARY SCHOOL
25,SAMBURU,133,SAMBURU WEST,664,LOOSUK,LORRIAN NURSERY SCHOOL
25,SAMBURU,133,SAMBURU WEST,664,LOOSUK,LOISUKUTAN PRIMARY SCHOOL
25,SAMBURU,133,SAMBURU WEST,664,LOOSUK,LKEEK SAPUKI PRIMARY SCHOOL
25,SAMBURU,133,SAMBURU WEST,664,LOOSUK,LOIRAGAI PRIMARY SCHOOL
25,SAMBURU,133,SAMBURU WEST,665,PORO,SIRATA OIROBI PRIMARY SCHOOL
25,SAMBURU,133,SAMBURU WEST,665,PORO,LEMISIGIYO PRIMARY SCHOOL
25,SAMBURU,133,SAMBURU WEST,665,PORO,SEKETET PRIMARY SCHOOL
25,SAMBURU,133,SAMBURU WEST,665,PORO,SAWAN NURSERY SCHOOL
25,SAMBURU,133,SAMBURU WEST,665,PORO,LOITING PRIMARY SCHOOL
25,SAMBURU,133,SAMBURU WEST,665,PORO,SIAMBU PRIMARY SCHOOL
25,SAMBURU,133,SAMBURU WEST,665,PORO,LORROK PRIMARY SCHOOL
25,SAMBURU,133,SAMBURU WEST,665,PORO,NTACHATA NURSERY SCHOOL
25,SAMBURU,133,SAMBURU WEST,665,PORO,NGANO PRIMARY SCHOOL
25,SAMBURU,133,SAMBURU WEST,665,PORO,NKEJUMUNY PRIMARY SCHOOL
25,SAMBURU,133,SAMBURU WEST,665,PORO,NAUNERI PRIMARY SCHOOL
25,SAMBURU,133,SAMBURU WEST,665,PORO,LADALA NURSERY SCHOOL
25,SAMBURU,133,SAMBURU WEST,665,PORO,LAMAYAINA PRIMARY SCHOOL
25,SAMBURU,133,SAMBURU WEST,665,PORO,LKURUM PRIMARY SCHOOL
25,SAMBURU,134,SAMBURU NORTH,666,EL-BARTA,NG'ILAI PRIMARY SCHOOL
25,SAMBURU,134,SAMBURU NORTH,666,EL-BARTA,LOROKONYEKIE NURSERY SCHOOL
25,SAMBURU,134,SAMBURU NORTH,666,EL-BARTA,BENDERA PRIMARY SCHOOL
25,SAMBURU,134,SAMBURU NORTH,666,EL-BARTA,BARAGOI PRIMARY SCHOOL
25,SAMBURU,134,SAMBURU NORTH,666,EL-BARTA,MUNANDA NURSERY SCHOOL
25,SAMBURU,134,SAMBURU NORTH,666,EL-BARTA,NALING'AGOR NURSERY SCHOOL
25,SAMBURU,134,SAMBURU NORTH,666,EL-BARTA,SUYAN NURSERY (MOBILE)
25,SAMBURU,134,SAMBURU NORTH,666,EL-BARTA,SOITO NG'IRON NURSERY SCHOOL
25,SAMBURU,134,SAMBURU NORTH,666,EL-BARTA,SULUBEI NURSERY (MOBILE)
25,SAMBURU,134,SAMBURU NORTH,666,EL-BARTA,MASIKITA PRIMARY SCHOOL
25,SAMBURU,134,SAMBURU NORTH,666,EL-BARTA,NAKUAKUI VILLAGE ( MOBILE)
25,SAMBURU,134,SAMBURU NORTH,666,EL-BARTA,LEKAIRAB VILLAGE (MOBILE)
25,SAMBURU,134,SAMBURU NORTH,666,EL-BARTA,MBUKOI NURSERY (MOBILE)
25,SAMBURU,134,SAMBURU NORTH,666,EL-BARTA,NTEREMKA VILLAGE
25,SAMBURU,134,SAMBURU NORTH,666,EL-BARTA,SOIT NGIRO NURSERY SCHOOL
25,SAMBURU,134,SAMBURU NORTH,666,EL-BARTA,NALINGANGOR PRIMARY SCHOOL
25,SAMBURU,134,SAMBURU NORTH,667,NACHOLA,NATITI PRIMARY SCHOOL
25,SAMBURU,134,SAMBURU NORTH,667,NACHOLA,LOMIROK DAM (MOBILE)
25,SAMBURU,134,SAMBURU NORTH,667,NACHOLA,SUGUTA VALLEY PRIMARY SCHOOL
25,SAMBURU,134,SAMBURU NORTH,667,NACHOLA,NACHOLA PRIMARY SCHOOL
25,SAMBURU,134,SAMBURU NORTH,667,NACHOLA,NAYANA-ATIIR VILLAGE (MOBILE)
25,SAMBURU,134,SAMBURU NORTH,667,NACHOLA,NATRUKAN TERTER (MOBILE)
25,SAMBURU,134,SAMBURU NORTH,667,NACHOLA,MORUA-NGIBUIN ( MOBILE)
25,SAMBURU,134,SAMBURU NORTH,667,NACHOLA,NATITI NURSERY SCHOOL
25,SAMBURU,134,SAMBURU NORTH,667,NACHOLA,MARTI PRIMARY SCHOOL
25,SAMBURU,134,SAMBURU NORTH,667,NACHOLA,KATOWANA NURSERY SCHOOL
25,SAMBURU,134,SAMBURU NORTH,667,NACHOLA,CHARDA NURSERY SCHOOL
25,SAMBURU,134,SAMBURU NORTH,667,NACHOLA,LOCHOTOM VILLAGE MOBILE
25,SAMBURU,134,SAMBURU NORTH,667,NACHOLA,KAKULODAK NURSERY SCHOOL
25,SAMBURU,134,SAMBURU NORTH,667,NACHOLA,LOKORICHERIA VILLAGE MOBILE
25,SAMBURU,134,SAMBURU NORTH,667,NACHOLA,NGIPURIO VILLAGE MOBILE
25,SAMBURU,134,SAMBURU NORTH,668,NDOTO,LATAKWENY PRIMARY SCHOOL
25,SAMBURU,134,SAMBURU NORTH,668,NDOTO,LOINDONG'O NURSERY SCHOOL
25,SAMBURU,134,SAMBURU NORTH,668,NDOTO,NDONYO-WUAS VILLAGE
25,SAMBURU,134,SAMBURU NORTH,668,NDOTO,KENO VILLAGE NURSERY
25,SAMBURU,134,SAMBURU NORTH,668,NDOTO,LOIKUMKUM PRIMARY SCHOOL
25,SAMBURU,134,SAMBURU NORTH,668,NDOTO,SERERIT PRIMARY SCHOOL
25,SAMBURU,134,SAMBURU NORTH,668,NDOTO,SIMITI PRIMARY SCHOOL
25,SAMBURU,134,SAMBURU NORTH,668,NDOTO,TANGAR PRIMARY SCHOOL
25,SAMBURU,134,SAMBURU NORTH,668,NDOTO,LOODUA PRIMARY SCHOOL
25,SAMBURU,134,SAMBURU NORTH,668,NDOTO,LESIRKAN PRIMARY SCHOOL
25,SAMBURU,134,SAMBURU NORTH,668,NDOTO,LESIRKAN NURSERY SCHOOL
25,SAMBURU,134,SAMBURU NORTH,668,NDOTO,ARSIM PRIMARY SCHOOL
25,SAMBURU,134,SAMBURU NORTH,668,NDOTO,ILLAUT PRIMARY SCHOOL
25,SAMBURU,134,SAMBURU NORTH,668,NDOTO,SIANG'AN NURSERY SCHOOL
25,SAMBURU,134,SAMBURU NORTH,668,NDOTO,NG'URONIT RESEARCH STATION
25,SAMBURU,134,SAMBURU NORTH,668,NDOTO,KELESUA PRIMARY SCHOOL
25,SAMBURU,134,SAMBURU NORTH,668,NDOTO,SEREN PRIMARY SCHOOL
25,SAMBURU,134,SAMBURU NORTH,669,NYIRO,NAINGASIAI MOBILE
25,SAMBURU,134,SAMBURU NORTH,669,NYIRO,UASO RONGAI PRIMARY SCHOOL
25,SAMBURU,134,SAMBURU NORTH,669,NYIRO,LOKUTO VILLAGE (MOBILE)
25,SAMBURU,134,SAMBURU NORTH,669,NYIRO,KAWAP PRIMARY SCHOOL
25,SAMBURU,134,SAMBURU NORTH,669,NYIRO,SUMURUAI PRIMARY SCHOOL
25,SAMBURU,134,SAMBURU NORTH,669,NYIRO,LORUKO NURSERY SCHOOL
25,SAMBURU,134,SAMBURU NORTH,669,NYIRO,LMERIM NURSERY SCHOOL
25,SAMBURU,134,SAMBURU NORTH,669,NYIRO,SOUTH HORR PRIMARY SCHOOL
25,SAMBURU,134,SAMBURU NORTH,669,NYIRO,LOSURKOI NURSERY SCHOOL
25,SAMBURU,134,SAMBURU NORTH,669,NYIRO,TUUM FOREST STATION
25,SAMBURU,134,SAMBURU NORTH,669,NYIRO,TUUM PRIMARY SCHOOL
25,SAMBURU,134,SAMBURU NORTH,669,NYIRO,NAKEOR MANYATTA (MOBILE)
25,SAMBURU,134,SAMBURU NORTH,669,NYIRO,PARKATI PRIMARY SCHOOL
25,SAMBURU,134,SAMBURU NORTH,669,NYIRO,LAREOROK PRIMARY SCHOOL
25,SAMBURU,134,SAMBURU NORTH,669,NYIRO,LOONJORIN PRIMARY SCHOOL
25,SAMBURU,134,SAMBURU NORTH,669,NYIRO,ANDERI PRIMARY SCHOOL
25,SAMBURU,134,SAMBURU NORTH,669,NYIRO,KEREE PRIMARY SCHOOL
25,SAMBURU,134,SAMBURU NORTH,669,NYIRO,CONSOLLATA NURSERY SCHOOL
25,SAMBURU,134,SAMBURU NORTH,669,NYIRO,SARIMA VILLAGE (MOBILE)
25,SAMBURU,134,SAMBURU NORTH,669,NYIRO,LTALETIANI NURSERY SCHOOL
25,SAMBURU,134,SAMBURU NORTH,669,NYIRO,LAPARAAN VILLAGE NURSERY
25,SAMBURU,134,SAMBURU NORTH,669,NYIRO,SIMALE VILLAGE MOBILE
25,SAMBURU,134,SAMBURU NORTH,669,NYIRO,KILEPOI NURSERY SCHOOL
25,SAMBURU,134,SAMBURU NORTH,669,NYIRO,SENGENGE VILLAGE MOBILE
25,SAMBURU,134,SAMBURU NORTH,669,NYIRO,LOPOROTO ETHEKON NURSERY MOBILE
25,SAMBURU,134,SAMBURU NORTH,669,NYIRO,NAMALIA VILLAGE MOBBILE
25,SAMBURU,134,SAMBURU NORTH,670,ANGATA NANYOKIE,LOLTULELEI NURSERY SCHOOL
25,SAMBURU,134,SAMBURU NORTH,670,ANGATA NANYOKIE,SOIT PUS PRIMARY SCHOOL
25,SAMBURU,134,SAMBURU NORTH,670,ANGATA NANYOKIE,SUNONI PRIMARY SCHOOL
25,SAMBURU,134,SAMBURU NORTH,670,ANGATA NANYOKIE,ANGATA NANYOKIE PRIMARY SCHOOL
25,SAMBURU,134,SAMBURU NORTH,670,ANGATA NANYOKIE,LONKUTUKIE FOREST (MOBILE)
25,SAMBURU,134,SAMBURU NORTH,670,ANGATA NANYOKIE,NKORIKA PRIMARY SCHOOL
25,SAMBURU,134,SAMBURU NORTH,670,ANGATA NANYOKIE,BARSALOI PRIMARY SCHOOL
25,SAMBURU,134,SAMBURU NORTH,670,ANGATA NANYOKIE,LPUSI PRIMARY SCHOOL
25,SAMBURU,134,SAMBURU NORTH,670,ANGATA NANYOKIE,MORIJO PRIMARY SCHOOL
25,SAMBURU,134,SAMBURU NORTH,670,ANGATA NANYOKIE,LULU PRIMARY SCHOOL
25,SAMBURU,134,SAMBURU NORTH,670,ANGATA NANYOKIE,NGAVAI NURSERY SCHOOL
25,SAMBURU,134,SAMBURU NORTH,670,ANGATA NANYOKIE,LULU FOREST STATION
25,SAMBURU,134,SAMBURU NORTH,670,ANGATA NANYOKIE,NTARAKWAI NURSERY SCHOOL
25,SAMBURU,134,SAMBURU NORTH,670,ANGATA NANYOKIE,LKUJITA VILLAGE NURSERY SCHOOL
25,SAMBURU,134,SAMBURU NORTH,671,BAAWA,MURUANKAI PRIMARY SCHOOL
25,SAMBURU,134,SAMBURU NORTH,671,BAAWA,LCHAKWAI PRIMARY SCHOOL
25,SAMBURU,134,SAMBURU NORTH,671,BAAWA,NONKEEK PRIMARY SCHOOL
25,SAMBURU,134,SAMBURU NORTH,671,BAAWA,LOROK-LOLMONGO NURSERY SCHOOL
25,SAMBURU,134,SAMBURU NORTH,671,BAAWA,OPIROI PRIMARY SCHOOL
25,SAMBURU,134,SAMBURU NORTH,671,BAAWA,NOMBOROI PRIMARY SCHOOL
25,SAMBURU,134,SAMBURU NORTH,671,BAAWA,NOMBOROI NURSERY SCHOOL
25,SAMBURU,134,SAMBURU NORTH,671,BAAWA,NAIMARLAL PRIMARY SCHOOL
25,SAMBURU,134,SAMBURU NORTH,671,BAAWA,LAILILAI NURSERY SCHOOL
25,SAMBURU,134,SAMBURU NORTH,671,BAAWA,LEIIR PRIMARY SCHOOL
25,SAMBURU,134,SAMBURU NORTH,671,BAAWA,BAAWA PRIMARY SCHOOL
25,SAMBURU,134,SAMBURU NORTH,671,BAAWA,BAAWA NURSERY SCHOOL
25,SAMBURU,135,SAMBURU EAST,672,WASO,SANTAIT WELL MOBILE
25,SAMBURU,135,SAMBURU EAST,672,WASO,KINYA VILLAGE MOBILE
25,SAMBURU,135,SAMBURU EAST,672,WASO,SERE-OLIPI PRIMARY SCHOOL
25,SAMBURU,135,SAMBURU EAST,672,WASO,KAURO MOBILE
25,SAMBURU,135,SAMBURU EAST,672,WASO,KAING'OS NURSERY SCHOOL
25,SAMBURU,135,SAMBURU EAST,672,WASO,LOSESIA MOBILE
25,SAMBURU,135,SAMBURU EAST,672,WASO,LARESORO PRIMARY SCHOOL
25,SAMBURU,135,SAMBURU EAST,672,WASO,NAKWAMORU MOBILE
25,SAMBURU,135,SAMBURU EAST,672,WASO,LERATA PRIMARY SCHOOL
25,SAMBURU,135,SAMBURU EAST,672,WASO,GIRGIR PRIMARY SCHOOL-UPPER
25,SAMBURU,135,SAMBURU EAST,672,WASO,GIRGIR PRIMARY SCHOOL-LOWER
25,SAMBURU,135,SAMBURU EAST,672,WASO,LORUBAI PRIMARY SCHOOL
25,SAMBURU,135,SAMBURU EAST,672,WASO,NDONYO WUASIN PRIMARY SCHOOL
25,SAMBURU,135,SAMBURU EAST,672,WASO,LNDUME NURSERY SCHOOL
25,SAMBURU,135,SAMBURU EAST,672,WASO,LERRAPANGA MOBILE
25,SAMBURU,135,SAMBURU EAST,672,WASO,KIRISH NURSERY SCHOOL
25,SAMBURU,135,SAMBURU EAST,672,WASO,LDERKESI PRIMARY SCHOOL
25,SAMBURU,135,SAMBURU EAST,672,WASO,LENTASIM NURSERY SCHOOL
25,SAMBURU,135,SAMBURU EAST,673,WAMBA WEST,RESIM PRIMARY SCHOOL
25,SAMBURU,135,SAMBURU EAST,673,WAMBA WEST,LOPESIWO PRIMARY SCHOOL
25,SAMBURU,135,SAMBURU EAST,673,WAMBA WEST,NGARONI PRIMARY SCHOOL
25,SAMBURU,135,SAMBURU EAST,673,WAMBA WEST,LPUS PRIMARY SCHOOL
25,SAMBURU,135,SAMBURU EAST,673,WAMBA WEST,LODUNG'OKWE PRIMARY SCHOOL
25,SAMBURU,135,SAMBURU EAST,673,WAMBA WEST,LANTARE VILLAGE
25,SAMBURU,135,SAMBURU EAST,673,WAMBA WEST,NDONYO WERRIKON NURSERY
25,SAMBURU,135,SAMBURU EAST,673,WAMBA WEST,MPASION NURSERY SCHOOL
25,SAMBURU,135,SAMBURU EAST,673,WAMBA WEST,SILANGO NANYOKIE PRIMARY SCHOOL
25,SAMBURU,135,SAMBURU EAST,673,WAMBA WEST,NENTERIT VILLAGE
25,SAMBURU,135,SAMBURU EAST,673,WAMBA WEST,LEKIJI NURSERY SCHOOL
25,SAMBURU,135,SAMBURU EAST,673,WAMBA WEST,NGUTUK ELMULGET PRIMARY SCHOOL
25,SAMBURU,135,SAMBURU EAST,673,WAMBA WEST,NAISUNYAI PRIMARY SCHOOL
25,SAMBURU,135,SAMBURU EAST,673,WAMBA WEST,LEMPAUTE NURSERY SCHOOL
25,SAMBURU,135,SAMBURU EAST,673,WAMBA WEST,REMOT PRIMARY SCHOOL
25,SAMBURU,135,SAMBURU EAST,673,WAMBA WEST,SUKUROI NURSERY SCHOOL
25,SAMBURU,135,SAMBURU EAST,673,WAMBA WEST,NGUTUK ONG'IRON PRIMARY SCHOOL
25,SAMBURU,135,SAMBURU EAST,673,WAMBA WEST,SASAAB NURSERY SCHOOL
25,SAMBURU,135,SAMBURU EAST,673,WAMBA WEST,KILTAMANY PRIMARY SCHOOL
25,SAMBURU,135,SAMBURU EAST,673,WAMBA WEST,LPUS LELUAI PRIMARY SCHOOL
25,SAMBURU,135,SAMBURU EAST,673,WAMBA WEST,SAMBURU LODGE
25,SAMBURU,135,SAMBURU EAST,673,WAMBA WEST,INTERPID SAMBURU CLUB
25,SAMBURU,135,SAMBURU EAST,673,WAMBA WEST,LAURAGI NURSERY SCHOOL
25,SAMBURU,135,SAMBURU EAST,673,WAMBA WEST,SOPA LODGE
25,SAMBURU,135,SAMBURU EAST,673,WAMBA WEST,NKISEU NURSERY SCHOOL
25,SAMBURU,135,SAMBURU EAST,673,WAMBA WEST,KURSEINIE NURSERY SCHOOL
25,SAMBURU,135,SAMBURU EAST,673,WAMBA WEST,MUGUR LOTURO WELL
25,SAMBURU,135,SAMBURU EAST,673,WAMBA WEST,NALEPO BOO PRIMARY SCHOOL
25,SAMBURU,135,SAMBURU EAST,673,WAMBA WEST,LBAA ONYEKIE PRE - SCHOOL
25,SAMBURU,135,SAMBURU EAST,674,WAMBA EAST,LENG'ARDE PRIMARY SCHOOL
25,SAMBURU,135,SAMBURU EAST,674,WAMBA EAST,LOOLKUNIYANI PRIMARY SCHOOL
25,SAMBURU,135,SAMBURU EAST,674,WAMBA EAST,LKISIN PRIMARY SCHOOL
25,SAMBURU,135,SAMBURU EAST,674,WAMBA EAST,GOLGOLTIM PRIMARY SCHOOL
25,SAMBURU,135,SAMBURU EAST,674,WAMBA EAST,NTEPES PRIMARY SCHOOL
25,SAMBURU,135,SAMBURU EAST,674,WAMBA EAST,SARARA NAMUNYAK
25,SAMBURU,135,SAMBURU EAST,674,WAMBA EAST,WAMBA WOMEN CLUB
25,SAMBURU,135,SAMBURU EAST,674,WAMBA EAST,WAMBA D.E.B PRIMARY SCHOOL
25,SAMBURU,135,SAMBURU EAST,674,WAMBA EAST,LEKAT NURSERY SCHOOL
25,SAMBURU,135,SAMBURU EAST,674,WAMBA EAST,SIONTA PRIMARY SCHOOL
25,SAMBURU,135,SAMBURU EAST,674,WAMBA EAST,LARATA PRIMARY SCHOOL
25,SAMBURU,135,SAMBURU EAST,674,WAMBA EAST,LEMPURANAI PRIMARY SCHOOL
25,SAMBURU,135,SAMBURU EAST,674,WAMBA EAST,MPAGAS NURSERY SCHOOL
25,SAMBURU,135,SAMBURU EAST,674,WAMBA EAST,MATAKWANI NURSERY SCHOOL
25,SAMBURU,135,SAMBURU EAST,674,WAMBA EAST,LDUPAI NURSERY SCHOOL
25,SAMBURU,135,SAMBURU EAST,674,WAMBA EAST,LOIPI NURSERY SCHOOL
25,SAMBURU,135,SAMBURU EAST,674,WAMBA EAST,WAMBA CCM PRIMARY SCHOOL-LOWER
25,SAMBURU,135,SAMBURU EAST,674,WAMBA EAST,WAMBA CCM PRIMARY SCHOOL-UPPER
25,SAMBURU,135,SAMBURU EAST,674,WAMBA EAST,RETETI PRIMARY SCHOOL
25,SAMBURU,135,SAMBURU EAST,675,WAMBA NORTH,RARAITI PRIMARY SCHOOL
25,SAMBURU,135,SAMBURU EAST,675,WAMBA NORTH,LORROK-ONYOKIE NURSERY SCHOOL
25,SAMBURU,135,SAMBURU EAST,675,WAMBA NORTH,NAIRIMIRIMO PRIMARY SCHOOL
25,SAMBURU,135,SAMBURU EAST,675,WAMBA NORTH,SWARI PRIMARY SCHOOL
25,SAMBURU,135,SAMBURU EAST,675,WAMBA NORTH,NOLWAO PRIMARY SCHOOL
25,SAMBURU,135,SAMBURU EAST,675,WAMBA NORTH,NGARE NAROK NURSERY SCHOOL
25,SAMBURU,135,SAMBURU EAST,675,WAMBA NORTH,NDIKIR NANYOKIE NURSERY SCHOOL
25,SAMBURU,135,SAMBURU EAST,675,WAMBA NORTH,KIBARTARE NURSERY SCHOOL
25,SAMBURU,135,SAMBURU EAST,675,WAMBA NORTH,OROMODEI PRIMARY SCHOOL
25,SAMBURU,135,SAMBURU EAST,675,WAMBA NORTH,NOLOTORO PRIMARY SCHOOL
25,SAMBURU,135,SAMBURU EAST,675,WAMBA NORTH,NGILAI PRIMARY SCHOOL
25,SAMBURU,135,SAMBURU EAST,675,WAMBA NORTH,NAWENIEKOON VILLAGE
25,SAMBURU,135,SAMBURU EAST,675,WAMBA NORTH,NCHOK NURSERY SCHOOL
25,SAMBURU,135,SAMBURU EAST,675,WAMBA NORTH,MEWUA VILLAGE
25,SAMBURU,135,SAMBURU EAST,675,WAMBA NORTH,NGILATI MOBILE
25,SAMBURU,135,SAMBURU EAST,675,WAMBA NORTH,NDONYO NASIPA PRIMARY SCHOOL
25,SAMBURU,135,SAMBURU EAST,675,WAMBA NORTH,TEPELE NURSERY SCHOOL
25,SAMBURU,135,SAMBURU EAST,675,WAMBA NORTH,RARAITI NURSERY SCHOOL
25,SAMBURU,135,SAMBURU EAST,675,WAMBA NORTH,MILGIS PRIMARY SCHOOL
25,SAMBURU,135,SAMBURU EAST,675,WAMBA NORTH,LKUASI NURSERY SCHOOL
25,SAMBURU,135,SAMBURU EAST,675,WAMBA NORTH,NKOKOYOI NURSERY SCHOOL
25,SAMBURU,135,SAMBURU EAST,675,WAMBA NORTH,NGILAI LTUROTO WELL
25,SAMBURU,135,SAMBURU EAST,675,WAMBA NORTH,SIRATA NURSERY SCHOOL
25,SAMBURU,135,SAMBURU EAST,675,WAMBA NORTH,MARTI EPAREU NURSERY SCHOOL
25,SAMBURU,135,SAMBURU EAST,675,WAMBA NORTH,LEIROYIA PRIMARY SCHOOL
25,SAMBURU,135,SAMBURU EAST,675,WAMBA NORTH,LESIKIYA PRE - SCHOOL
25,SAMBURU,135,SAMBURU EAST,675,WAMBA NORTH,LTEROI PRE - SCHOOL
25,SAMBURU,135,SAMBURU EAST,675,WAMBA NORTH,LOOSILALE PRE - SCHOOL
26,TRANS NZOIA,136,KWANZA,676,KAPOMBOI,KATUKE ADC FARM
26,TRANS NZOIA,136,KWANZA,676,KAPOMBOI,KAPOMBOI PRIMARY SCHOOL
26,TRANS NZOIA,136,KWANZA,676,KAPOMBOI,SOY-MINING PRIMARY SCHOOL
26,TRANS NZOIA,136,KWANZA,676,KAPOMBOI,MARINDA PRIMARY SCHOOL
26,TRANS NZOIA,136,KWANZA,676,KAPOMBOI,KOBOS PRIMARY SCHOOL
26,TRANS NZOIA,136,KWANZA,676,KAPOMBOI,KAPSITWET PRIMARY SCHOOL
26,TRANS NZOIA,136,KWANZA,676,KAPOMBOI,LIYAVO PRIMARY SCHOOL
26,TRANS NZOIA,136,KWANZA,676,KAPOMBOI,MISANGA PRIMARY SCHOOL
26,TRANS NZOIA,136,KWANZA,676,KAPOMBOI,KITALE NDOGO PRIMARY SCHOOL
26,TRANS NZOIA,136,KWANZA,676,KAPOMBOI,NAMANJALALA PRIMARY SCHOOL
26,TRANS NZOIA,136,KWANZA,676,KAPOMBOI,MISEMWA NURSERY SCHOOL
26,TRANS NZOIA,136,KWANZA,676,KAPOMBOI,LURARE PRIMARY SCHOOL
26,TRANS NZOIA,136,KWANZA,676,KAPOMBOI,ST.EMMANUEL PRIMARY SCHOOL
26,TRANS NZOIA,136,KWANZA,676,KAPOMBOI,MUGEIYOT PRIMARY SCHOOL
26,TRANS NZOIA,136,KWANZA,676,KAPOMBOI,NDALALA PRIMARY SCHOOL
26,TRANS NZOIA,136,KWANZA,676,KAPOMBOI,NAMANDALA ADC PRIMARY SCHOOL
26,TRANS NZOIA,136,KWANZA,676,KAPOMBOI,ZEA PRIMARY SCHOOL
26,TRANS NZOIA,136,KWANZA,676,KAPOMBOI,FK1 PRIMARY SCHOOL
26,TRANS NZOIA,136,KWANZA,676,KAPOMBOI,CHIEF MTENDE PRIMARY SCHOOL
26,TRANS NZOIA,136,KWANZA,676,KAPOMBOI,TEMBELELA PRIMARY SCHOOL
26,TRANS NZOIA,136,KWANZA,676,KAPOMBOI,KAMBI NDEGE PRIMARY SCHOOL
26,TRANS NZOIA,136,KWANZA,676,KAPOMBOI,SABWANI ECD
26,TRANS NZOIA,136,KWANZA,676,KAPOMBOI,KAMBI NAIROBI PRIMARY SCHOOL
26,TRANS NZOIA,136,KWANZA,677,KWANZA,AMUKA PRIMARY SCHOOL
26,TRANS NZOIA,136,KWANZA,677,KWANZA,GOSETA PRIMARY SCHOOL
26,TRANS NZOIA,136,KWANZA,677,KWANZA,PENGI PRIMARY SCHOOL
26,TRANS NZOIA,136,KWANZA,677,KWANZA,SARURA PRIMARY SCHOOL
26,TRANS NZOIA,136,KWANZA,677,KWANZA,BWAYI PRIMARY SCHOOL
26,TRANS NZOIA,136,KWANZA,677,KWANZA,NGENY PRIMARY SCHOOL
26,TRANS NZOIA,136,KWANZA,677,KWANZA,METEITEI PRIMARY SCHOOL
26,TRANS NZOIA,136,KWANZA,677,KWANZA,MAMA MESA PRIMARY SCHOOL
26,TRANS NZOIA,136,KWANZA,677,KWANZA,GIDEA PRIMARY SCHOOL
26,TRANS NZOIA,136,KWANZA,677,KWANZA,MARIDADI PRIMARY SCHOOL
26,TRANS NZOIA,136,KWANZA,677,KWANZA,LUNYU PRIMARY SCHOOL
26,TRANS NZOIA,136,KWANZA,677,KWANZA,KOROSIOT PRIMARY SCHOOL
26,TRANS NZOIA,136,KWANZA,677,KWANZA,KWANZA PRIMARY SCHOOL
26,TRANS NZOIA,136,KWANZA,677,KWANZA,MAKHONGE PRIMARY SCHOOL
26,TRANS NZOIA,136,KWANZA,677,KWANZA,BISHOP MUGE SECONDARY SCHOOL
26,TRANS NZOIA,136,KWANZA,677,KWANZA,KIPSOEN PRIMARY SCHOOL
26,TRANS NZOIA,136,KWANZA,677,KWANZA,KARAUS PRIMARY SCHOOL
26,TRANS NZOIA,136,KWANZA,677,KWANZA,MLIMA REHEMA NURSERY SCHOOL
26,TRANS NZOIA,136,KWANZA,677,KWANZA,MIREMBE PRIMARY SCHOOL
26,TRANS NZOIA,136,KWANZA,677,KWANZA,KIPKORIONY PRIMARY SCHOOL
26,TRANS NZOIA,136,KWANZA,677,KWANZA,SANDE FRIENDS PRIMARY SCHOOL
26,TRANS NZOIA,136,KWANZA,677,KWANZA,KWANUSU PRIMARY SCHOOL
26,TRANS NZOIA,136,KWANZA,677,KWANZA,MILIMA A PRIMARY SCHOOL
26,TRANS NZOIA,136,KWANZA,677,KWANZA,LEISSA PRIMARY SCHOOL
26,TRANS NZOIA,136,KWANZA,677,KWANZA,KAISAGAT PRIMARY SCHOOL
26,TRANS NZOIA,136,KWANZA,677,KWANZA,AINASIT PRIMARY SCHOOL
26,TRANS NZOIA,136,KWANZA,677,KWANZA,EMORU MARKET
26,TRANS NZOIA,136,KWANZA,678,KEIYO,MUTUA PRIMARY SCHOOL
26,TRANS NZOIA,136,KWANZA,678,KEIYO,KOROSS PRIMARY SCHOOL
26,TRANS NZOIA,136,KWANZA,678,KEIYO,LUUYIA PRIMARY SCHOOL
26,TRANS NZOIA,136,KWANZA,678,KEIYO,SIAMBE PRIMARY SCHOOL
26,TRANS NZOIA,136,KWANZA,678,KEIYO,MULIMANI PRIMARY SCHOOL
26,TRANS NZOIA,136,KWANZA,678,KEIYO,KOLONGOLO PRIMARY SCHOOL
26,TRANS NZOIA,136,KWANZA,678,KEIYO,KIPTUIMET PRIMARY SCHOOL
26,TRANS NZOIA,136,KWANZA,678,KEIYO,BIKETI PRIMARY SCHOOL
26,TRANS NZOIA,136,KWANZA,678,KEIYO,KEESE PRIMARY SCHOOL
26,TRANS NZOIA,136,KWANZA,678,KEIYO,DR NOAH WEKESA PRIMARY SCHOOL
26,TRANS NZOIA,136,KWANZA,678,KEIYO,MARAMU PRIMARY SCHOOL
26,TRANS NZOIA,136,KWANZA,678,KEIYO,KAPKOI PRIMARY SCHOOL
26,TRANS NZOIA,136,KWANZA,678,KEIYO,NASIANDA PRIMARY SCHOOL
26,TRANS NZOIA,136,KWANZA,678,KEIYO,KAPKOI CENTRAL PRIMARY SCHOOL
26,TRANS NZOIA,136,KWANZA,678,KEIYO,WEBUYE PRIMARY SCHOOL
26,TRANS NZOIA,136,KWANZA,678,KEIYO,MALOMONYE PRIMARY SCHOOL
26,TRANS NZOIA,136,KWANZA,678,KEIYO,KAPKAI PRIMARY SCHOOL
26,TRANS NZOIA,136,KWANZA,678,KEIYO,MATISI BLOCK PRIMARY SCHOOL
26,TRANS NZOIA,136,KWANZA,678,KEIYO,MILIMANI JUNIOR PRIMARY SCHOOL
26,TRANS NZOIA,136,KWANZA,679,BIDII,SECTION SIX PRIMARY SCHOOL
26,TRANS NZOIA,136,KWANZA,679,BIDII,MAKUNGA PRIMARY SCHOOL
26,TRANS NZOIA,136,KWANZA,679,BIDII,LESSOS PRIMARY SCHOOL
26,TRANS NZOIA,136,KWANZA,679,BIDII,ST. MONICA GIRLS
26,TRANS NZOIA,136,KWANZA,679,BIDII,KITALE RAILWAYS STATION
26,TRANS NZOIA,136,KWANZA,679,BIDII,BIDII PRIMARY SCHOOL
26,TRANS NZOIA,137,ENDEBESS,680,CHEPCHOINA,NJORO PRIMARY SCHOOL
26,TRANS NZOIA,137,ENDEBESS,680,CHEPCHOINA,KASHABER PRIMARY SCHOOL
26,TRANS NZOIA,137,ENDEBESS,680,CHEPCHOINA,NAI PRIMARY SCHOOL
26,TRANS NZOIA,137,ENDEBESS,680,CHEPCHOINA,MWAMBA PRIMARY SCHOOL
26,TRANS NZOIA,137,ENDEBESS,680,CHEPCHOINA,CHEBEREM PRIMARY SCHOOL
26,TRANS NZOIA,137,ENDEBESS,680,CHEPCHOINA,SUAM CUSTOMS CENTRE (KAPTEGA)
26,TRANS NZOIA,137,ENDEBESS,680,CHEPCHOINA,SUAM PRIMARY SCHOOL
26,TRANS NZOIA,137,ENDEBESS,680,CHEPCHOINA,CHEPCHOINA PRIMARY SCHOOL
26,TRANS NZOIA,137,ENDEBESS,680,CHEPCHOINA,MALIKI PRIMARY SCHOOL
26,TRANS NZOIA,137,ENDEBESS,680,CHEPCHOINA,ROBINSON PRIMARY SCHOOL
26,TRANS NZOIA,137,ENDEBESS,680,CHEPCHOINA,KAYOS PRIMARY SCHOOL
26,TRANS NZOIA,137,ENDEBESS,680,CHEPCHOINA,KIETIKEI PRIMARY SCHOOL
26,TRANS NZOIA,137,ENDEBESS,680,CHEPCHOINA,KORONGA PRIMARY SCHOOL
26,TRANS NZOIA,137,ENDEBESS,680,CHEPCHOINA,ANDERSEN PRIMARY SCHOOL
26,TRANS NZOIA,137,ENDEBESS,680,CHEPCHOINA,NAUYABONG PRIMARY SCHOOL
26,TRANS NZOIA,137,ENDEBESS,680,CHEPCHOINA,LUTASO PRIMARY SCHOOL
26,TRANS NZOIA,137,ENDEBESS,680,CHEPCHOINA,CHERUBAI PRIMARY SCHOOL
26,TRANS NZOIA,137,ENDEBESS,680,CHEPCHOINA,NABEKI PRIMARY SCHOOL
26,TRANS NZOIA,137,ENDEBESS,680,CHEPCHOINA,KIBOSIT PRIMARY SCHOOL
26,TRANS NZOIA,137,ENDEBESS,680,CHEPCHOINA,NAMINIT PRIMARY SCHOOL
26,TRANS NZOIA,137,ENDEBESS,680,CHEPCHOINA,KAMAROKO PRIMARY SCHOOL
26,TRANS NZOIA,137,ENDEBESS,680,CHEPCHOINA,SAMUEL IMBUYE MEMORIAL PRIMARY SCHOOL
26,TRANS NZOIA,137,ENDEBESS,680,CHEPCHOINA,AIC CHEBEREM PRIMARY SCHOOL
26,TRANS NZOIA,137,ENDEBESS,681,ENDEBESS,CHORLIM PRIMARY SCHOOL
26,TRANS NZOIA,137,ENDEBESS,681,ENDEBESS,KIPTUM PRIMARY SCHOOL
26,TRANS NZOIA,137,ENDEBESS,681,ENDEBESS,CHEPTENTAN PRIMARY SCHOOL
26,TRANS NZOIA,137,ENDEBESS,681,ENDEBESS,ENDEBESS PRIMARY SCHOOL
26,TRANS NZOIA,137,ENDEBESS,681,ENDEBESS,SABWANI PRIMARY SCHOOL
26,TRANS NZOIA,137,ENDEBESS,681,ENDEBESS,KOKWO PRIMARY SCHOOL
26,TRANS NZOIA,137,ENDEBESS,681,ENDEBESS,TESTER BORNE PRIMARY SCHOOL
26,TRANS NZOIA,137,ENDEBESS,681,ENDEBESS,KIPSIBO PRIMARY SCHOOL
26,TRANS NZOIA,137,ENDEBESS,681,ENDEBESS,ENDEBESS ESTATE PRIMARY SCHOOL
26,TRANS NZOIA,137,ENDEBESS,681,ENDEBESS,MOSS PRIMARY SCHOOL
26,TRANS NZOIA,137,ENDEBESS,681,ENDEBESS,TULWOP KESIS PRIMARY SCHOOL
26,TRANS NZOIA,137,ENDEBESS,681,ENDEBESS,LURENDE NURSERY SCHOOL
26,TRANS NZOIA,137,ENDEBESS,681,ENDEBESS,FEEDLOT PRIMARY SCHOOL
26,TRANS NZOIA,137,ENDEBESS,682,MATUMBEI,MATUMBEI PRIMARY SCHOOL
26,TRANS NZOIA,137,ENDEBESS,682,MATUMBEI,CHEPTIKIT PRIMARY SCHOOL
26,TRANS NZOIA,137,ENDEBESS,682,MATUMBEI,TITIMET PRIMARY SCHOOL
26,TRANS NZOIA,137,ENDEBESS,682,MATUMBEI,BWALA PRIMARY SCHOOL
26,TRANS NZOIA,137,ENDEBESS,682,MATUMBEI,KIMWONDO PRIMARY SCHOOL
26,TRANS NZOIA,137,ENDEBESS,682,MATUMBEI,CHEMKENGEN PRIMARY SCHOOL
26,TRANS NZOIA,137,ENDEBESS,682,MATUMBEI,NALULINGO PRIMARY SCHOOL
26,TRANS NZOIA,137,ENDEBESS,682,MATUMBEI,NAMUCHULA PRIMARY SCHOOL
26,TRANS NZOIA,137,ENDEBESS,682,MATUMBEI,MUBERE PRIMARY SCHOOL
26,TRANS NZOIA,137,ENDEBESS,682,MATUMBEI,CHEPSALEI PRIMARY SCHOOL
26,TRANS NZOIA,137,ENDEBESS,682,MATUMBEI,CHESITIA PRIMARY SCHOOL
26,TRANS NZOIA,137,ENDEBESS,682,MATUMBEI,KAPKURES PRIMARY SCHOOL
26,TRANS NZOIA,137,ENDEBESS,682,MATUMBEI,KAIBEI PRIMARY SCHOOL
26,TRANS NZOIA,137,ENDEBESS,682,MATUMBEI,BASALE PRIMARY SCHOOL
26,TRANS NZOIA,137,ENDEBESS,682,MATUMBEI,LABOT PRIMARY SCHOOL
26,TRANS NZOIA,137,ENDEBESS,682,MATUMBEI,KITINDA PRIMARY SCHOOL
26,TRANS NZOIA,137,ENDEBESS,682,MATUMBEI,NABAKHWANA PRIMARY SCHOOL
26,TRANS NZOIA,137,ENDEBESS,682,MATUMBEI,CHEPKWIROT PRIMARY SCHOOL
26,TRANS NZOIA,138,SABOTI,683,KINYORO,PANGO PRIMARY SCHOOL
26,TRANS NZOIA,138,SABOTI,683,KINYORO,CHEPTUMBELIO PRIMARY SCHOOL
26,TRANS NZOIA,138,SABOTI,683,KINYORO,ST. BARNABA'S TELDET PRIMARY SCHOOL
26,TRANS NZOIA,138,SABOTI,683,KINYORO,LUANDA PRIMARY SCHOOL
26,TRANS NZOIA,138,SABOTI,683,KINYORO,KISAWAI PRIMARY SCHOOL
26,TRANS NZOIA,138,SABOTI,683,KINYORO,MILEMBE PRIMARY SCHOOL
26,TRANS NZOIA,138,SABOTI,683,KINYORO,AIC CHEPKUY
26,TRANS NZOIA,138,SABOTI,683,KINYORO,KINYORO PRIMARY SCHOOL
26,TRANS NZOIA,138,SABOTI,683,KINYORO,NAKAMI FRIENDS SECONDARY SCHOOL
26,TRANS NZOIA,138,SABOTI,683,KINYORO,MAKHELE PRIMARY SCHOOL
26,TRANS NZOIA,138,SABOTI,683,KINYORO,SIKULU PRIMARY SCHOOL
26,TRANS NZOIA,138,SABOTI,683,KINYORO,LUNGAI CEB
26,TRANS NZOIA,138,SABOTI,683,KINYORO,KATALEL PRIMARY SCHOOL
26,TRANS NZOIA,138,SABOTI,683,KINYORO,MANOR HOUSE AGRICULTURAL CENTRE
26,TRANS NZOIA,138,SABOTI,683,KINYORO,TUYOOKONY PRIMARY SCHOOL
26,TRANS NZOIA,138,SABOTI,683,KINYORO,SANGO PRIMARY SCHOOL
26,TRANS NZOIA,138,SABOTI,683,KINYORO,CHEPKOILEL PRIMARY SSCHOOL
26,TRANS NZOIA,138,SABOTI,684,MATISI,FRIENDS MATISI PRIMARY SCHOOL
26,TRANS NZOIA,138,SABOTI,684,MATISI,MATISI CATTLE DIP
26,TRANS NZOIA,138,SABOTI,684,MATISI,CHETOTO PRIMARY SCHOOL
26,TRANS NZOIA,138,SABOTI,684,MATISI,TOWN HALL
26,TRANS NZOIA,138,SABOTI,684,MATISI,GRASSLAND PRIMARY SCHOOL
26,TRANS NZOIA,138,SABOTI,684,MATISI,ST. JOSEPH'S BOYS SECONDARY SCHOOL
26,TRANS NZOIA,138,SABOTI,684,MATISI,TOP STATION PRIMARY SCHOOL
26,TRANS NZOIA,138,SABOTI,684,MATISI,KITALE MAIN PRISON
26,TRANS NZOIA,138,SABOTI,684,MATISI,KITALE FARM PRISON PRIMARY SCHOOL
26,TRANS NZOIA,138,SABOTI,685,TUWANI,TUWANI PRIMARY SCHOOL
26,TRANS NZOIA,138,SABOTI,685,TUWANI,EUGENE WAMALWA PRIMARY SCHOOL
26,TRANS NZOIA,138,SABOTI,685,TUWANI,ST. COLUMBUS PRIMARY SCHOOL
26,TRANS NZOIA,138,SABOTI,685,TUWANI,KITALE VOCATIONAL TRAINING CENTER
26,TRANS NZOIA,138,SABOTI,685,TUWANI,TRANS NZOIA COUNTY SOCIAL HALL GROUND
26,TRANS NZOIA,138,SABOTI,685,TUWANI,TRANS NZOIA PRIMARY SCHOOL
26,TRANS NZOIA,138,SABOTI,685,TUWANI,G.K. REMAND PRISON PRIMARY SCHOOL
26,TRANS NZOIA,138,SABOTI,686,SABOTI,ACK GITUAMBA PRIMARY SCHOOL
26,TRANS NZOIA,138,SABOTI,686,SABOTI,ST. JOHN'S SIKINWA PRIMARY SCHOOL
26,TRANS NZOIA,138,SABOTI,686,SABOTI,ST. JOHN'S SIKINWA SECONDARY SCHOOL
26,TRANS NZOIA,138,SABOTI,686,SABOTI,KIPSAGAM PRIMARY SCHOOL
26,TRANS NZOIA,138,SABOTI,686,SABOTI,MENGO PRIMARY SCHOOL
26,TRANS NZOIA,138,SABOTI,686,SABOTI,MUROKI FRIENDS PRIMARY SCHOOL
26,TRANS NZOIA,138,SABOTI,686,SABOTI,KAPRETWA PRIMARY SCHOOL
26,TRANS NZOIA,138,SABOTI,686,SABOTI,SUKWO PRIMARY SCHOOL
26,TRANS NZOIA,138,SABOTI,686,SABOTI,SABOTI CEB PRIMARY SCHOOL
26,TRANS NZOIA,138,SABOTI,686,SABOTI,ST. PATRICK'S PRIMARY SCHOOL-KOYKOY
26,TRANS NZOIA,138,SABOTI,687,MACHEWA,MT.ELGON PRIMARY SCHOOL
26,TRANS NZOIA,138,SABOTI,687,MACHEWA,MACHEWA PRIMARY SCHOOL
26,TRANS NZOIA,138,SABOTI,687,MACHEWA,CHEMI CHEMI PRIMARY SCHOOL
26,TRANS NZOIA,138,SABOTI,687,MACHEWA,MWITHA PRIMARY SCHOOL
26,TRANS NZOIA,138,SABOTI,687,MACHEWA,LUKESI PRIMARY SCHOOL
26,TRANS NZOIA,138,SABOTI,687,MACHEWA,LUKHOME FYM PRIMARY SCHOOL
26,TRANS NZOIA,138,SABOTI,687,MACHEWA,LUKOSI PRIMARY SCHOOL
26,TRANS NZOIA,139,KIMININI,688,KIMININI,KONOIN PRIMARY SCHOOL
26,TRANS NZOIA,139,KIMININI,688,KIMININI,NYAMIRA PRIMARY SCHOOL
26,TRANS NZOIA,139,KIMININI,688,KIMININI,MITOTO PRIMARY SCHOOL
26,TRANS NZOIA,139,KIMININI,688,KIMININI,KIMININI PRIMARY SCHOOL
26,TRANS NZOIA,139,KIMININI,688,KIMININI,WEKHONYE PRIMARY SCHOOL
26,TRANS NZOIA,139,KIMININI,688,KIMININI,NAKWANGWA PRIMARY SCHOOL
26,TRANS NZOIA,139,KIMININI,688,KIMININI,BIG TREE PRIMARY SCHOOL
26,TRANS NZOIA,139,KIMININI,688,KIMININI,SABATA PRIMARY SCHOOL
26,TRANS NZOIA,139,KIMININI,688,KIMININI,MESO PRIMARY SCHOOL
26,TRANS NZOIA,139,KIMININI,688,KIMININI,MBAO FARM PRIMARY SCHOOL
26,TRANS NZOIA,139,KIMININI,689,WAITALUK,KAPKOI SISAL PRIMARY SCHOOL
26,TRANS NZOIA,139,KIMININI,689,WAITALUK,AMAGORO PRIMARY SCHOOL
26,TRANS NZOIA,139,KIMININI,689,WAITALUK,WAITALUK PRIMARY SCHOOL
26,TRANS NZOIA,139,KIMININI,689,WAITALUK,MITONI MITATU PRIMARY SCHOOL
26,TRANS NZOIA,139,KIMININI,689,WAITALUK,NYABOMO PRIMARY SCHOOL
26,TRANS NZOIA,139,KIMININI,689,WAITALUK,KIBAGENGE PRIMARY SCHOOL
26,TRANS NZOIA,139,KIMININI,689,WAITALUK,MABONDE PRIMARY SCHOOL
26,TRANS NZOIA,139,KIMININI,689,WAITALUK,MOKOIYWET PRIMARY SCHOOL
26,TRANS NZOIA,139,KIMININI,689,WAITALUK,NAMGOI PRIMARY SCHOOL
26,TRANS NZOIA,139,KIMININI,689,WAITALUK,CHRIS WAMALWA PRIMARY SCHOOL
26,TRANS NZOIA,139,KIMININI,689,WAITALUK,ST STEPHEN MITAMBO PRIMARY SCHOOL
26,TRANS NZOIA,139,KIMININI,689,WAITALUK,SIMATWET PRIMARY SCHOOL
26,TRANS NZOIA,139,KIMININI,690,SIRENDE,KAPTIEN PRIMARY SCHOOL
26,TRANS NZOIA,139,KIMININI,690,SIRENDE,WEHOYA PRIMARY SCHOOL
26,TRANS NZOIA,139,KIMININI,690,SIRENDE,TOROR PRIMARY SCHOOL
26,TRANS NZOIA,139,KIMININI,690,SIRENDE,SIRENDE PRIMARY SCHOOL
26,TRANS NZOIA,139,KIMININI,690,SIRENDE,MISEMWA PRIMARY SCHOOL
26,TRANS NZOIA,139,KIMININI,690,SIRENDE,MACHUNGWA PRIMARY SCHOOL
26,TRANS NZOIA,139,KIMININI,690,SIRENDE,BIKEKE PRIMARY SCHOOL
26,TRANS NZOIA,139,KIMININI,690,SIRENDE,LUMULI PRIMARY SCHOOL
26,TRANS NZOIA,139,KIMININI,690,SIRENDE,SIBWANI PRIMARY SCHOOL
26,TRANS NZOIA,139,KIMININI,691,HOSPITAL,KIBOMET PIMARY SCHOOL
26,TRANS NZOIA,139,KIMININI,691,HOSPITAL,NAISAMBU PRIMARY SCHOOL
26,TRANS NZOIA,139,KIMININI,691,HOSPITAL,HILL PRIMARY SCHOOL
26,TRANS NZOIA,139,KIMININI,691,HOSPITAL,KITALE FOREST PRIMARY SCHOOL
26,TRANS NZOIA,139,KIMININI,691,HOSPITAL,KITALE LABOUR OFFICE
26,TRANS NZOIA,139,KIMININI,691,HOSPITAL,ST. PONSIANO CATHOLIC CHURCH
26,TRANS NZOIA,139,KIMININI,692,SIKHENDU,CHALICHA PRIMARY SCHOOL
26,TRANS NZOIA,139,KIMININI,692,SIKHENDU,WEONIA PRIMARY SCHOOL
26,TRANS NZOIA,139,KIMININI,692,SIKHENDU,SIKHENDU PRIMARY SCHOOL
26,TRANS NZOIA,139,KIMININI,692,SIKHENDU,KABUYEFWE PRIMARY SCHOOL
26,TRANS NZOIA,139,KIMININI,692,SIKHENDU,NAMANDA PRIMARY SCHOOL
26,TRANS NZOIA,139,KIMININI,693,NABISWA,MUFUTU PRIMARY SCHOOL
26,TRANS NZOIA,139,KIMININI,693,NABISWA,NABUNGA PRIMARY SCHOOL
26,TRANS NZOIA,139,KIMININI,693,NABISWA,NYASI PRIMARY SCHOOL
26,TRANS NZOIA,139,KIMININI,693,NABISWA,MASABA PRIMARY SCHOOL
26,TRANS NZOIA,139,KIMININI,693,NABISWA,NABISWA PRIMARY SCHOOL
26,TRANS NZOIA,139,KIMININI,693,NABISWA,BARATON PRIMARY SCHOOL